Title,Topic,Starts,Ends,All day,Multi day,Location,Address,Organizer,Cost,Online,Cancelled,URL,Description
Open Air 2026: Exhibition of Outdoor Sculpture and Installation,Arts and exhibits,2026-06-11 00:00,2026-10-04 00:00,True,True,,,Alexey von Schlippe Gallery of Art (University of Connecticut),Free,False,False,https://events.uconn.edu/alexey-von-schlippe-gallery-of-art/event/2211588-open-air-2026-exhibition-of-outdoor-sculpture-and,"Explore Open Air 2026, with seven new sculptures installed along the shoreline walkway of the UConn Avery Point campus."
Art by Dan Warren and Patricia Carrigan in Celeste LeWitt Gallery,Arts and exhibits,2026-08-06 00:00,2026-11-05 00:00,True,True,UConn Health,UConn Health,UConn Health (University of Connecticut),,False,False,https://events.uconn.edu/uconn-health/event/2256445-art-by-dan-warren-and-patricia-carrigan-in-celeste,"View works by Connecticut artists, Dan Warren and Patricia Carrigan in Celeste LeWitt Gallery at UConn Health (North side of our main dining facility)."
Hack For Humanity,Academic and research,2026-08-31 00:00,2026-09-30 00:00,True,True,,,School of Business (University of Connecticut),,False,False,https://events.uconn.edu/school-of-business/event/2320720-hack-for-humanity,"A one-day AI hackathon where multidisciplinary teams build working prototypes for real Connecticut civic challenges: things like local news deserts, food access, transit gaps, and cost of living. Teams get access to mentors, AI compute resources, and a full day of hands-on building, ending in five-minute presentations and audience voting. No prior hackathon experience is required. Beginners and ex"
Hands-Only Free CPR Training Kiosk,Health and wellness,2026-08-31 00:00,2026-09-30 00:00,True,True,Student Union,Student Union,Allied Health Sciences Department (University of Connecticut),,False,False,https://events.uconn.edu/allied-health-sciences-department/event/2300869-hands-only-free-cpr-training-kiosk,Through the month of September!!
Fall Walking Challenge,Sports and fitness,2026-09-21 08:00,2026-10-04 23:30,True,True,UConn Health,UConn Health,UConn Health (University of Connecticut),,False,False,https://events.uconn.edu/uconn-health/event/2331575-fall-walking-challenge,Get ready to step into healthier habits this fall! Registration: September 21 – October 4 Challenge: October 5 – November 1
Homecoming,Campus life,2026-09-27 06:00,2026-10-01 22:00,True,True,,,Fraternity and Sorority Development (University of Connecticut),,False,False,https://events.uconn.edu/fraternity-and-sorority-development/event/2219622-homecoming,https://homecoming.uconn.edu/
Jorgensen Gallery: “Flesh and Fable” Exhibition,Music and performance,2026-09-29 00:00,,True,False,Jorgensen Center,Jorgensen Center,Jorgensen Center for the Performing Arts (University of Connecticut),Free,False,False,https://events.uconn.edu/jorgensen-center-for-the-performing-arts/event/2406233-jorgensen-gallery-flesh-and-fable-exhibition,"Afarin Rahmanifar, M.F.A., is an Iranian American mixed-media artist, curator, educator, and Associate Professor of Painting and Drawing at Eastern Connecticut State University, where she has taught since 2013. Born in Iran and displaced after the 1979 Revolution, her work is shaped by themes of memory, exile, identity, and transformation. Using fragmented anatomical forms, Persian visual traditions, and the women of the Shahnameh, she examines how memory and cultural inheritance shape identity and belonging. Through painting, drawing, collage, textile, and mixed media, she layers and reconstructs the female body as an act of remembrance and reclamation— honoring women whose stories have been overlooked or silenced."
Jorgensen Gallery: “Flesh and Fable” Exhibition,Music and performance,2026-09-29 00:00,,True,False,Jorgensen Center,Jorgensen Center,Jorgensen Center for the Performing Arts (University of Connecticut),Free,False,False,https://events.uconn.edu/jorgensen-center-for-the-performing-arts/event/2406226-jorgensen-gallery-flesh-and-fable-exhibition,"Afarin Rahmanifar, M.F.A., is an Iranian American mixed-media artist, curator, educator, and Associate Professor of Painting and Drawing at Eastern Connecticut State University, where she has taught since 2013. Born in Iran and displaced after the 1979 Revolution, her work is shaped by themes of memory, exile, identity, and transformation. Using fragmented anatomical forms, Persian visual traditions, and the women of the Shahnameh, she examines how memory and cultural inheritance shape identity and belonging. Through painting, drawing, collage, textile, and mixed media, she layers and reconstructs the female body as an act of remembrance and reclamation— honoring women whose stories have been overlooked or silenced."
Jorgensen Gallery: “Flesh and Fable” Exhibition,Music and performance,2026-09-29 00:00,,True,False,Jorgensen Center,Jorgensen Center,Jorgensen Center for the Performing Arts (University of Connecticut),Free,False,False,https://events.uconn.edu/jorgensen-center-for-the-performing-arts/event/2406227-jorgensen-gallery-flesh-and-fable-exhibition,"Afarin Rahmanifar, M.F.A., is an Iranian American mixed-media artist, curator, educator, and Associate Professor of Painting and Drawing at Eastern Connecticut State University, where she has taught since 2013. Born in Iran and displaced after the 1979 Revolution, her work is shaped by themes of memory, exile, identity, and transformation. Using fragmented anatomical forms, Persian visual traditions, and the women of the Shahnameh, she examines how memory and cultural inheritance shape identity and belonging. Through painting, drawing, collage, textile, and mixed media, she layers and reconstructs the female body as an act of remembrance and reclamation— honoring women whose stories have been overlooked or silenced."
Jorgensen Gallery: “Flesh and Fable” Exhibition,Music and performance,2026-09-29 00:00,,True,False,Jorgensen Center,Jorgensen Center,Jorgensen Center for the Performing Arts (University of Connecticut),Free,False,False,https://events.uconn.edu/jorgensen-center-for-the-performing-arts/event/2406228-jorgensen-gallery-flesh-and-fable-exhibition,"Afarin Rahmanifar, M.F.A., is an Iranian American mixed-media artist, curator, educator, and Associate Professor of Painting and Drawing at Eastern Connecticut State University, where she has taught since 2013. Born in Iran and displaced after the 1979 Revolution, her work is shaped by themes of memory, exile, identity, and transformation. Using fragmented anatomical forms, Persian visual traditions, and the women of the Shahnameh, she examines how memory and cultural inheritance shape identity and belonging. Through painting, drawing, collage, textile, and mixed media, she layers and reconstructs the female body as an act of remembrance and reclamation— honoring women whose stories have been overlooked or silenced."
Jorgensen Gallery: “Flesh and Fable” Exhibition,Music and performance,2026-09-29 00:00,,True,False,Jorgensen Center,Jorgensen Center,Jorgensen Center for the Performing Arts (University of Connecticut),Free,False,False,https://events.uconn.edu/jorgensen-center-for-the-performing-arts/event/2406229-jorgensen-gallery-flesh-and-fable-exhibition,"Afarin Rahmanifar, M.F.A., is an Iranian American mixed-media artist, curator, educator, and Associate Professor of Painting and Drawing at Eastern Connecticut State University, where she has taught since 2013. Born in Iran and displaced after the 1979 Revolution, her work is shaped by themes of memory, exile, identity, and transformation. Using fragmented anatomical forms, Persian visual traditions, and the women of the Shahnameh, she examines how memory and cultural inheritance shape identity and belonging. Through painting, drawing, collage, textile, and mixed media, she layers and reconstructs the female body as an act of remembrance and reclamation— honoring women whose stories have been overlooked or silenced."
Jorgensen Gallery: “Flesh and Fable” Exhibition,Music and performance,2026-09-29 00:00,,True,False,Jorgensen Center,Jorgensen Center,Jorgensen Center for the Performing Arts (University of Connecticut),Free,False,False,https://events.uconn.edu/jorgensen-center-for-the-performing-arts/event/2406230-jorgensen-gallery-flesh-and-fable-exhibition,"Afarin Rahmanifar, M.F.A., is an Iranian American mixed-media artist, curator, educator, and Associate Professor of Painting and Drawing at Eastern Connecticut State University, where she has taught since 2013. Born in Iran and displaced after the 1979 Revolution, her work is shaped by themes of memory, exile, identity, and transformation. Using fragmented anatomical forms, Persian visual traditions, and the women of the Shahnameh, she examines how memory and cultural inheritance shape identity and belonging. Through painting, drawing, collage, textile, and mixed media, she layers and reconstructs the female body as an act of remembrance and reclamation— honoring women whose stories have been overlooked or silenced."
Jorgensen Gallery: “Flesh and Fable” Exhibition,Music and performance,2026-09-29 00:00,,True,False,Jorgensen Center,Jorgensen Center,Jorgensen Center for the Performing Arts (University of Connecticut),Free,False,False,https://events.uconn.edu/jorgensen-center-for-the-performing-arts/event/2406231-jorgensen-gallery-flesh-and-fable-exhibition,"Afarin Rahmanifar, M.F.A., is an Iranian American mixed-media artist, curator, educator, and Associate Professor of Painting and Drawing at Eastern Connecticut State University, where she has taught since 2013. Born in Iran and displaced after the 1979 Revolution, her work is shaped by themes of memory, exile, identity, and transformation. Using fragmented anatomical forms, Persian visual traditions, and the women of the Shahnameh, she examines how memory and cultural inheritance shape identity and belonging. Through painting, drawing, collage, textile, and mixed media, she layers and reconstructs the female body as an act of remembrance and reclamation— honoring women whose stories have been overlooked or silenced."
Jorgensen Gallery: “Flesh and Fable” Exhibition,Music and performance,2026-09-29 00:00,,True,False,Jorgensen Center,Jorgensen Center,Jorgensen Center for the Performing Arts (University of Connecticut),Free,False,False,https://events.uconn.edu/jorgensen-center-for-the-performing-arts/event/2406232-jorgensen-gallery-flesh-and-fable-exhibition,"Afarin Rahmanifar, M.F.A., is an Iranian American mixed-media artist, curator, educator, and Associate Professor of Painting and Drawing at Eastern Connecticut State University, where she has taught since 2013. Born in Iran and displaced after the 1979 Revolution, her work is shaped by themes of memory, exile, identity, and transformation. Using fragmented anatomical forms, Persian visual traditions, and the women of the Shahnameh, she examines how memory and cultural inheritance shape identity and belonging. Through painting, drawing, collage, textile, and mixed media, she layers and reconstructs the female body as an act of remembrance and reclamation— honoring women whose stories have been overlooked or silenced."
Sexpert Peer Health Educator Drop In Hours,Health and wellness,2026-09-29 09:00,2026-09-29 18:00,False,False,Wilson Hall South Building,Wilson Hall South Building,Student Health and Wellness (University of Connecticut),Free,False,False,https://events.uconn.edu/student-health-and-wellness/event/2388354-sexpert-peer-health-educator-drop-in-hours,"Have questions about sex? Need help connecting to sexual health resources? Just need someone to talk to about sex and relationships? Stop by Wilson Hall, South Campus, room 106 to connect with a Sexpert Peer Health Educator and a non-judgmental, welcoming space to discuss all things sex! For more information and to see our Fall 2026 hours, visit: studenthealth.uconn.edu/sexperts"
Career Tuesday In Person- Travelers,Career and jobs,2026-09-29 12:00,2026-09-29 14:30,False,False,School of Business,School of Business,School of Business Career Development (University of Connecticut),Free,False,False,https://events.uconn.edu/business-career-development/event/2324984-career-tuesday-in-person-travelers,Career Tuesdays IN PERSON at the School of Business . Come meet top employers who are hiring in a casual setting.
Holistic Huskies Mindfulness Drop-ins,Sports and fitness,2026-09-29 13:00,2026-09-29 15:00,False,False,Homer Babbidge Library,Homer Babbidge Library,Student Health and Wellness (University of Connecticut),Free,False,False,https://events.uconn.edu/student-health-and-wellness/event/2422233-holistic-huskies-mindfulness-drop-ins,Holistic Huskies Mindfulness sessions are held every Tuesdays from 1 pm – 3 pm in HBL room 1131. Drop-in! No appointment necessary.
"Tune In, Time Out: Library Mindfulness Lounge",Health and wellness,2026-09-29 13:00,2026-09-29 15:00,False,False,Homer Babbidge Library,Homer Babbidge Library,Libraries (University of Connecticut),Free,False,False,https://events.uconn.edu/libraries/event/2363985-tune-in-time-out-library-mindfulness-lounge,"Wherever you are in your life, whoever you are today, take a break from the noise in Homer Babbidge Library."
Bringing Joy into Social-Emotional Learning with Feel Your Best Self Feel Your Best Self,Academic and research,2026-09-29 13:15,2026-09-29 14:45,False,False,Vernon Cottage (Depot Campus),Vernon Cottage (Depot Campus),Center for Learning in Retirement (University of Connecticut),,False,False,https://events.uconn.edu/clir/event/2241732-bringing-joy-into-social-emotional-learning-with,"Feel Your Best Self offers joyful, easy-to-use, evidence-informed materials and products for kids and caregivers to learn emotion-coping strategies. Our award-winning toolkit—freely accessible online—centers on 12 strategies, learned through engaging stories by puppet friends as they navigate everyday situations. In this presentation, the speaker shares the rationale behind FYBS, reviews the available material, offers examples of use in your setting, and explores opportunities for participants to integrate. Emily Wicks, Ballard Institute and Museum of Puppetry, UConn CLIR is a fee-based program. Please visit clir.uconn.edu for more information."
Bringing Joy into Social-Emotional Learning with Feel Your Best Self Feel Your Best Self,Community and service,2026-09-29 13:15,2026-09-29 14:45,False,False,Vernon Cottage (Depot Campus),Vernon Cottage (Depot Campus),Extension (University of Connecticut),,False,False,https://events.uconn.edu/extension/event/2272516-bringing-joy-into-social-emotional-learning-with,"Feel Your Best Self offers joyful, easy-to-use, evidence-informed materials and products for kids and caregivers to learn emotion-coping strategies. Our award-winning toolkit—freely accessible online—centers on 12 strategies, learned through engaging stories by puppet friends as they navigate everyday situations. In this presentation, the speaker shares the rationale behind FYBS, reviews the available material, offers examples of use in your setting, and explores opportunities for participants to integrate. Emily Wicks, Ballard Institute and Museum of Puppetry, UConn CLIR is a fee-based program. Please visit clir.uconn.edu for more information."
Let’s Talk with Michelle,Health and wellness,2026-09-29 13:30,2026-09-29 14:30,False,False,Student Union,Student Union,Student Health and Wellness (University of Connecticut),,False,False,https://events.uconn.edu/live/events/2304867-lets-talk-with-michelle,"The Let’s Talk: Mental Health Office Hours program provides informal, confidential consultation with therapists from SHaW. The service is free of charge and offered on a first come, first served basis. More info like other dates, time and location can be found here."
Group Fitness Class – Yoga Flow,Sports and fitness,2026-09-29 14:00,2026-09-29 15:00,False,False,Student Recreation Center,Student Recreation Center,UConn Recreation (University of Connecticut),,False,False,https://events.uconn.edu/uconn-recreation/event/2460683-group-fitness-class-yoga-flow,"For the full class schedule, descriptions, and to register, please visit the UConn Recreation website."
IZone Lower Level-Closed Workshop,Arts and exhibits,2026-09-29 14:00,2026-09-29 16:00,False,False,Innovation Zone Makerspace,Innovation Zone Makerspace,Innovation Zone Makerspace (University of Connecticut),,False,False,https://events.uconn.edu/innovation-zone-makerspace/event/2455275-izone-lower-level-closed-workshop,IZone Lower Level Closed
UConn Stamford Food for Thought Nutrition Expo,Food and dining,2026-09-29 14:00,2026-09-29 16:00,False,False,UConn Stamford,UConn Stamford,Student Health and Wellness (University of Connecticut),Free,False,False,https://events.uconn.edu/live/events/2455274-uconn-stamford-food-for-thought-nutrition-expo,Make your own Taco Bowls Demo at 900 Washington Blvd. (Res Hall) on 9/29 from 2:00-4:0 PM. Free!
Group Fitness Class – Spin (45),Sports and fitness,2026-09-29 15:00,2026-09-29 15:45,False,False,Student Recreation Center,Student Recreation Center,UConn Recreation (University of Connecticut),,False,False,https://events.uconn.edu/uconn-recreation/event/2460682-group-fitness-class-spin-45,"For the full class schedule, descriptions, and to register, please visit the UConn Recreation website."
Intraoperative Neuromonitoring & Surgical Neurophysiology: Virtual Info Session,Music and performance,2026-09-29 15:00,2026-09-29 16:00,False,False,,,Professional Masters in Surgical Neurophysiology (University of Connecticut),,True,False,https://events.uconn.edu/professional-masters-in-surgical-neurophysiology/event/2305088-intraoperative-neuromonitoring-surgical,Join us for a virtual informational session for cohort 2027/28 to learn more about our Graduate Certificate and Master’s program. The program starts every summer in June. Dr. Payam Andalib and Dr. Radmila Filipovic will provide an overview of the program and discuss the field of Neuromonitoring. Attendees will also have a chance to ask specific questions in the chat. Register here
Group Fitness Class – Upper Body Sculpt (30),Sports and fitness,2026-09-29 15:15,2026-09-29 15:45,False,False,Student Recreation Center,Student Recreation Center,UConn Recreation (University of Connecticut),,False,False,https://events.uconn.edu/uconn-recreation/event/2460681-group-fitness-class-upper-body-sculpt-30,"For the full class schedule, descriptions, and to register, please visit the UConn Recreation website."
AAC Hartford Workshop: Talking To Professors,Academic and research,2026-09-29 15:30,,False,False,,,Academic Achievement Center (University of Connecticut),,False,False,https://events.uconn.edu/academic-achievement-center/event/2372956-aac-hartford-workshop-talking-to-professors,"Do you know how to effectively communicate with your professor? This workshop will provide strategies to improve your communication skills during office hours, sending emails, and what are the “right” questions that will prepare you for your test."
Interpersonal Group for Undergraduate Students,Health and wellness,2026-09-29 15:30,2026-09-29 16:30,False,False,Arjona Building,Arjona Building,Student Health and Wellness (University of Connecticut),Free,False,False,https://events.uconn.edu/student-health-and-wellness/event/2308742-interpersonal-group-for-undergraduate-students,"Group therapy provides clinical support to foster healing for students managing mental health concerns while supporting their academic success. Facilitated by Mental Health providers, groups are designed to promote emotional well-being and increase connection and belonging. To join any group therapy session, please call SHaW at 860-486-4700. More info about SHaW’s Group Sessions."
MCB Seminar Series: Olga Zhaxybayeva,Academic and research,2026-09-29 15:30,,False,False,Biology/Physics Building,Biology/Physics Building,Molecular and Cell Biology (University of Connecticut),,False,False,https://events.uconn.edu/molecular-and-cell-biology/event/2274915-mcb-seminar-series-olga-zhaxybayeva,
AAC Storrs Workshop: Prioritization Techniques,Academic and research,2026-09-29 16:00,,False,False,Rowe Center,Rowe Center,Academic Achievement Center (University of Connecticut),,False,False,https://events.uconn.edu/academic-achievement-center/event/2371939-aac-storrs-workshop-prioritization-techniques,Review different approaches to the same task list and the one you employ in ideal settings and when overwhelmed. Explore strategies to organize your priorities.
ABP Virtual Information Session,Academic and research,2026-09-29 16:00,2026-09-29 17:00,False,False,,,School of Business (University of Connecticut),,True,False,https://events.uconn.edu/school-of-business/event/2262003-abp-virtual-information-session,"As you consider an accelerated business program at UConn, it is extremely important that you can make an informed choice. Attending a virtual information session is a valuable way to gather the missing pieces. The ABP Virtual Information Sessions are an ideal opportunity to learn first-hand about all of our Graduate FinTech Program offerings and hear from admissions representatives who can answer your questions about pursuing this degree. Register Here"
Group Fitness Class – Power Yoga,Sports and fitness,2026-09-29 16:00,2026-09-29 17:00,False,False,Student Recreation Center,Student Recreation Center,UConn Recreation (University of Connecticut),,False,False,https://events.uconn.edu/uconn-recreation/event/2460678-group-fitness-class-power-yoga,"For the full class schedule, descriptions, and to register, please visit the UConn Recreation website."
Group Fitness Class – Spin (45),Sports and fitness,2026-09-29 16:00,2026-09-29 16:45,False,False,Student Recreation Center,Student Recreation Center,UConn Recreation (University of Connecticut),,False,False,https://events.uconn.edu/uconn-recreation/event/2460679-group-fitness-class-spin-45,"For the full class schedule, descriptions, and to register, please visit the UConn Recreation website."
Group Fitness Class – Total Body Strength,Sports and fitness,2026-09-29 16:00,2026-09-29 17:00,False,False,Student Recreation Center,Student Recreation Center,UConn Recreation (University of Connecticut),,False,False,https://events.uconn.edu/uconn-recreation/event/2460680-group-fitness-class-total-body-strength,"For the full class schedule, descriptions, and to register, please visit the UConn Recreation website."
Pet Therapy at Cordial Storrs House,Health and wellness,2026-09-29 16:00,2026-09-29 18:00,False,False,Cordial Storrs House,Cordial Storrs House,Student Health and Wellness (University of Connecticut),Free,False,False,https://events.uconn.edu/student-health-and-wellness/event/2337120-pet-therapy-at-cordial-storrs-house,"Take a break from your schoolwork and come spend a little time with one of the therapy dogs from Tails of Joy. Pet Therapy is known to reduce stress, anxiety and to build empathy."
VII Summer 2027 Jobs Information Session,Career and jobs,2026-09-29 16:00,2026-09-29 18:00,False,False,,,College of Engineering (University of Connecticut),Free,True,False,https://events.uconn.edu/engineering/event/2460076-vii-summer-2027-jobs-information-session,"Become a Coach, Counselor or Tutor for our 2027 Summer Programs! Come learn about what the jobs entails and how to apply."
Group Fitness Class – Dance Sculpt,Sports and fitness,2026-09-29 17:00,2026-09-29 18:00,False,False,Student Recreation Center,Student Recreation Center,UConn Recreation (University of Connecticut),,False,False,https://events.uconn.edu/uconn-recreation/event/2460676-group-fitness-class-dance-sculpt,"For the full class schedule, descriptions, and to register, please visit the UConn Recreation website."
Group Fitness Class – Spin,Sports and fitness,2026-09-29 17:00,2026-09-29 18:00,False,False,Student Recreation Center,Student Recreation Center,UConn Recreation (University of Connecticut),,False,False,https://events.uconn.edu/uconn-recreation/event/2460677-group-fitness-class-spin,"For the full class schedule, descriptions, and to register, please visit the UConn Recreation website."
President’s Forum,Campus life,2026-09-29 17:00,,False,False,,,Fraternity and Sorority Development (University of Connecticut),,False,False,https://events.uconn.edu/fraternity-and-sorority-development/event/2219624-presidents-forum,
Group Fitness Class – Core Conditioning (30),Sports and fitness,2026-09-29 17:15,2026-09-29 17:45,False,False,Student Recreation Center,Student Recreation Center,UConn Recreation (University of Connecticut),,False,False,https://events.uconn.edu/uconn-recreation/event/2460674-group-fitness-class-core-conditioning-30,"For the full class schedule, descriptions, and to register, please visit the UConn Recreation website."
Group Fitness Class – Yoga Flow,Sports and fitness,2026-09-29 17:15,2026-09-29 18:15,False,False,Student Recreation Center,Student Recreation Center,UConn Recreation (University of Connecticut),,False,False,https://events.uconn.edu/uconn-recreation/event/2460675-group-fitness-class-yoga-flow,"For the full class schedule, descriptions, and to register, please visit the UConn Recreation website."
Appellate Attorney Networking Panel,Career and jobs,2026-09-29 17:30,,False,False,Hosmer Hall,Hosmer Hall,Law School (University of Connecticut),,False,False,https://events.uconn.edu/law-school/event/2395198-appellate-attorney-networking-panel,"The Connecticut Moot Court Board will be hosting a panel of appellate attorneys with experience in various areas of law. Attorneys from diverse backgrounds will come together to discuss appellate litigation and answer a range of questions. Prior to the panel, there will be an opportunity to network."
Group Fitness Class – Stretch & Foam Roll (30),Sports and fitness,2026-09-29 17:30,2026-09-29 18:00,False,False,Student Recreation Center,Student Recreation Center,UConn Recreation (University of Connecticut),,False,False,https://events.uconn.edu/uconn-recreation/event/2460673-group-fitness-class-stretch-foam-roll-30,"For the full class schedule, descriptions, and to register, please visit the UConn Recreation website."
Anastomoses Interest Meeting,Health and wellness,2026-09-29 18:00,2026-09-29 19:00,False,False,UConn Health,UConn Health,UConn Health Medical Dental Student Government (University of Connecticut),,False,False,https://events.uconn.edu/uconn-health-medical-dental-student-government/event/2358926-anastomoses-interest-meeting,UConn Health’s Anastomoses is a student-run literary and creative writing group. We will be holding our first interest/general body meeting. Come by to hear more about the group and ways to get involved!
Fall 2027 JD Application Preview,Academic and research,2026-09-29 18:00,2026-09-29 19:00,False,False,,,Law School (University of Connecticut),,True,False,https://events.uconn.edu/law-school/event/2283617-fall-2027-jd-application-preview,"Join us for the first session in our three-part admissions series and discover what UConn Law has to offer. Learn about our curriculum, experiential learning opportunities, study abroad programs, student organizations, and more. This interactive session will also include plenty of time to ask questions and connect with members of the admissions team."
Group Fitness Class – 50/50,Sports and fitness,2026-09-29 18:00,2026-09-29 19:00,False,False,Student Recreation Center,Student Recreation Center,UConn Recreation (University of Connecticut),,False,False,https://events.uconn.edu/uconn-recreation/event/2460672-group-fitness-class-5050,"For the full class schedule, descriptions, and to register, please visit the UConn Recreation website."
Group Fitness Class – Power Barre,Sports and fitness,2026-09-29 18:15,2026-09-29 19:15,False,False,Student Recreation Center,Student Recreation Center,UConn Recreation (University of Connecticut),,False,False,https://events.uconn.edu/uconn-recreation/event/2460669-group-fitness-class-power-barre,"For the full class schedule, descriptions, and to register, please visit the UConn Recreation website."
Group Fitness Class – Spin,Sports and fitness,2026-09-29 18:15,2026-09-29 19:15,False,False,Student Recreation Center,Student Recreation Center,UConn Recreation (University of Connecticut),,False,False,https://events.uconn.edu/uconn-recreation/event/2460670-group-fitness-class-spin,"For the full class schedule, descriptions, and to register, please visit the UConn Recreation website."
Group Fitness Class – Gentle Yoga,Sports and fitness,2026-09-29 18:30,2026-09-29 19:30,False,False,Student Recreation Center,Student Recreation Center,UConn Recreation (University of Connecticut),,False,False,https://events.uconn.edu/uconn-recreation/event/2460668-group-fitness-class-gentle-yoga,"For the full class schedule, descriptions, and to register, please visit the UConn Recreation website."
Group Fitness Class – ABC (45),Sports and fitness,2026-09-29 19:15,2026-09-29 20:00,False,False,Student Recreation Center,Student Recreation Center,UConn Recreation (University of Connecticut),,False,False,https://events.uconn.edu/uconn-recreation/event/2460667-group-fitness-class-abc-45,"For the full class schedule, descriptions, and to register, please visit the UConn Recreation website."
Group Fitness Class – Dance Fit (45),Sports and fitness,2026-09-29 19:30,2026-09-29 20:15,False,False,Student Recreation Center,Student Recreation Center,UConn Recreation (University of Connecticut),,False,False,https://events.uconn.edu/uconn-recreation/event/2460665-group-fitness-class-dance-fit-45,"For the full class schedule, descriptions, and to register, please visit the UConn Recreation website."
Group Fitness Class – Spin (45),Sports and fitness,2026-09-29 19:30,2026-09-29 20:15,False,False,Student Recreation Center,Student Recreation Center,UConn Recreation (University of Connecticut),,False,False,https://events.uconn.edu/uconn-recreation/event/2460666-group-fitness-class-spin-45,"For the full class schedule, descriptions, and to register, please visit the UConn Recreation website."
Jorgensen Gallery: “Flesh and Fable” Exhibition,Music and performance,2026-09-30 00:00,,True,False,Jorgensen Center,Jorgensen Center,Jorgensen Center for the Performing Arts (University of Connecticut),Free,False,False,https://events.uconn.edu/jorgensen-center-for-the-performing-arts/event/2406234-jorgensen-gallery-flesh-and-fable-exhibition,"Afarin Rahmanifar, M.F.A., is an Iranian American mixed-media artist, curator, educator, and Associate Professor of Painting and Drawing at Eastern Connecticut State University, where she has taught since 2013. Born in Iran and displaced after the 1979 Revolution, her work is shaped by themes of memory, exile, identity, and transformation. Using fragmented anatomical forms, Persian visual traditions, and the women of the Shahnameh, she examines how memory and cultural inheritance shape identity and belonging. Through painting, drawing, collage, textile, and mixed media, she layers and reconstructs the female body as an act of remembrance and reclamation— honoring women whose stories have been overlooked or silenced."
"Statistics Colloquium: From Stationary Points to Global Structure: Constrained Maximum Likelihood Estimation and Haplotype Phasing, by Derek Aguiar (UConn)",Academic and research,2026-09-30 00:00,,True,False,,,Statistics (University of Connecticut),,False,False,https://events.uconn.edu/statistics/event/2432812-statistics-colloquium-from-stationary-points-to,"Title: From Stationary Points to Global Structure: Constrained Maximum Likelihood Estimation and Haplotype Phasing Speaker: Derek Aguiar, Associate Professor, School of Computing, University of Connecticut Time: 3:30 PM - 4:30 PM, Austin 105, Wednesday, September 30, 2026"
Group Fitness Class – Spin (45),Sports and fitness,2026-09-30 06:45,2026-09-30 07:30,False,False,Student Recreation Center,Student Recreation Center,UConn Recreation (University of Connecticut),,False,False,https://events.uconn.edu/uconn-recreation/event/2460664-group-fitness-class-spin-45,"For the full class schedule, descriptions, and to register, please visit the UConn Recreation website."
Group Fitness Class – 50/50,Sports and fitness,2026-09-30 07:00,2026-09-30 08:00,False,False,Student Recreation Center,Student Recreation Center,UConn Recreation (University of Connecticut),,False,False,https://events.uconn.edu/uconn-recreation/event/2460663-group-fitness-class-5050,"For the full class schedule, descriptions, and to register, please visit the UConn Recreation website."
Group Fitness Class – Spin,Sports and fitness,2026-09-30 08:00,2026-09-30 09:00,False,False,Student Recreation Center,Student Recreation Center,UConn Recreation (University of Connecticut),,False,False,https://events.uconn.edu/uconn-recreation/event/2460662-group-fitness-class-spin,"For the full class schedule, descriptions, and to register, please visit the UConn Recreation website."
DONUT Miss the Career Fair! (Career Fair Prep Event),Career and jobs,2026-09-30 08:30,2026-09-30 10:30,False,False,"1 University Place, Stamford, CT, UConn Stamford campus, Concourse (in front of the Career Center 1.17)","1 University Place, Stamford, CT, UConn Stamford campus, Concourse (in front of the Career Center 1.17)",Center for Career Development (University of Connecticut),,False,False,https://events.uconn.edu/center-for-career-development/event/2253399-donut-miss-the-career-fair-career-fair-prep-event,"Don’t miss out on this sweet opportunity to get career-ready! Drop by for essential tips on preparing for the upcoming Fall Career Fair. Learn what to expect and enjoy a free donut! This event is hosted by the Center for Career Readiness and Life Skills, with generous support from the Goddard School. Register here"
Continuing Education - Clinical Documentation for Mental Health Professionals,Health and wellness,2026-09-30 09:00,2026-09-30 12:00,False,False,,,School of Social Work (University of Connecticut),,True,False,https://events.uconn.edu/school-of-social-work/event/2296201-continuing-education-clinical-documentation-for,Continuing Education seminar for Social Work professionals. Participants earn Continuing Education Credits (CECs) for re-licensure.
Sexpert Peer Health Educator Drop In Hours,Health and wellness,2026-09-30 09:00,2026-09-30 18:00,False,False,Wilson Hall South Building,Wilson Hall South Building,Student Health and Wellness (University of Connecticut),Free,False,False,https://events.uconn.edu/student-health-and-wellness/event/2388355-sexpert-peer-health-educator-drop-in-hours,"Have questions about sex? Need help connecting to sexual health resources? Just need someone to talk to about sex and relationships? Stop by Wilson Hall, South Campus, room 106 to connect with a Sexpert Peer Health Educator and a non-judgmental, welcoming space to discuss all things sex! For more information and to see our Fall 2026 hours, visit: studenthealth.uconn.edu/sexperts"
Vendor Workshop: Venngage Infographics,Academic and research,2026-09-30 09:30,2026-09-30 10:30,False,False,,,Information Technology Services (University of Connecticut),,True,False,https://events.uconn.edu/information-technology-services/event/2397473-vendor-workshop-venngage-infographics,"Venngage, an alternative to Canva, will walk you through key accessibility features, best practices, and practical steps to ensure your content meets compliance standards. They will equip you with the tools and knowledge needed to design flyers and other content for everyone. Use the Venngage Infographic link to register and view other workshops at the IT Accessibility website."
VaMP Meet and Greet @ Avery Point,Community and service,2026-09-30 10:00,2026-09-30 14:00,False,False,Library (Avery Point),Library (Avery Point),UConn Veterans & Military Programs (University of Connecticut),,False,False,https://events.uconn.edu/veterans-and-military-programs/event/2230428-vamp-meet-and-greet-avery-point,Stop by for a cup of coffee as you meet the Veterans and Military Programs team at the UConn Avery Point OAISIS! We’ll be available to answer questions and address concerns you may have regarding education benefits and other military-related subjects. We look forward to meeting with you!
PNB Seminar Series: Dr. Pedro Miura,Academic and research,2026-09-30 10:30,2026-09-30 11:30,False,False,Torrey Life Sciences Building,Torrey Life Sciences Building,Physiology & Neurobiology (University of Connecticut),Free,False,False,https://events.uconn.edu/physiology-neurobiology/event/2245607-pnb-seminar-series-dr-pedro-miura,"On Wednesday, September 30, 2026, Dr. Pedro Miura will be here at UConn Physiology and Neurobiology from UConn Health, hosted by Dr. Karen Menuz. Their seminar talk title will be announced shortly."
Gelf Soul Food Lunch,Food and dining,2026-09-30 11:00,2026-09-30 15:00,False,False,,,Dining Services (University of Connecticut),,False,False,https://events.uconn.edu/dining-services/event/2426546-gelf-soul-food-lunch,Soul food lunch by Chef Lucy!
Algebra Seminar - Heavenly Elliptic Curves over Cubic Field - Suzanne O’Hara (Wesleyan University),Academic and research,2026-09-30 11:15,2026-09-30 12:05,False,False,,,,,False,False,https://events.uconn.edu/mathematics-department/event/2450620-algebra-seminar-heavenly-elliptic-curves-over,
Group Fitness Class – Spin (45),Sports and fitness,2026-09-30 11:45,2026-09-30 12:30,False,False,Student Recreation Center,Student Recreation Center,UConn Recreation (University of Connecticut),,False,False,https://events.uconn.edu/uconn-recreation/event/2460661-group-fitness-class-spin-45,"For the full class schedule, descriptions, and to register, please visit the UConn Recreation website."
Connect in the Café: Federal Bureau of Investigation,Academic and research,2026-09-30 12:00,2026-09-30 14:00,False,False,Thomas J. Meskill Law Library,Thomas J. Meskill Law Library,Law School (University of Connecticut),,False,False,https://events.uconn.edu/law-school/event/2401659-connect-in-the-cafe-federal-bureau-of,"Join us for Connect in the Café, a program hosted by the Center for Career Development. Throughout the semester, government agencies and public sector organizations visit the café to meet informally with law students. Interested in exploring careers in government and public service? Stop by to learn about the Federal Bureau of Investigation (FBI), its mission, career pathways, and the day-to-day work of its attorneys and other professionals. Connect directly with FBI representatives, in an informal setting where you can ask questions, make valuable connections, and gain insight into careers in federal law enforcement and public service."
Info Session - Licensed Professional Counselor (LPC) Certificate Program,Academic and research,2026-09-30 12:00,2026-09-30 12:45,False,False,,,Neag School of Education (University of Connecticut),,True,False,https://events.uconn.edu/neag-school-of-education/event/2240976-info-session-licensed-professional-counselor-lpc-cer,UConn’s Licensed Professional Counselor (LPC) Online Graduate Certificate is an 18-credit program providing supplemental academic qualifications required to apply to become a Licensed Professional Counselor (LPC) within the State of Connecticut. The LPC virtual info sessions are held via WebEx. Please register on the Graduate School’s website.
Marine Sciences Brown Bag,Academic and research,2026-09-30 12:00,2026-09-30 12:30,False,False,,,Marine Sciences Department (University of Connecticut),Free,True,False,https://events.uconn.edu/marine-sciences-department/event/2359037,https://marinesciences.uconn.edu/seminar/brownbag1268/ Please email Erin for the link to join online.
Neuroscience Journal Club - Bhattacharya,Academic and research,2026-09-30 12:00,2026-09-30 13:00,False,False,E4036,E4036,Neuroscience Department (University of Connecticut),,False,False,https://events.uconn.edu/neuroscience/event/2260298-neuroscience-journal-club-bhattacharya,"MEDS 6497 Neuroscience Journal Club “The APOE isoforms differentially shape the transcriptomic and epigenomic landscapes of human microglia xenografted into a mouse model of Alzheimer’s disease.” Presenter: Moumita Bhattacharya, Yan Lab Course Co-Directors: Paola Bargagna-Mohan: bargagna-mohan@uchc.edu Alice Burghard: burghard@uchc.edu"
Perusall: The Basics,Academic and research,2026-09-30 12:00,,False,False,,,Center for Excellence in Teaching and Learning (CETL) (University of Connecticut),,True,False,https://events.uconn.edu/center-for-excellence-in-teaching-and-learning/event/2253893-perusall-the-basics,"This workshop will cover the basics of Perusall, a social annotation tool. Participants will learn how to integrate Perusall into HuskyCT, request ebooks, create assignments, and grade in Perusall. Register - https://fins.uconn.edu/secure_inst/workshops/workshop_view.php?ser=3931"
Group Fitness Class – Fall 2026 - Small Group Hybrid Fitness Training - Session 2 (Mon/Wed 12:05pm) w/ Delaney,Sports and fitness,2026-09-30 12:05,2026-09-30 12:55,False,False,Student Recreation Center,Student Recreation Center,UConn Recreation (University of Connecticut),,False,False,https://events.uconn.edu/uconn-recreation/event/2460658-group-fitness-class-fall-2026-small-group,"For the full class schedule, descriptions, and to register, please visit the UConn Recreation website."
Group Fitness Class – Total Body Strength (45),Sports and fitness,2026-09-30 12:05,2026-09-30 12:50,False,False,Student Recreation Center,Student Recreation Center,UConn Recreation (University of Connecticut),,False,False,https://events.uconn.edu/uconn-recreation/event/2460659-group-fitness-class-total-body-strength-45,"For the full class schedule, descriptions, and to register, please visit the UConn Recreation website."
Group Fitness Class – Yoga Flow (45),Sports and fitness,2026-09-30 12:05,2026-09-30 12:50,False,False,Student Recreation Center,Student Recreation Center,UConn Recreation (University of Connecticut),,False,False,https://events.uconn.edu/uconn-recreation/event/2460660-group-fitness-class-yoga-flow-45,"For the full class schedule, descriptions, and to register, please visit the UConn Recreation website."
"Department Meeting - PTR, tenured faculty only",Academic and research,2026-09-30 12:15,2026-09-30 14:15,False,False,Walter Childs Wood Hall,Walter Childs Wood Hall,History Department (University of Connecticut),,False,False,https://events.uconn.edu/history-department/event/2234405-department-meeting-ptr-tenured-faculty-only,In Person and Virtual Virtual meeting link forthcoming
"Community-Engaged Scholarship in Promotion, Tenure, and Reappointment",Community and service,2026-09-30 12:30,2026-09-30 13:30,False,False,,,Office of Outreach & Engagement (University of Connecticut),,True,False,https://events.uconn.edu/live/events/2320721-community-engaged-scholarship-in-promotion-tenure,"Community-Engaged Scholarship in Promotion, Tenure, and Reappointment"
Drop In Research Session,Academic and research,2026-09-30 12:30,,False,False,Law Library Lab,Law Library Lab,Law Library Lab (University of Connecticut),,False,False,https://events.uconn.edu/law-library-lab/event/2272983-drop-in-research-session,"Drop in at the Law Library Lab or join on Webex anytime during this hour to ask any and all research, Bluebook, or sourcing questions. This session is hosted by Jessica Panella."
IALS General Body Meeting,Academic and research,2026-09-30 12:30,,False,False,Thomas J. Meskill Law Library,Thomas J. Meskill Law Library,Law School (University of Connecticut),,False,False,https://events.uconn.edu/law-school/event/2394103-ials-general-body-meeting,"General body Meeting of the Irish American Law Society. All are welcome to join us to celebrate Irish culture and history, including those interested in becoming a 1L Representative."
Prophets of Transitional Justice vs. Priests of the Rule of Law: How Struggles in the Legal Field Affect Political Regime Transformations,Academic and research,2026-09-30 12:30,,False,False,Herbst Hall,Herbst Hall,Political Science (University of Connecticut),,False,False,https://events.uconn.edu/political-science/event/2372872-prophets-of-transitional-justice-vs-priests-of-the,"In this research project, Lazarev (Yale University) asks how struggles within the legal profession shape political regime change, and transitional justice in particular. Drawing on Armenia after the 2018 Velvet Revolution, it shows how “rebel lawyers” from the human rights milieu imported an ambitious transitional justice agenda — and how a legal establishment formed under authoritarian rule defea"
Free Flu Shots,Health and wellness,2026-09-30 13:00,2026-09-30 16:00,False,False,Hilda May Williams Building,Hilda May Williams Building,Student Health and Wellness (University of Connecticut),,False,False,https://events.uconn.edu/live/events/2341448-free-flu-shots,Schedule your appointment by going to myhealth.uconn.edu Please note: online scheduling will open one week before each date. HAVE YOU GOTTEN YOUR FLU SHOT? Vaccination is one of the best ways to protect against influenza. CDC’s Advisory Committee on Immunization Practices recommends that every American older than 6 months of age get vaccinated against the flu.
Headshots & Hot Fudge,Career and jobs,2026-09-30 13:00,2026-09-30 15:00,False,False,Wilbur Cross,Wilbur Cross,Center for Career Development (University of Connecticut),,False,False,https://events.uconn.edu/center-for-career-development/event/2280244-headshots-hot-fudge,"Start your UConn journey with a professional headshot and *free ice cream! Meet the Center for Career Readiness and Life Skills team and learn how we can help you choose a major, explore careers, gain experience, and prepare for internships, jobs, and life after graduation. *Ice cream is available while supplies last."
UConn Hartford Campus Forum,Academic and research,2026-09-30 13:00,2026-09-30 14:00,False,False,Hartford Times Building (Hartford),Hartford Times Building (Hartford),UConn Hartford (University of Connecticut),,False,False,https://events.uconn.edu/uconn-hartford/event/2387458-uconn-hartford-campus-forum,"An opportunity to connect, share campus information and engage in conversation in this new academic year."
A Journey and a Joining,Academic and research,2026-09-30 13:15,2026-09-30 14:45,False,False,Vernon Cottage (Depot Campus),Vernon Cottage (Depot Campus),Center for Learning in Retirement (University of Connecticut),,False,False,https://events.uconn.edu/clir/event/2241733-a-journey-and-a-joining,"In this 90-minute storytelling workshop Professor Mama will give a 30-minute presentation that includes telling an interactive story and offers tips on the bssics of storytelling. Following the lecture, the participants will form groups of 3 or 4, and each group will be given about half an hour to work on a story to be performed as part of the workshop. Each performance will last no more than 5 minutes and must incorporate some of the things the participants have learned about storytelling during the workshop. Raouf Mama, Professor, Department of English, ECSU CLIR is a fee-based program. Please visit clir.uconn.edu for more information."
A Journey and a Joining,Community and service,2026-09-30 13:15,2026-09-30 14:45,False,False,Vernon Cottage (Depot Campus),Vernon Cottage (Depot Campus),Extension (University of Connecticut),,False,False,https://events.uconn.edu/extension/event/2272515-a-journey-and-a-joining,"In this 90-minute storytelling workshop Professor Mama will give a 30-minute presentation that includes telling an interactive story and offers tips on the bssics of storytelling. Following the lecture, the participants will form groups of 3 or 4, and each group will be given about half an hour to work on a story to be performed as part of the workshop. Each performance will last no more than 5 minutes and must incorporate some of the things the participants have learned about storytelling during the workshop. Raouf Mama, Professor, Department of English, ECSU CLIR is a fee-based program. Please visit clir.uconn.edu for more information."
CISS Coffee Hour: Dominican Republic,Food and dining,2026-09-30 13:30,2026-09-30 14:30,False,False,Center for International Students & Scholar Services (CISS),Center for International Students & Scholar Services (CISS),International Student & Scholar Services (University of Connecticut),,False,False,https://events.uconn.edu/international-student-scholar-services/event/2223353-ciss-coffee-hour-dominican-republic,At CISS Coffee Hour the UConn community can learn about different cultural perspectives through presentations and snacks. Great opportunity to network and make friends. All are welcome! Hosted by the International Student and Scholar Services.
CISS Coffee Hour: Dominican Republic,Food and dining,2026-09-30 13:30,2026-09-30 14:30,False,False,"CISS, 2019 Hillside Road, Storrs, CT 06269","CISS, 2019 Hillside Road, Storrs, CT 06269",Honors Program (University of Connecticut),Free,False,False,https://events.uconn.edu/honors-program/event/2407195-ciss-coffee-hour-dominican-republic,At CISS Coffee Hour the UConn community can learn about different cultural perspectives through presentations and snack. This is a chance to make friends. All are welcome! Hosted by the Center for International Student and Scholars. The coffee hour theme is the Dominican Republic. A student from the DR will be providing a cultural presentation about his country.
Let’s Talk Online with Graciela,Health and wellness,2026-09-30 13:30,2026-09-30 14:30,False,False,,,Student Health and Wellness (University of Connecticut),,True,False,https://events.uconn.edu/student-health-and-wellness/event/2304881-lets-talk-online-with-graciela,"The Let’s Talk: Mental Health Office Hours program provides informal, confidential consultation with therapists from SHaW. The service is free of charge and offered on a first come, first served basis. More info like other dates, time and location can be found here."
IZone Lower Level-Closed Workshop,Arts and exhibits,2026-09-30 14:00,2026-09-30 15:30,False,False,Innovation Zone Makerspace,Innovation Zone Makerspace,Innovation Zone Makerspace (University of Connecticut),,False,False,https://events.uconn.edu/innovation-zone-makerspace/event/2455281-izone-lower-level-closed-workshop,IZone Lower Level Closed for Workshop
Poetry in the Stacks with Trace Peterson,Academic and research,2026-09-30 14:00,2026-09-30 15:00,False,False,UConn Stamford,UConn Stamford,UConn Stamford (University of Connecticut),,False,False,https://events.uconn.edu/uconn-stamford/event/2364581-poetry-in-the-stacks-with-trace-peterson,"A poetry reading and Q&A with poet/Professor Trace Peterson about her new book, The Valleys Are So Lush and Steep."
Interpersonal Group for Graduate Students,Health and wellness,2026-09-30 14:30,2026-09-30 16:00,False,False,Arjona Building,Arjona Building,Student Health and Wellness (University of Connecticut),Free,False,False,https://events.uconn.edu/live/events/2308723-interpersonal-group-for-graduate-students,"Group therapy provides clinical support to foster healing for students managing mental health concerns while supporting their academic success. Facilitated by Mental Health providers, groups are designed to promote emotional well-being and increase connection and belonging. To join any group therapy session, please call SHaW at 860-486-4700. More info about SHaW’s Group Sessions."
Group Fitness Class – Spin & Core,Sports and fitness,2026-09-30 15:00,2026-09-30 16:00,False,False,Student Recreation Center,Student Recreation Center,UConn Recreation (University of Connecticut),,False,False,https://events.uconn.edu/uconn-recreation/event/2460657-group-fitness-class-spin-core,"For the full class schedule, descriptions, and to register, please visit the UConn Recreation website."
Interleaf: A Scholarly Writing Group,Academic and research,2026-09-30 15:00,2026-09-30 17:00,False,False,Homer Babbidge Library,Homer Babbidge Library,Libraries (University of Connecticut),Free,False,False,https://events.uconn.edu/libraries/event/2364570-interleaf-a-scholarly-writing-group,"A space for graduate students, postdocs, and all scholars engaged in writing and publishing to build community. Come add your page to the story of scholarship at UConn!"
Wednesday Weekly Watch Party: Yuri on Ice + She-Ra,Community and service,2026-09-30 15:00,2026-09-30 16:00,False,False,Student Union,Student Union,Rainbow Center (University of Connecticut),,False,False,https://events.uconn.edu/rainbow-center/event/2439827-wednesday-weekly-watch-party-yuri-on-ice-she-ra,Rainbow Center Presents: Yuri On Ice + She-Ra Watch Party!!
Group Fitness Class – Core Conditioning (30),Sports and fitness,2026-09-30 15:15,2026-09-30 15:45,False,False,Student Recreation Center,Student Recreation Center,UConn Recreation (University of Connecticut),,False,False,https://events.uconn.edu/uconn-recreation/event/2460656-group-fitness-class-core-conditioning-30,"For the full class schedule, descriptions, and to register, please visit the UConn Recreation website."
Fellow’s Talk: Ananda Griffin on Emotions and Black Feminist Thought,Academic and research,2026-09-30 15:30,2026-09-30 16:45,False,False,,,Humanities Institute (University of Connecticut),,True,False,https://events.uconn.edu/humanities-institute/event/2251671-fellows-talk-ananda-griffin-on-emotions-and-black-fe,A talk by UCHI Graduate Research Scholar Ananda Griffin on “Feel!: An Account of Emotion” with a response by Daniel Adler.
Interpersonal Group for Undergraduate Students,Health and wellness,2026-09-30 15:30,2026-09-30 16:30,False,False,Arjona Building,Arjona Building,Student Health and Wellness (University of Connecticut),Free,False,False,https://events.uconn.edu/student-health-and-wellness/event/2308743-interpersonal-group-for-undergraduate-students,"Group therapy provides clinical support to foster healing for students managing mental health concerns while supporting their academic success. Facilitated by Mental Health providers, groups are designed to promote emotional well-being and increase connection and belonging. To join any group therapy session, please call SHaW at 860-486-4700. More info about SHaW’s Group Sessions."
AAC Hartford Workshop: Prioritization Techniques,Academic and research,2026-09-30 16:00,,False,False,HTB 202,HTB 202,Academic Achievement Center (University of Connecticut),,False,False,https://events.uconn.edu/academic-achievement-center/event/2372965-aac-hartford-workshop-prioritization-techniques,Review different approaches to the same task list and the one you employ in ideal settings and when overwhelmed. Explore strategies to organize your priorities.
English Workshops,Academic and research,2026-09-30 16:00,2026-09-30 18:00,False,False,Center for International Students & Scholar Services (CISS),Center for International Students & Scholar Services (CISS),International Student & Scholar Services (University of Connecticut),,False,False,https://events.uconn.edu/international-student-scholar-services/event/2223356-english-workshops,Website and registration link: https://ita.uconn.edu/english-support/ These workshops will help participants develop the speaking skills needed to convey their ideas clearly when presenting in front of an audience. Students will practice presenting information relevant to their field of study and be actively involved in self-assessment and peer assessment. Content will be adapted to suit the group’s needs.
Funding Your Research and Creative Projects,Academic and research,2026-09-30 16:00,2026-09-30 17:00,False,False,,,Office of Undergraduate Research (University of Connecticut),,True,False,https://events.uconn.edu/live/events/2283908-funding-your-research-and-creative-projects,Are you an undergraduate student with an idea for a research or creative project? Do you want to learn more about the Office of Undergraduate Research (OUR) funding programs? Join us as we share information about our funding programs and general tips to help you apply for the opportunities.
Group Fitness Class – 50/50,Sports and fitness,2026-09-30 16:00,2026-09-30 17:00,False,False,Student Recreation Center,Student Recreation Center,UConn Recreation (University of Connecticut),,False,False,https://events.uconn.edu/uconn-recreation/event/2460653-group-fitness-class-5050,"For the full class schedule, descriptions, and to register, please visit the UConn Recreation website."
Group Fitness Class – Human Reformer Pilates,Sports and fitness,2026-09-30 16:00,2026-09-30 17:00,False,False,Student Recreation Center,Student Recreation Center,UConn Recreation (University of Connecticut),,False,False,https://events.uconn.edu/uconn-recreation/event/2460654-group-fitness-class-human-reformer-pilates,"For the full class schedule, descriptions, and to register, please visit the UConn Recreation website."
Group Fitness Class – Spin (45),Sports and fitness,2026-09-30 16:00,2026-09-30 16:45,False,False,Student Recreation Center,Student Recreation Center,UConn Recreation (University of Connecticut),,False,False,https://events.uconn.edu/uconn-recreation/event/2460655-group-fitness-class-spin-45,"For the full class schedule, descriptions, and to register, please visit the UConn Recreation website."
Group Fitness Class – Run & Strength,Sports and fitness,2026-09-30 16:15,2026-09-30 17:15,False,False,Student Recreation Center,Student Recreation Center,UConn Recreation (University of Connecticut),,False,False,https://events.uconn.edu/uconn-recreation/event/2460651-group-fitness-class-run-strength,"For the full class schedule, descriptions, and to register, please visit the UConn Recreation website."
Group Fitness Class – Fall 2026 - Small Group Human Reformer Pilates - Session 1 (Wed 4:30pm w/ Dana),Sports and fitness,2026-09-30 16:30,2026-09-30 17:30,False,False,Student Recreation Center,Student Recreation Center,UConn Recreation (University of Connecticut),,False,False,https://events.uconn.edu/uconn-recreation/event/2460650-group-fitness-class-fall-2026-small-group-human,"For the full class schedule, descriptions, and to register, please visit the UConn Recreation website."
LC Saca Tu Bandera,Academic and research,2026-09-30 16:30,2026-09-30 18:30,False,False,Peter J. Werth Residence Tower,Peter J. Werth Residence Tower,Learning Communities (University of Connecticut),,False,False,https://events.uconn.edu/learning-communities/event/2326360-lc-saca-tu-bandera,"To celebrate Hispanic Heritage Month, LC students are invited to an event where you can be you! Come to the Innovation Zone Makerspace (Werth 014) to create a flag or button that represents any part of you. It can be your ethnicity, nationality, or anything else you identify with! All supplies will be provided!"
Group Fitness Class – Spin,Sports and fitness,2026-09-30 17:00,2026-09-30 18:00,False,False,Student Recreation Center,Student Recreation Center,UConn Recreation (University of Connecticut),,False,False,https://events.uconn.edu/uconn-recreation/event/2460649-group-fitness-class-spin,"For the full class schedule, descriptions, and to register, please visit the UConn Recreation website."
Inside the World of Corporate Counsel: A Panel Discussion with the Association of Corporate Counsel,Academic and research,2026-09-30 17:00,2026-09-30 18:30,False,False,"Hosmer Hall, Janet M. Blumberg Hall","Hosmer Hall, Janet M. Blumberg Hall",Law School (University of Connecticut),,False,False,https://events.uconn.edu/law-school/event/2277777-inside-the-world-of-corporate-counsel-a-panel,"Join members of the Connecticut Chapter of the Association of Corporate Counsel (ACC) for an engaging panel discussion designed to introduce law students to the in-house legal profession. Panelists, including corporate counsel who work across various industries including IP, energy and insurance, and members of the legal community who work with in-house attorneys, will share insights into the roles and responsibilities of corporate counsel, discuss the various career paths that lead to in-house practice, and offer practical guidance on building the skills and experience needed to succeed in this field. The discussion will also explore the relationship between corporate counsel and outside law firms, highlighting how attorneys in private practice can effectively support their corporate clients. This program provides a valuable opportunity for students to learn about career options, ask questions, and gain a deeper understanding of the corporate legal landscape. Following the panel, there will be an opportunity for networking with attorneys and members of the legal community over refreshments."
POC Table Talk: Being Queer and Hispanic,Community and service,2026-09-30 17:00,2026-09-30 19:00,False,False,Student Union,Student Union,Rainbow Center (University of Connecticut),,False,False,https://events.uconn.edu/rainbow-center/event/2436902-poc-table-talk-being-queer-and-hispanic,"We’re gathering at the Rainbow Center table from 5:00pm - 7:00pm on Wednesday, Sept. 30th to talk about what it means to be Hispanic and Queer: identity, joy, struggle, and everything in between. Your voice matters. Your story matters. Join the conversation (paint a flag and grab a snack)."
SMART Recovery Meetings,Arts and exhibits,2026-09-30 17:00,2026-09-30 18:00,False,False,Cordial Storrs House,Cordial Storrs House,Student Health and Wellness (University of Connecticut),Free,False,False,https://events.uconn.edu/student-health-and-wellness/event/2368860-smart-recovery-meetings,SHaW’s SMART (Self Management and Recovery Training) Recovery Meetings are open to UConn students every Wednesday 5:00 PM - 6:00 PM. (no pre-registration needed - just show up!)
Group Fitness Class – ABC (45),Sports and fitness,2026-09-30 17:15,2026-09-30 18:00,False,False,Student Recreation Center,Student Recreation Center,UConn Recreation (University of Connecticut),,False,False,https://events.uconn.edu/uconn-recreation/event/2460646-group-fitness-class-abc-45,"For the full class schedule, descriptions, and to register, please visit the UConn Recreation website."
Group Fitness Class – Power Yoga,Sports and fitness,2026-09-30 17:15,2026-09-30 18:15,False,False,Student Recreation Center,Student Recreation Center,UConn Recreation (University of Connecticut),,False,False,https://events.uconn.edu/uconn-recreation/event/2460647-group-fitness-class-power-yoga,"For the full class schedule, descriptions, and to register, please visit the UConn Recreation website."
Building Democracy: Turning Data into Action for Hartford Voters,Arts and exhibits,2026-09-30 17:30,2026-09-30 19:00,False,False,Hartford Public Library (Hartford),Hartford Public Library (Hartford),The Dodd Center (University of Connecticut),Free,False,False,https://events.uconn.edu/doddcenter/event/2398470-building-democracy-turning-data-into-action-for-hart,"What does the data tell us about how Hartford residents experience voting, and how can those experiences help shape stronger civic participation in the city?"
"Math Club: Introduction to the Hyperbolic Plane, by Ben Schussler (UConn)",Academic and research,2026-09-30 17:30,2026-09-30 18:30,False,False,Monteith 214,Monteith 214,Mathematics Department (University of Connecticut),,False,False,https://events.uconn.edu/mathematics-department/event/2388628-math-club-introduction-to-the-hyperbolic-plane-by-be,"Written in the fourth century BC and widely used up until the 19th century, Euclid’s Elements is an ancient mathematical textbook which derives many fundamental facts about geometry from just five basic assumptions. For almost 2,000 years, mathematicians sought to prove that the fifth of those axioms, called the parallel postulate, was actually a consequence of the other four. This task was only shown to be impossible in the mid-1800s with the creation of the hyperbolic plane. Hyperbolic geometry, and the resulting field of non-Euclidean geometry, has had far-reaching implications for mathematics, philosophy, and physics, and served as inspiration for artists and authors like M.C. Escher and H.P. Lovecraft. This talk will discuss the history and construction of the hyperbolic plane, and explore some of its unintuitive features with virtual and physical interactive models."
AAC Storrs Workshop: Attention Management,Academic and research,2026-09-30 18:00,,False,False,Rowe Center,Rowe Center,Academic Achievement Center (University of Connecticut),,False,False,https://events.uconn.edu/academic-achievement-center/event/2371940-aac-storrs-workshop-attention-management,Discuss the issue of focusing on tasks. Then discover strategies that will help you focus in the future.
MBA In-Person Roundtable (Hartford),Academic and research,2026-09-30 18:00,2026-09-30 19:00,False,False,UConn Hartford,UConn Hartford,School of Business (University of Connecticut),,False,False,https://events.uconn.edu/school-of-business/event/2246403-mba-in-person-roundtable-hartford,Come visit the MBA Admissions and Advisement teams at the Hartford campus to learn more about the MBA program options and eligibility requirements. Register Here
US vs. THEM Exclusive Film Screening & Dialogue,Campus life,2026-09-30 18:00,2026-09-30 20:00,False,False,UConn Waterbury,UConn Waterbury,Office for Inclusion and Civil Rights (University of Connecticut),Free,False,False,https://events.uconn.edu/live/events/2292479-us-vs-them-exclusive-film-screening-dialogue,Join us for this groundbreaking documentary and dialogue on reimagining community policing in America. Hosted at UConn Waterbury in partnership with Hang Time. RSVP to the film screening and dialogue event
Group Fitness Class – Dance Sculpt,Sports and fitness,2026-09-30 18:15,2026-09-30 19:15,False,False,Student Recreation Center,Student Recreation Center,UConn Recreation (University of Connecticut),,False,False,https://events.uconn.edu/uconn-recreation/event/2460643-group-fitness-class-dance-sculpt,"For the full class schedule, descriptions, and to register, please visit the UConn Recreation website."
Group Fitness Class – Spin,Sports and fitness,2026-09-30 18:15,2026-09-30 19:15,False,False,Student Recreation Center,Student Recreation Center,UConn Recreation (University of Connecticut),,False,False,https://events.uconn.edu/uconn-recreation/event/2460644-group-fitness-class-spin,"For the full class schedule, descriptions, and to register, please visit the UConn Recreation website."
Group Fitness Class – Upper Body Sculpt (30),Sports and fitness,2026-09-30 18:15,2026-09-30 18:45,False,False,Student Recreation Center,Student Recreation Center,UConn Recreation (University of Connecticut),,False,False,https://events.uconn.edu/uconn-recreation/event/2460645-group-fitness-class-upper-body-sculpt-30,"For the full class schedule, descriptions, and to register, please visit the UConn Recreation website."
Group Fitness Class – Barre,Sports and fitness,2026-09-30 18:30,2026-09-30 19:30,False,False,Student Recreation Center,Student Recreation Center,UConn Recreation (University of Connecticut),,False,False,https://events.uconn.edu/uconn-recreation/event/2460642-group-fitness-class-barre,"For the full class schedule, descriptions, and to register, please visit the UConn Recreation website."
IZone Upper Level-Closed Workshop,Arts and exhibits,2026-09-30 18:30,2026-09-30 22:00,False,False,Innovation Zone Makerspace,Innovation Zone Makerspace,Innovation Zone Makerspace (University of Connecticut),,False,False,https://events.uconn.edu/innovation-zone-makerspace/event/2455287-izone-upper-level-closed-workshop,Upper IZone Level Rm 103
UConn Women’s Soccer at St. John’s,Sports and fitness,2026-09-30 19:00,2026-09-30 21:00,False,False,"Queens, NY","Queens, NY",Athletics (University of Connecticut),,False,False,https://events.uconn.edu/athletics/event/2217539-uconn-womens-soccer-at-st-johns-university,View UConn Women’s Soccer’s full schedule.
Group Fitness Class – Total Body Strength,Sports and fitness,2026-09-30 19:15,2026-09-30 20:15,False,False,Student Recreation Center,Student Recreation Center,UConn Recreation (University of Connecticut),,False,False,https://events.uconn.edu/uconn-recreation/event/2460641-group-fitness-class-total-body-strength,"For the full class schedule, descriptions, and to register, please visit the UConn Recreation website."
Group Fitness Class – Power Pilates,Sports and fitness,2026-09-30 19:30,2026-09-30 20:30,False,False,Student Recreation Center,Student Recreation Center,UConn Recreation (University of Connecticut),,False,False,https://events.uconn.edu/uconn-recreation/event/2460639-group-fitness-class-power-pilates,"For the full class schedule, descriptions, and to register, please visit the UConn Recreation website."
Group Fitness Class – Spin (45),Sports and fitness,2026-09-30 19:30,2026-09-30 20:15,False,False,Student Recreation Center,Student Recreation Center,UConn Recreation (University of Connecticut),,False,False,https://events.uconn.edu/uconn-recreation/event/2460640-group-fitness-class-spin-45,"For the full class schedule, descriptions, and to register, please visit the UConn Recreation website."
Emergency Sisterhood Fund Applications Available,Academic and research,2026-10-01 00:00,2026-10-18 00:00,True,True,,,Fraternity and Sorority Development (University of Connecticut),,False,False,https://events.uconn.edu/fraternity-and-sorority-development/event/2432145-emergency-sisterhood-fund-applications-available,Emergency Sisterhood Fund Applications for the Panhellenic Community will be open from 10/1-10/18. 20 $200 scholarships will be awarded to members of our community who need assistance in paying their chapter dues. Please contact your chapter for the application link!
Goat Program at the Big E,Community and service,2026-10-01 00:00,,True,False,,,Extension (University of Connecticut),,False,False,https://events.uconn.edu/extension/event/2272588-goat-program-at-the-big-e,
Goat Program at the Big E,Community and service,2026-10-01 00:00,2026-10-03 00:00,True,True,,,UConn 4-H (University of Connecticut),,False,False,https://events.uconn.edu/uconn-4-h/event/2223124-goat-program-at-the-big-e,"The Big E Goat Program at the Big E, open to selected 4-H members in the goat project. Travel Information: https://www.thebige.com/p/generalinfo/getting-here"
Jorgensen Gallery: “Flesh and Fable” Exhibition,Music and performance,2026-10-01 00:00,,True,False,Jorgensen Center,Jorgensen Center,Jorgensen Center for the Performing Arts (University of Connecticut),Free,False,False,https://events.uconn.edu/jorgensen-center-for-the-performing-arts/event/2406235-jorgensen-gallery-flesh-and-fable-exhibition,"Afarin Rahmanifar, M.F.A., is an Iranian American mixed-media artist, curator, educator, and Associate Professor of Painting and Drawing at Eastern Connecticut State University, where she has taught since 2013. Born in Iran and displaced after the 1979 Revolution, her work is shaped by themes of memory, exile, identity, and transformation. Using fragmented anatomical forms, Persian visual traditions, and the women of the Shahnameh, she examines how memory and cultural inheritance shape identity and belonging. Through painting, drawing, collage, textile, and mixed media, she layers and reconstructs the female body as an act of remembrance and reclamation— honoring women whose stories have been overlooked or silenced."
Sheep Program at the Big E,Community and service,2026-10-01 00:00,,True,False,,,Extension (University of Connecticut),,False,False,https://events.uconn.edu/extension/event/2272590-sheep-program-at-the-big-e,
Sheep Program at the Big E,Community and service,2026-10-01 00:00,2026-10-04 00:00,True,True,,,UConn 4-H (University of Connecticut),,False,False,https://events.uconn.edu/uconn-4-h/event/2223123-sheep-program-at-the-big-e,"The Big E Sheep Program at the Big E, open to selected 4-H members in the sheep project. Travel Information: https://www.thebige.com/p/generalinfo/getting-here"
Neurosurgery Thursday Residency Curriculum Series: AY 2026- 2027,Academic and research,2026-10-01 06:00,2026-10-01 08:00,False,False,,,School of Medicine (University of Connecticut),Free,True,False,https://events.uconn.edu/school-of-medicine/event/2217838-neurosurgery-thursday-residency-curriculum-series,Two CME credits are granted for these weekly educational series presented by varying faculty. Alternating weekly the Tumor Board invites will be sent directly from the Cancer Center for one CME credit. Virtual Event: https://uchc.WebEx.com/meet/Neurosurgery
Group Fitness Class – Spin (45),Sports and fitness,2026-10-01 06:45,2026-10-01 07:30,False,False,Student Recreation Center,Student Recreation Center,UConn Recreation (University of Connecticut),,False,False,https://events.uconn.edu/uconn-recreation/event/2460638-group-fitness-class-spin-45,"For the full class schedule, descriptions, and to register, please visit the UConn Recreation website."
Group Fitness Class – Spin (45),Sports and fitness,2026-10-01 08:00,2026-10-01 08:45,False,False,Student Recreation Center,Student Recreation Center,UConn Recreation (University of Connecticut),,False,False,https://events.uconn.edu/uconn-recreation/event/2460637-group-fitness-class-spin-45,"For the full class schedule, descriptions, and to register, please visit the UConn Recreation website."
Let’s Talk with Fumi,Health and wellness,2026-10-01 09:00,2026-10-01 10:30,False,False,Student Union,Student Union,Student Health and Wellness (University of Connecticut),,False,False,https://events.uconn.edu/student-health-and-wellness/event/2305003-lets-talk-with-fumi,"The Let’s Talk: Mental Health Office Hours program provides informal, confidential consultation with therapists from SHaW. The service is free of charge and offered on a first come, first served basis. More info like other dates, time and location can be found here."
Résumés,Career and jobs,2026-10-01 09:00,2026-10-01 10:15,False,False,"1 University Place, Stamford, CT, UConn Stamford campus, The Gallery 1.17E","1 University Place, Stamford, CT, UConn Stamford campus, The Gallery 1.17E",Center for Career Development (University of Connecticut),,False,False,https://events.uconn.edu/center-for-career-development/event/2253237-resumes,"Learn how to create a professional, effective resume that highlights your skills, experiences, and accomplishments. Whether you’re applying for internships or full-time opportunities, this interactive workshop will provide practical tips to help you stand out to employers. Register here"
Sexpert Peer Health Educator Drop In Hours,Health and wellness,2026-10-01 09:00,2026-10-01 13:30,False,False,Wilson Hall South Building,Wilson Hall South Building,Student Health and Wellness (University of Connecticut),Free,False,False,https://events.uconn.edu/student-health-and-wellness/event/2388388-sexpert-peer-health-educator-drop-in-hours,"Have questions about sex? Need help connecting to sexual health resources? Just need someone to talk to about sex and relationships? Stop by Wilson Hall, South Campus, room 106 to connect with a Sexpert Peer Health Educator and a non-judgmental, welcoming space to discuss all things sex! For more information and to see our Fall 2026 hours, visit: studenthealth.uconn.edu/sexperts"
Neuroscience Seminar Series - Chandra,Academic and research,2026-10-01 11:00,,False,False,Low Learning Center (UConn Health),Low Learning Center (UConn Health),UConn Health Graduate School (University of Connecticut),,False,False,https://events.uconn.edu/uconn-health-graduate-school/event/2321195-neuroscience-seminar-series-chandra,"Sponsored by the Kim Family Sreeganga Chandra, PhD Professor, Departments of Neurobiology and Neuroscience Yale University, New Haven, CT"
Research Skills 1: Using keywords in library databases (Virtual),Academic and research,2026-10-01 11:00,2026-10-01 11:30,False,False,,,Stamford Library (Jeremy Richard Library) (University of Connecticut),,True,False,https://events.uconn.edu/live/events/2456469-research-skills-1-using-keywords-in-library-database,"Join us for these upcoming virtual library workshops designed for students at all levels who want to improve their research and citation skills. Learn to search library databases, find peer-reviewed sources, and create accurate APA and MLA citations. Register today from the library’s workshop calendar! *** Tips for using keywords in library databases, Thursday October 1st 11:00 -11:30 AM ***"
Résumés,Career and jobs,2026-10-01 11:00,2026-10-01 12:15,False,False,"1 University Place, Stamford, CT, UConn Stamford campus, The Gallery 1.17E","1 University Place, Stamford, CT, UConn Stamford campus, The Gallery 1.17E",Center for Career Development (University of Connecticut),,False,False,https://events.uconn.edu/center-for-career-development/event/2253334-resumes,"Learn how to create a professional, effective resume that highlights your skills, experiences, and accomplishments. Whether you’re applying for internships, part-time jobs, or full-time opportunities, this interactive workshop will provide practical tips to help you stand out to employers. Register here"
Spring Valley Farm Fresh Market,Food and dining,2026-10-01 11:00,2026-10-01 14:00,False,False,Fairfield Way,Fairfield Way,Dining Services (University of Connecticut),,False,False,https://events.uconn.edu/dining-services/event/2297744-spring-valley-farm-fresh-market,"The Farm Fresh Market on Fairfield Way offers fresh seasonal produce and flowers from our own Spring Valley Student Farm, as well as baked goods from UConn’s Not Just Desserts Bakery. Bakery items may include freshly baked pies, breads, bars, cake slices, and gluten-free/vegan offerings. The UConn Food for the Pack food truck is nearby as well! Offerings at the market may change each week, so stop by to see what we have. Feel free to chat with the student farmers and learn more about some interesting varieties they grow, their farming practices, and what they love about Spring Valley Student Farm. Bags are limited; please bring your own reusable bag if you have one."
Memoir Group,Academic and research,2026-10-01 11:15,2026-10-01 12:45,False,False,Vernon Cottage (Depot Campus),Vernon Cottage (Depot Campus),Center for Learning in Retirement (University of Connecticut),,False,False,https://events.uconn.edu/clir/event/2241705-memoir-group,Memoir Group Write your memoirs to share in class. Memoirs can be short or longer works. New members are always welcome. Facilitator: Cathy Belanger CLIR is a fee-based program. Please visit clir.uconn.edu for more information.
Memoir Group,Community and service,2026-10-01 11:15,2026-10-01 12:45,False,False,Vernon Cottage (Depot Campus),Vernon Cottage (Depot Campus),Extension (University of Connecticut),,False,False,https://events.uconn.edu/extension/event/2401661-memoir-group,
Group Fitness Class – Spin (45),Sports and fitness,2026-10-01 11:45,2026-10-01 12:30,False,False,Student Recreation Center,Student Recreation Center,UConn Recreation (University of Connecticut),,False,False,https://events.uconn.edu/uconn-recreation/event/2460636-group-fitness-class-spin-45,"For the full class schedule, descriptions, and to register, please visit the UConn Recreation website."
CCEI Info Session,Career and jobs,2026-10-01 12:00,2026-10-01 13:00,False,False,,,Connecticut Center for Entrepreneurship and Innovation (University of Connecticut),Free,True,False,https://events.uconn.edu/connecticut-center-for-entrepreneurship-and-innovation/event/2403792-ccei-info-session,"Calling all UConn students, faculty, staff and alumni! Have a business idea you’ve been thinking about? Curious about entrepreneurship but not sure where to start? Or maybe you simply want to learn more about the people, programs, and resources available to you?"
Community Engagement Awards Webinar Series: Na Zhang - Faculty Teaching,Academic and research,2026-10-01 12:00,2026-10-01 13:00,False,False,,,Office of Outreach & Engagement (University of Connecticut),,True,False,https://events.uconn.edu/live/events/2394591-community-engagement-awards-webinar-series-na,"Webinar Series where awardees will share insights into their community partnerships, innovative approaches to engaged scholarship, and the real-world impact of their work."
Landscape: Revealed and Reframed,Arts and exhibits,2026-10-01 12:00,2026-10-01 16:00,False,False,Alexey von Schlippe Gallery of Art (Avery Point),Alexey von Schlippe Gallery of Art (Avery Point),Alexey von Schlippe Gallery of Art (University of Connecticut),Free,False,False,https://events.uconn.edu/alexey-von-schlippe-gallery-of-art/event/2295344-landscape-revealed-and-reframed,"On View: September 10 - October 11. Gallery Hours, Thursday-Sunday 12-4pm. Landscape: Revealed and Reframed features contemporary perspectives on landscape in photography, print, painting, and drawing by four Connecticut artists."
Let’s Talk with Kiara for NCAA Student Athletes,Health and wellness,2026-10-01 12:00,2026-10-01 13:00,False,False,Arjona Building,Arjona Building,Student Health and Wellness (University of Connecticut),,False,False,https://events.uconn.edu/student-health-and-wellness/event/2305077-lets-talk-with-kiara-for-ncaa-student-athletes,"The Let’s Talk: Mental Health Office Hours program provides informal, confidential consultation with therapists from SHaW. The service is free of charge and offered on a first come, first served basis for all NCAA Student Athletes only and are about 15-20 minutes. More info like other dates, time and location can be found here."
Group Fitness Class – Fall 2026 - Small Group Human Reformer Pilates - Session 2 (Thurs 12:05pm w/ Jen),Sports and fitness,2026-10-01 12:05,2026-10-01 12:55,False,False,Student Recreation Center,Student Recreation Center,UConn Recreation (University of Connecticut),,False,False,https://events.uconn.edu/uconn-recreation/event/2460634-group-fitness-class-fall-2026-small-group-human,"For the full class schedule, descriptions, and to register, please visit the UConn Recreation website."
Group Fitness Class – Fall 2026 - Small Group Hybrid Fitness Training - Session 3 (Tue/Thu 12:05pm) w/ Ian,Sports and fitness,2026-10-01 12:05,2026-10-01 12:55,False,False,Student Recreation Center,Student Recreation Center,UConn Recreation (University of Connecticut),,False,False,https://events.uconn.edu/uconn-recreation/event/2460635-group-fitness-class-fall-2026-small-group,"For the full class schedule, descriptions, and to register, please visit the UConn Recreation website."
AAC Waterbury Workshop: Prioritization Techniques,Academic and research,2026-10-01 12:30,,False,False,Rectory Building (Waterbury),Rectory Building (Waterbury),Academic Achievement Center (University of Connecticut),,False,False,https://events.uconn.edu/academic-achievement-center/event/2373837-aac-waterbury-workshop-prioritization-techniques,Review different approaches to the same task list and the one you employ in ideal settings and when overwhelmed. Explore strategies to organize your priorities.
Davis Training,Academic and research,2026-10-01 12:30,,False,False,Starr 204,Starr 204,Law School (University of Connecticut),,False,False,https://events.uconn.edu/law-school/event/2422334-davis-training,Training Workshop for the William R’ Davis Competition
Doctoral Dissertation Proposal Defense of Nikole Babcock,Academic and research,2026-10-01 12:30,2026-10-01 14:00,False,False,,,Human Development & Family Sciences (University of Connecticut),,True,False,https://events.uconn.edu/live/events/2398361-doctoral-dissertation-proposal-defense-of-nikole,"“Sexual Violence Perpetration on College Campuses: Norms, Consent, and the Role of Social Media”"
Prioritization Techniques - Workshop,Academic and research,2026-10-01 12:30,,False,False,Rectory Building (Waterbury),Rectory Building (Waterbury),UConn Waterbury (University of Connecticut),,False,False,https://events.uconn.edu/uconn-waterbury/event/2337055-prioritization-techniques-workshop,Join us in the Academic Achievement Center (AAC) for a workshop on how PRIORITIZATION TECHNIQUES can lead to academic success.
Teaching Durable AI Literacy: Lessons from the First Year of AI Literacy Basics,Academic and research,2026-10-01 12:30,,False,False,,,Center for Excellence in Teaching and Learning (CETL) (University of Connecticut),,False,False,https://events.uconn.edu/center-for-excellence-in-teaching-and-learning/event/2325976-teaching-durable-ai-literacy-lessons-from-the,"Teaching Durable AI Literacy: Lessons from the First Year of AI Literacy Basics Thursday, October 1, 12:30 - 1:30PM Presenter: Erica Charis-Molling Generative AI tools change quickly, but the skills students need to use them thoughtfully are more durable. In this workshop, we’ll explore lessons learned from the first year of UConn Library’s AI Literacy Basics course and take a tour of its newly redesigned “2.0” version. We’ll look at how student feedback and emerging AI literacy practices shaped revisions that emphasize accurate mental models, ethical decision-making, intentional tool use, active learning, and critical evaluation of AI-generated information. Whether you’re new to AI Literacy Basics or have used it before, you’ll leave with ideas for incorporating the course—or individual modules, activities, and frameworks—into your own teaching and student support. Register - https://fins.uconn.edu/secure_inst/workshops/workshop_view.php?ser=3957"
Teaching Durable AI Literacy: Lessons from the First Year of AI Literacy Basics,Academic and research,2026-10-01 12:30,2026-10-01 13:30,False,False,,,Libraries (University of Connecticut),Free,True,False,https://events.uconn.edu/libraries/event/2436399-teaching-durable-ai-literacy-lessons-from-the,Learn about the UConn Library’s newly redesigned AI Literacy Basics course and how you can incorporate it into your teaching.
Let’s Talk with Daveon,Health and wellness,2026-10-01 13:15,2026-10-01 14:15,False,False,Student Union,Student Union,Student Health and Wellness (University of Connecticut),,False,False,https://events.uconn.edu/live/events/2304927-lets-talk-with-daveon,"The Let’s Talk: Mental Health Office Hours program provides informal, confidential consultation with therapists from SHaW. The service is free of charge and offered on a first come, first served basis. More info like other dates, time and location can be found here."
Converse with a nurse - General health,Health and wellness,2026-10-01 13:30,2026-10-01 14:30,False,False,UConn Stamford,UConn Stamford,Student Health and Wellness (University of Connecticut),Free,False,False,https://events.uconn.edu/student-health-and-wellness/event/2199822-converse-with-a-nurse-general-health,"Join us for a general health tabling event focused on preventative care, wellness habits and staying on top of your health as a student."
"Chemistry Colloquium: Katherine Bujold, McMaster University",Academic and research,2026-10-01 14:00,,False,False,Chemistry Building,Chemistry Building,Chemistry Department (University of Connecticut),,False,False,https://events.uconn.edu/chemistry-department/event/2308249-chemistry-colloquium-katherine-bujold-mcmaster,"Chemistry Colloquium Katherine Bujold, McMaster University | Host: Jessica Rouge From Guanidinium Modifications to DNA Nanostructures for Drug Delivery"
Environmentalist Brainstorming,Academic and research,2026-10-01 14:00,2026-10-01 15:15,False,False,UConn Stamford Building (Stamford),UConn Stamford Building (Stamford),UConn Stamford (University of Connecticut),,False,False,https://events.uconn.edu/uconn-stamford/event/2406752-environmentalist-brainstorming,"Calling all environmentalists at UConn-Stamford! Come meet other members of our community who care about the environment on Thursday, October 1 from 2-3:15 in Room 219B!"
Graduate Admissions: GPA Calculation Workshop,Academic and research,2026-10-01 14:00,2026-10-01 15:00,False,False,,,Graduate School (University of Connecticut),,True,False,https://events.uconn.edu/graduate-school/event/2241697-graduate-admissions-gpa-calculation-workshop,Faculty & Administrative Track
Group Fitness Class – Yoga Flow,Sports and fitness,2026-10-01 14:00,2026-10-01 15:00,False,False,Student Recreation Center,Student Recreation Center,UConn Recreation (University of Connecticut),,False,False,https://events.uconn.edu/uconn-recreation/event/2460633-group-fitness-class-yoga-flow,"For the full class schedule, descriptions, and to register, please visit the UConn Recreation website."
IZone Lower Level-Closed Workshop,Arts and exhibits,2026-10-01 14:00,2026-10-01 16:30,False,False,Innovation Zone Makerspace,Innovation Zone Makerspace,Innovation Zone Makerspace (University of Connecticut),,False,False,https://events.uconn.edu/innovation-zone-makerspace/event/2455291-izone-lower-level-closed-workshop,IZone Lower Level Closed
“The Round Table” Mandarin Speaking Group for Graduate Students,Health and wellness,2026-10-01 14:00,2026-10-01 15:30,False,False,Arjona Building,Arjona Building,Student Health and Wellness (University of Connecticut),,False,False,https://events.uconn.edu/student-health-and-wellness/event/2308767-the-round-table-mandarin-speaking-group-for,"Group therapy provides clinical support to foster healing for students managing mental health concerns while supporting their academic success. Facilitated by Mental Health providers, groups are designed to promote emotional well-being and increase connection and belonging. To join any group therapy session, please call SHaW at 860-486-4700. More info about SHaW’s Group Sessions."
Group Fitness Class – Spin (45),Sports and fitness,2026-10-01 15:00,2026-10-01 15:45,False,False,Student Recreation Center,Student Recreation Center,UConn Recreation (University of Connecticut),,False,False,https://events.uconn.edu/uconn-recreation/event/2460632-group-fitness-class-spin-45,"For the full class schedule, descriptions, and to register, please visit the UConn Recreation website."
Group Fitness Class – Upper Body Sculpt (30),Sports and fitness,2026-10-01 15:15,2026-10-01 15:45,False,False,Student Recreation Center,Student Recreation Center,UConn Recreation (University of Connecticut),,False,False,https://events.uconn.edu/uconn-recreation/event/2460630-group-fitness-class-upper-body-sculpt-30,"For the full class schedule, descriptions, and to register, please visit the UConn Recreation website."
EEB Seminar: Ryan Hechinger (Scripps),Academic and research,2026-10-01 15:30,,False,False,Biology/Physics Building,Biology/Physics Building,Ecology and Evolutionary Biology (University of Connecticut),,False,False,https://events.uconn.edu/ecology-and-evolutionary-biology/event/2308512-eeb-seminar-ryan-hechinger-scripps,"Title: “Body-snatching parasites: Intense competition shapes community diversity, causes gigantism, and selects for soldier castes”"
"BLOOM: Black, Indigenous, and People of Color (BIPOC)",Health and wellness,2026-10-01 16:00,2026-10-01 17:30,False,False,Arjona Building,Arjona Building,Student Health and Wellness (University of Connecticut),,False,False,https://events.uconn.edu/live/events/2308781-bloom-black-indigenous-and-people-of-color-bipoc,"Group therapy provides clinical support to foster healing for students managing mental health concerns while supporting their academic success. Facilitated by Mental Health providers, groups are designed to promote emotional well-being and increase connection and belonging. To join any group therapy session, please call SHaW at 860-486-4700. More info about SHaW’s Group Sessions."
CCAM Seminar Series - Dr. Timothy Duerr,Academic and research,2026-10-01 16:00,,False,False,"CGSB, 400 Farmington Ave","CGSB, 400 Farmington Ave",UConn Health Graduate School (University of Connecticut),,False,False,https://events.uconn.edu/uconn-health-graduate-school/event/2373052-ccam-seminar-series-dr-timothy-duerr,"CCAM Seminar Series Speaker: Dr. Timothy Duerr Ph.D., Assistant Professor, Department of Orthopaedic Surgery, UConn Health Title: “Cellular and molecular mechanisms regulating proximodistal positional identity during axolotl limb regeneration” Abstract: Axolotl salamanders can regenerate their limbs following amputation anywhere along the proximodistal (PD) axis. During this process, resident connective tissue cells, including dermal fibroblasts and periskeletal cells, dedifferentiate and accumulate at the limb stump to form a blastema. Blastema cells retain their genetically encoded PD positional identity, enabling them to redifferentiate and regenerate the appropriate PD limb structures. Retinoic acid (RA) signaling is essential for establishing PD positional identity, as elevated levels of RA instruct blastema cells to adopt a proximal limb identity. We found that RA concentration along the PD axis is regulated by Cyp26b1 expression, which degrades excess RA to generate distal identity during limb regeneration. These differences in RA concentration lead to differential expression of homeobox genes that provide blastema cells with the correct PD positional identity. One such gene identified was Shox, which we show is required for activation of the PTHrP/IHH feedback loop in regenerating chondrocytes of proximally amputated limbs. Once blastema cells genetically adopt positional identity via RA, they express PD-specific cell surface proteins that modify cellular adhesivity. This enables self-sorting with cells of similar positional identities. We have identified several cell surface proteins, including LPHN2, TENM4, and FLRT3 that follow the same spatiotemporal expression patterns as 5’ Hox genes and are both RA responsive and differentially expressed between proximally and distally amputated limbs. Collectively, our results support..."
Group Fitness Class – Barre,Sports and fitness,2026-10-01 16:00,2026-10-01 17:00,False,False,Student Recreation Center,Student Recreation Center,UConn Recreation (University of Connecticut),,False,False,https://events.uconn.edu/uconn-recreation/event/2460627-group-fitness-class-barre,"For the full class schedule, descriptions, and to register, please visit the UConn Recreation website."
Group Fitness Class – Spin (45),Sports and fitness,2026-10-01 16:00,2026-10-01 16:45,False,False,Student Recreation Center,Student Recreation Center,UConn Recreation (University of Connecticut),,False,False,https://events.uconn.edu/uconn-recreation/event/2460628-group-fitness-class-spin-45,"For the full class schedule, descriptions, and to register, please visit the UConn Recreation website."
Group Fitness Class – Total Body Strength,Sports and fitness,2026-10-01 16:00,2026-10-01 17:00,False,False,Student Recreation Center,Student Recreation Center,UConn Recreation (University of Connecticut),,False,False,https://events.uconn.edu/uconn-recreation/event/2460629-group-fitness-class-total-body-strength,"For the full class schedule, descriptions, and to register, please visit the UConn Recreation website."
Group Fitness Class – TRX Circuit,Sports and fitness,2026-10-01 16:15,2026-10-01 17:15,False,False,Student Recreation Center,Student Recreation Center,UConn Recreation (University of Connecticut),,False,False,https://events.uconn.edu/uconn-recreation/event/2460625-group-fitness-class-trx-circuit,"For the full class schedule, descriptions, and to register, please visit the UConn Recreation website."
First Thursday Open House,Arts and exhibits,2026-10-01 16:30,2026-10-01 19:00,False,False,The Benton Museum of Art,The Benton Museum of Art,The Benton (University of Connecticut),Free,False,False,https://events.uconn.edu/benton/event/2251012-first-thursday-open-house,"Open House at The Benton Museum with music, crafts, cute dogs, and art scavenger hunts. Free and Fun for Everyone! Open house in partnership SHaW, WHUS & The Library, SUBOG and The Beanery Cafe"
Group Fitness Class – FREE Small Group Aquatic Fitness,Sports and fitness,2026-10-01 16:30,2026-10-01 17:15,False,False,Student Recreation Center,Student Recreation Center,UConn Recreation (University of Connecticut),,False,False,https://events.uconn.edu/uconn-recreation/event/2460624-group-fitness-class-free-small-group-aquatic,"For the full class schedule, descriptions, and to register, please visit the UConn Recreation website."
LC Saca Tu Bandera,Academic and research,2026-10-01 16:30,2026-10-01 18:30,False,False,Peter J. Werth Residence Tower,Peter J. Werth Residence Tower,Learning Communities (University of Connecticut),,False,False,https://events.uconn.edu/learning-communities/event/2326381-lc-saca-tu-bandera-copy,"To celebrate Hispanic Heritage Month, LC students are invited to an event where you can be you! Come to the Innovation Zone Makerspace (Werth 014) to create a flag or button that represents any part of you. It can be your ethnicity, nationality, or anything else you identify with! All supplies will be provided!"
Weathering the Storm: Get Prepared,Academic and research,2026-10-01 16:30,2026-10-01 17:45,False,False,Public Library of New London,Public Library of New London,SeaGrant (University of Connecticut),Free,False,False,https://events.uconn.edu/seagrant/event/2364342-weathering-the-storm-get-prepared,"Participants will learn how to prepare for weather emergencies by: creating a personalized emergency plan; getting essential emergency supplies ready for you, your household and pet; addressing the unique challenges we face in Connecticut."
Group Fitness Class – Dance Sculpt,Sports and fitness,2026-10-01 17:00,2026-10-01 18:00,False,False,Student Recreation Center,Student Recreation Center,UConn Recreation (University of Connecticut),,False,False,https://events.uconn.edu/uconn-recreation/event/2460622-group-fitness-class-dance-sculpt,"For the full class schedule, descriptions, and to register, please visit the UConn Recreation website."
Group Fitness Class – Spin,Sports and fitness,2026-10-01 17:00,2026-10-01 18:00,False,False,Student Recreation Center,Student Recreation Center,UConn Recreation (University of Connecticut),,False,False,https://events.uconn.edu/uconn-recreation/event/2460623-group-fitness-class-spin,"For the full class schedule, descriptions, and to register, please visit the UConn Recreation website."
Insurance Law Center Fall Reception,Academic and research,2026-10-01 17:00,2026-10-01 18:30,False,False,Hosmer Hall,Hosmer Hall,Law School (University of Connecticut),,False,False,https://events.uconn.edu/law-school/event/2359607-insurance-law-center-fall-reception,"The Insurance Law Center at UConn School of Law is excited to host its annual Fall Reception! Join us for an evening of community, conversation, and connection."
"“The Fiction of Extraterritoriality”: A Presentation on Trump v. Barbara, the Social (Un)Reality of Race, and the Unsettled Role of “Man(2)” in “Modern Law”",Academic and research,2026-10-01 17:00,2026-10-01 18:00,False,False,UConn Law,UConn Law,Law School (University of Connecticut),,False,False,https://events.uconn.edu/law-school/event/2421744-the-fiction-of-extraterritoriality-a-presentation,"You are cordially invited to former Diversity Alliance president Dominic Bellido’s “The Fiction of Extraterritoriality”: Presentation on Trump v. Barbara, the Social (Un)Reality of Race, and the Unsettled Role of “Man(2)” in “Modern Law”, which will take place on Thursday, October 1st (10/1) 5:00 PM in Library Room 202, where the proposal will be made to transform Diversity Alliance"
Group Fitness Class – Core Conditioning (30),Sports and fitness,2026-10-01 17:15,2026-10-01 17:45,False,False,Student Recreation Center,Student Recreation Center,UConn Recreation (University of Connecticut),,False,False,https://events.uconn.edu/uconn-recreation/event/2460620-group-fitness-class-core-conditioning-30,"For the full class schedule, descriptions, and to register, please visit the UConn Recreation website."
Group Fitness Class – Yoga Flow,Sports and fitness,2026-10-01 17:15,2026-10-01 18:15,False,False,Student Recreation Center,Student Recreation Center,UConn Recreation (University of Connecticut),,False,False,https://events.uconn.edu/uconn-recreation/event/2460621-group-fitness-class-yoga-flow,"For the full class schedule, descriptions, and to register, please visit the UConn Recreation website."
Alumni - Student Pro Bono Night,Academic and research,2026-10-01 17:30,2026-10-01 19:30,False,False,Stuart F. Smith Reading Room,Stuart F. Smith Reading Room,Law School (University of Connecticut),,False,False,https://events.uconn.edu/law-school/event/2296582-alumni-student-pro-bono-night,"Alumni-Student Pro Bono Night brings together UConn Law alumni and students to make a meaningful impact through the ABA Free Legal Answers platform. Working side-by-side, alumni will guide students in analyzing legal issues and preparing responses to questions. Heavy appetizers will be served by Salute."
Group Fitness Class – Stretch & Foam Roll (30),Sports and fitness,2026-10-01 17:30,2026-10-01 18:00,False,False,Student Recreation Center,Student Recreation Center,UConn Recreation (University of Connecticut),,False,False,https://events.uconn.edu/uconn-recreation/event/2460619-group-fitness-class-stretch-foam-roll-30,"For the full class schedule, descriptions, and to register, please visit the UConn Recreation website."
Group Fitness Class – 50/50,Sports and fitness,2026-10-01 18:00,2026-10-01 19:00,False,False,Student Recreation Center,Student Recreation Center,UConn Recreation (University of Connecticut),,False,False,https://events.uconn.edu/uconn-recreation/event/2460618-group-fitness-class-5050,"For the full class schedule, descriptions, and to register, please visit the UConn Recreation website."
Impenetrable Landscapes: Artist Alice Miceli in Conversation with Caroline Fowler,Academic and research,2026-10-01 18:00,2026-10-01 20:00,False,False,,,Human Rights Institute (University of Connecticut),Free,True,False,https://events.uconn.edu/human-rights-institute/event/2397358-impenetrable-landscapes-artist-alice-miceli-in,"The Arts & Human Rights Program and Boston Center for the Arts present Brazilian artist Alice Miceli in conversation with Dr. Caroline Fowler (The Clark Art Institute). They will discuss Miceli’s exhibition, Impenetrable Landscapes, curated by UConn professors Michael Orwicz and José Falconi."
Group Fitness Class – Power Barre,Sports and fitness,2026-10-01 18:15,2026-10-01 19:15,False,False,Student Recreation Center,Student Recreation Center,UConn Recreation (University of Connecticut),,False,False,https://events.uconn.edu/uconn-recreation/event/2460616-group-fitness-class-power-barre,"For the full class schedule, descriptions, and to register, please visit the UConn Recreation website."
Group Fitness Class – Spin,Sports and fitness,2026-10-01 18:15,2026-10-01 19:15,False,False,Student Recreation Center,Student Recreation Center,UConn Recreation (University of Connecticut),,False,False,https://events.uconn.edu/uconn-recreation/event/2460617-group-fitness-class-spin,"For the full class schedule, descriptions, and to register, please visit the UConn Recreation website."
Group Fitness Class – Gentle Yoga,Sports and fitness,2026-10-01 18:30,2026-10-01 19:30,False,False,Student Recreation Center,Student Recreation Center,UConn Recreation (University of Connecticut),,False,False,https://events.uconn.edu/uconn-recreation/event/2460615-group-fitness-class-gentle-yoga,"For the full class schedule, descriptions, and to register, please visit the UConn Recreation website."
Homecoming Lip Sync,Campus life,2026-10-01 19:00,,False,False,Jorgensen Center,Jorgensen Center,SUBOG - Student Union Board of Governors (University of Connecticut),Free,False,False,https://events.uconn.edu/subog-student-union-board-of-governors/event/2363404-homecoming-lip-sync,
Group Fitness Class – ABC (45),Sports and fitness,2026-10-01 19:15,2026-10-01 20:00,False,False,Student Recreation Center,Student Recreation Center,UConn Recreation (University of Connecticut),,False,False,https://events.uconn.edu/uconn-recreation/event/2460614-group-fitness-class-abc-45,"For the full class schedule, descriptions, and to register, please visit the UConn Recreation website."
Group Fitness Class – Dance Fit (45),Sports and fitness,2026-10-01 19:30,2026-10-01 20:15,False,False,Student Recreation Center,Student Recreation Center,UConn Recreation (University of Connecticut),,False,False,https://events.uconn.edu/uconn-recreation/event/2460612-group-fitness-class-dance-fit-45,"For the full class schedule, descriptions, and to register, please visit the UConn Recreation website."
Group Fitness Class – Spin (45),Sports and fitness,2026-10-01 19:30,2026-10-01 20:15,False,False,Student Recreation Center,Student Recreation Center,UConn Recreation (University of Connecticut),,False,False,https://events.uconn.edu/uconn-recreation/event/2460613-group-fitness-class-spin-45,"For the full class schedule, descriptions, and to register, please visit the UConn Recreation website."
CBC Workshop: Introduction to R,Academic and research,2026-10-02 00:00,,True,False,,,,,False,False,https://bioinformatics.uconn.edu/cbc-workshops/,
Dog Program at the Big E,Community and service,2026-10-02 00:00,,True,False,,,Extension (University of Connecticut),,False,False,https://events.uconn.edu/extension/event/2272584-dog-program-at-the-big-e,
Dog Program at the Big E,Community and service,2026-10-02 00:00,2026-10-04 00:00,True,True,,,UConn 4-H (University of Connecticut),,False,False,https://events.uconn.edu/uconn-4-h/event/2223125-dog-program-at-the-big-e,"The Big E Dog Program at the Big E, open to selected 4-H members in the dog project. Travel Information: https://www.thebige.com/p/generalinfo/getting-here"
Goat Program at the Big E,Community and service,2026-10-02 00:00,,True,False,,,Extension (University of Connecticut),,False,False,https://events.uconn.edu/extension/event/2272586-goat-program-at-the-big-e,
Jorgensen Gallery: “Flesh and Fable” Exhibition,Music and performance,2026-10-02 00:00,,True,False,Jorgensen Center,Jorgensen Center,Jorgensen Center for the Performing Arts (University of Connecticut),Free,False,False,https://events.uconn.edu/jorgensen-center-for-the-performing-arts/event/2406236-jorgensen-gallery-flesh-and-fable-exhibition,"Afarin Rahmanifar, M.F.A., is an Iranian American mixed-media artist, curator, educator, and Associate Professor of Painting and Drawing at Eastern Connecticut State University, where she has taught since 2013. Born in Iran and displaced after the 1979 Revolution, her work is shaped by themes of memory, exile, identity, and transformation. Using fragmented anatomical forms, Persian visual traditions, and the women of the Shahnameh, she examines how memory and cultural inheritance shape identity and belonging. Through painting, drawing, collage, textile, and mixed media, she layers and reconstructs the female body as an act of remembrance and reclamation— honoring women whose stories have been overlooked or silenced."
Sheep Program at the Big E,Community and service,2026-10-02 00:00,,True,False,,,Extension (University of Connecticut),,False,False,https://events.uconn.edu/extension/event/2272587-sheep-program-at-the-big-e,
Social Work Practice Fellows Certificate Program in Supervision,Academic and research,2026-10-02 00:00,,True,False,,,School of Social Work (University of Connecticut),950,True,False,https://events.uconn.edu/school-of-social-work/event/2253389-social-work-practice-fellows-certificate-program,Are you a social worker who supervises social services staff? The @uconnsocialwork ’s Center for Continuing Education and Professional Development is now accepting applications for the next Social Work Practice Fellows (SWPF) Certificate Program in Supervision!
"Expression, Language and Music (ELM) 3",Academic and research,2026-10-02 08:00,2026-10-03 18:00,False,True,,,"Expression, Communication, and the Origins of Meaning Research Group (University of Connecticut)",,False,False,https://events.uconn.edu/live/events/1133513-elm-3,"ELM 3 (Expression, Language, and Music) brings together scholars from philosophy, linguistics, musicology, cognitive science, neuroscience, and anthropology to explore the shared foundations and evolutionary origins of musical and linguistic expression."
Group Fitness Class – Spin,Sports and fitness,2026-10-02 08:00,2026-10-02 09:00,False,False,Student Recreation Center,Student Recreation Center,UConn Recreation (University of Connecticut),,False,False,https://events.uconn.edu/uconn-recreation/event/2460611-group-fitness-class-spin,"For the full class schedule, descriptions, and to register, please visit the UConn Recreation website."
CT LEND,Academic and research,2026-10-02 08:30,,False,False,UConn UCEDD 270 Farmington Ave Farmington Suite 181,UConn UCEDD 270 Farmington Ave Farmington Suite 181,University Center for Excellence in Developmental Disabilities (University of Connecticut),,False,False,https://events.uconn.edu/university-center-for-excellence-in-developmental-disabilities/event/2397293-ct-lend,"The University of Connecticut Leadership Education in Neurodevelopmental and related Disabilities (CT LEND) program is a one-year interdisciplinary leadership training program for persons with disabilities, family members, practicing professionals and graduate students at UConn and other Connecticut universities."
UConn Avery Point Writing Retreat,Academic and research,2026-10-02 09:00,2026-10-02 16:00,False,False,UConn Avery Point,UConn Avery Point,UConn Avery Point (University of Connecticut),,False,False,https://events.uconn.edu/uconn-avery-point/event/2359047-uconn-avery-point-writing-retreat,"Join UConn faculty, staff, and grad students for a full day writing retreat at Avery Point."
Accessible Infographics Using Venngage,Community and service,2026-10-02 09:15,2026-10-02 10:00,False,False,,,Information Technology Services (University of Connecticut),,True,False,https://events.uconn.edu/information-technology-services/event/2397648-accessible-infographics-using-venngage,"Learn how to create accessible and effective visual content using Venngage, UConn’s supported alternative to Canva. Learn practical strategies for designing content that is easier for everyone to understand and explore their accessibility-focused features. Use the Accessible Venngage Infographics link to register and view other workshops at the IT Accessibility website."
West Haven Coastal Resilience Tour,Academic and research,2026-10-02 09:30,2026-10-02 14:30,False,False,West Haven City Hall,West Haven City Hall,SeaGrant (University of Connecticut),Free,False,False,https://events.uconn.edu/seagrant/event/2300477-west-haven-coastal-resilience-tour,"See coastal resilience projects in action across West Haven! Hear from local practitioners about project history, funding, and lessons learned, then hop on a shuttle to tour completed, ongoing, and planned projects."
Business Honors Student Panel,Academic and research,2026-10-02 10:00,2026-10-02 11:00,False,False,,,Honors Program (University of Connecticut),,True,False,https://events.uconn.edu/honors-program/event/2422168-business-honors-student-panel,Business Honors students will discuss their experiences with being part of the Honors Program and how it has positively impacted their time at UConn. Associate Dean Nora Madjar will also speak to the positive outcomes that come from being involved in the Honors Program as Business students.
Dialogue in the Classroom for Instructors: Strategies for Building Engagement and Empathy - Virtual,Arts and exhibits,2026-10-02 10:00,2026-10-02 12:00,False,False,,,The Dodd Center (University of Connecticut),Free,True,False,https://events.uconn.edu/doddcenter/event/2261997-dialogue-in-the-classroom-for-instructors-strategies,Join us for this Democracy & Dialogues workshop on ways to incorporate structured dialogic modalities into the classroom.
Workshop: Work Authorization in the USA (Post-OPT) Hybrid,Academic and research,2026-10-02 10:00,2026-10-02 11:30,False,False,,,International Student & Scholar Services (University of Connecticut),,True,False,https://events.uconn.edu/international-student-scholar-services/event/2455284-workshop-work-authorization-in-the-usa-post-opt,Do you want to work in the U.S. after you graduate? Are you on an F-1 visa?
Group Fitness Class – DEKA/HYROX Training (45),Sports and fitness,2026-10-02 10:15,2026-10-02 11:00,False,False,Student Recreation Center,Student Recreation Center,UConn Recreation (University of Connecticut),,False,False,https://events.uconn.edu/uconn-recreation/event/2460610-group-fitness-class-dekahyrox-training-45,"For the full class schedule, descriptions, and to register, please visit the UConn Recreation website."
Let’s Talk with SHaW,Health and wellness,2026-10-02 11:00,2026-10-02 12:00,False,False,Arjona Building,Arjona Building,Student Health and Wellness (University of Connecticut),,False,False,https://events.uconn.edu/student-health-and-wellness/event/2305017-lets-talk-with-shaw,"The Let’s Talk: Mental Health Office Hours program provides informal, confidential consultation with therapists from SHaW. The service is free of charge and offered on a first come, first served basis. More info like other dates, time and location can be found here."
Making Time for Mindfulness,Health and wellness,2026-10-02 11:00,2026-10-02 12:00,False,False,Arjona Building,Arjona Building,Student Health and Wellness (University of Connecticut),Free,False,False,https://events.uconn.edu/live/events/2394014-making-time-for-mindfulness,Making Time for Mindfulness is a skill-based workshop meant to support stress reduction and overall wellbeing. Drop-in Arjona room 403 every Friday from 11am - 12pm.
Marine Sciences Seminar: Harvey Walsh,Academic and research,2026-10-02 11:00,2026-10-02 12:00,False,False,,,Marine Sciences Department (University of Connecticut),Free,True,False,https://events.uconn.edu/marine-sciences-department/event/2359003,Plankton of the NE US Shelf
Psychiatry Grand Rounds,Academic and research,2026-10-02 11:00,2026-10-02 12:00,False,False,,,School of Medicine (University of Connecticut),,True,False,https://events.uconn.edu/school-of-medicine/event/2425920-psychiatry-grand-rounds,"Reframing Failure in Behavior Change, Carlo DiClemente, PhD, ABPP, University of Maryland, Baltimore County"
Group Fitness Class – Spin & Strength,Sports and fitness,2026-10-02 11:45,2026-10-02 13:00,False,False,Student Recreation Center,Student Recreation Center,UConn Recreation (University of Connecticut),,False,False,https://events.uconn.edu/uconn-recreation/event/2460609-group-fitness-class-spin-strength,"For the full class schedule, descriptions, and to register, please visit the UConn Recreation website."
"Business, Economic & Social Rights in Conflict Zones: Research Frontiers",Academic and research,2026-10-02 12:00,2026-10-02 13:15,False,False,The Dodd Center for Human Rights,The Dodd Center for Human Rights,Human Rights Institute (University of Connecticut),Free,False,False,https://events.uconn.edu/human-rights-institute/event/2246398-business-economic-social-rights-in-conflict-zones-re,"How do researchers measure what companies actually do — and what they fail to do — when it comes to human rights, conflict, and corporate accountability? This panel brings together scholars from finance, management, and political science to discuss cutting-edge assessment tools, datasets, and context-specific applications in the field of business and human rights."
CAM Journal Club: Dr. Milda Stanislauskas,Academic and research,2026-10-02 12:00,,False,False,"CGSB, 400 Farmington Avenue","CGSB, 400 Farmington Avenue",Center for Cell Analysis and Modeling (University of Connecticut),,False,False,https://events.uconn.edu/center-for-cell-analysis-and-modeling/event/2401801-cam-journal-club-dr-milda-stanislauskas,Speaker: Dr. Milda Stanislauskas Title: “Kinesin-Induced Buckling Reveals the Limits of Microtubule Self-Repair” Kinesin‐Induced Buckling Reveals the Limits of Microtubule Self‐Repair Via Webex: https://uconnhealth.webex.com/uconnhealth/j.php?MTID=mdacf393cf6a2ee5314a3b76525ea5e57
Landscape: Revealed and Reframed,Arts and exhibits,2026-10-02 12:00,2026-10-02 16:00,False,False,Alexey von Schlippe Gallery of Art (Avery Point),Alexey von Schlippe Gallery of Art (Avery Point),Alexey von Schlippe Gallery of Art (University of Connecticut),Free,False,False,https://events.uconn.edu/alexey-von-schlippe-gallery-of-art/event/2295345-landscape-revealed-and-reframed,"On View: September 10 - October 11. Gallery Hours, Thursday-Sunday 12-4pm. Landscape: Revealed and Reframed features contemporary perspectives on landscape in photography, print, painting, and drawing by four Connecticut artists."
Group Fitness Class – Barre (45),Sports and fitness,2026-10-02 12:05,2026-10-02 12:50,False,False,Student Recreation Center,Student Recreation Center,UConn Recreation (University of Connecticut),,False,False,https://events.uconn.edu/uconn-recreation/event/2460607-group-fitness-class-barre-45,"For the full class schedule, descriptions, and to register, please visit the UConn Recreation website."
Group Fitness Class – TRX Circuit (45),Sports and fitness,2026-10-02 12:05,2026-10-02 12:50,False,False,Student Recreation Center,Student Recreation Center,UConn Recreation (University of Connecticut),,False,False,https://events.uconn.edu/uconn-recreation/event/2460608-group-fitness-class-trx-circuit-45,"For the full class schedule, descriptions, and to register, please visit the UConn Recreation website."
PSLA Seminar Series: Christian Nakarado,Academic and research,2026-10-02 12:15,2026-10-02 13:15,False,False,,,Plant Science and Landscape Architecture (University of Connecticut),Free,True,False,https://events.uconn.edu/live/events/2388637-psla-seminar-series-christian-nakarado,"Host: Jill Desimini Location: YNG 132 Join Remotely: s.uconn.edu/psla_seminars Other Ways of Building In contrast to modern and colonial architectures, Anishinaabe building practices and the worldviews they embody represent a fundamentally different approach to design. The Traditional Ecological Knowledge systems indigenous to the Great Lakes challenge the common understanding of objects and buildings as fixed or stable, instead conceptualizing them as always in flux, and therefore impermanent. This lecture traces these ideas through recent work at the Mt. Pleasant Indian Industrial Boarding School in Michigan and projects designed and built in northern hardwood forests over the past five years. Bio: Christian Hart Nakarado is an Assistant Professor of Ecological Design at Wesleyan University and the founder of Slow Built Studio, a design, research, and architecture practice based in Connecticut. His teaching and research focus on impermanence in design and Indigenous precedents for non-extractive making. He is a member of the AIA and the American Indian Council of Architects and Engineers, and is a board member of the Indigenous Society of Architecture, Planning and Design. He is a licensed architect in Connecticut, New York, and Michigan, and is an enrolled member of the Sault Ste. Marie Chippewa."
Research in Progress (RIP) Talk: Kaitlin Girardini,Academic and research,2026-10-02 12:20,2026-10-02 13:10,False,False,Torrey Life Sciences Building,Torrey Life Sciences Building,Physiology & Neurobiology (University of Connecticut),,False,False,https://events.uconn.edu/physiology-neurobiology/event/2430192-research-in-progress-rip-talk-kaitlin-girardini,"On Friday, September 25, 2026, Kaitlin Girardini will be presenting her Research in Progress (RIP) Talk. Kaitlin is a Ph.D. student in the Kanadia Lab."
SIGMA Seminar (for grad students) - Recent Discoveries on Ranks of Elliptic Curves - Dylan Costa (UConn),Academic and research,2026-10-02 12:20,2026-10-02 13:10,False,False,,,,,False,False,https://events.uconn.edu/mathematics-department/event/2455021-sigma-seminar-for-grad-students-recent,
Families with Addiction,Health and wellness,2026-10-02 13:00,2026-10-02 14:15,False,False,Arjona Building,Arjona Building,Student Health and Wellness (University of Connecticut),,False,False,https://events.uconn.edu/student-health-and-wellness/event/2308795-families-with-addiction,"Group therapy provides clinical support to foster healing for students managing mental health concerns while supporting their academic success. Facilitated by Mental Health providers, groups are designed to promote emotional well-being and increase connection and belonging. To join any group therapy session, please call SHaW at 860-486-4700. More info about SHaW’s Group Sessions."
Fan Fest Friday,Campus life,2026-10-02 13:00,,False,False,Student Union,Student Union,SUBOG - Student Union Board of Governors (University of Connecticut),Free,False,False,https://events.uconn.edu/subog-student-union-board-of-governors/event/2363405-fan-fest-friday,
Let’s Talk with Michelle,Health and wellness,2026-10-02 13:15,2026-10-02 14:15,False,False,Center for International Students & Scholar Services (CISS),Center for International Students & Scholar Services (CISS),Student Health and Wellness (University of Connecticut),,False,False,https://events.uconn.edu/live/events/2305046-lets-talk-with-michelle,"The Let’s Talk: Mental Health Office Hours program provides informal, confidential consultation with therapists from SHaW. The service is free of charge and offered on a first come, first served basis. More info like other dates, time and location can be found here."
Group Fitness Class – Dance Fit,Sports and fitness,2026-10-02 14:00,2026-10-02 15:00,False,False,Student Recreation Center,Student Recreation Center,UConn Recreation (University of Connecticut),,False,False,https://events.uconn.edu/uconn-recreation/event/2460605-group-fitness-class-dance-fit,"For the full class schedule, descriptions, and to register, please visit the UConn Recreation website."
Group Fitness Class – Yoga Flow,Sports and fitness,2026-10-02 14:00,2026-10-02 15:00,False,False,Student Recreation Center,Student Recreation Center,UConn Recreation (University of Connecticut),,False,False,https://events.uconn.edu/uconn-recreation/event/2460606-group-fitness-class-yoga-flow,"For the full class schedule, descriptions, and to register, please visit the UConn Recreation website."
Unbreakable: Rising from within,Health and wellness,2026-10-02 14:00,2026-10-02 15:30,False,False,Arjona Building,Arjona Building,Student Health and Wellness (University of Connecticut),,False,False,https://events.uconn.edu/student-health-and-wellness/event/2308808-unbreakable-rising-from-within,"Group therapy provides clinical support to foster healing for students managing mental health concerns while supporting their academic success. Facilitated by Mental Health providers, groups are designed to promote emotional well-being and increase connection and belonging. To join any group therapy session, please call SHaW at 860-486-4700. More info about SHaW’s Group Sessions."
Doctoral Dissertation Oral Defense of Olivia Durham,Academic and research,2026-10-02 15:00,,False,False,Low Learning Center (UConn Health),Low Learning Center (UConn Health),Graduate School - Theses and Dissertation Defense (University of Connecticut),,False,False,https://events.uconn.edu/graduate-school-theses-and-dissertation-defense/event/2459937-doctoral-dissertation-oral-defense-of-olivia,Biomedical Science PhD: Targeted Analysis of the Nuclear-associated Proteome in the Aging Cerebrovascular Endothelium Identifies Pro-inflammatory Loss of FXR1
Doctoral Dissertation Oral Defense of Olivia Durham,Academic and research,2026-10-02 15:00,,False,False,Low Learning Center (UConn Health),Low Learning Center (UConn Health),UConn Health Graduate School (University of Connecticut),,False,False,https://events.uconn.edu/uconn-health-graduate-school/event/2460077-doctoral-dissertation-oral-defense-of-olivia,Biomedical Science PhD: Targeted Analysis of the Nuclear-associated Proteome in the Aging Cerebrovascular Endothelium Identifies Pro-inflammatory Loss of FXR1
Group Fitness Class – Pedal & Pulse (75),Sports and fitness,2026-10-02 15:00,2026-10-02 16:15,False,False,Student Recreation Center,Student Recreation Center,UConn Recreation (University of Connecticut),,False,False,https://events.uconn.edu/uconn-recreation/event/2460604-group-fitness-class-pedal-pulse-75,"For the full class schedule, descriptions, and to register, please visit the UConn Recreation website."
Making the Transition from Webex to Microsoft Teams,Academic and research,2026-10-02 15:00,,False,False,,,Center for Excellence in Teaching and Learning (CETL) (University of Connecticut),,True,False,https://events.uconn.edu/center-for-excellence-in-teaching-and-learning/event/2335173-making-the-transition-from-webex-to-microsoft,"Making the Transition from Webex to Microsoft Teams October 2, 3:00-4:00 Presenter: Haleigh Sylvester These 60-minute sessions will review the basics of Microsoft Teams Meetings in the context of their similarities and differences with Cisco’s Webex. UConn will be supporting Webex through May 2027. Register – https://fins.uconn.edu/secure_inst/workshops/workshop_view.php?ser=3997"
UConn Field Hockey at Providence,Sports and fitness,2026-10-02 15:00,2026-10-02 18:00,False,False,"Providence, RI","Providence, RI",Athletics (University of Connecticut),,False,False,https://events.uconn.edu/athletics/event/2217717-uconn-field-hockey-at-providence-college,View UConn Field Hockey’s full schedule.
UConn Men’s Soccer at Villanova,Sports and fitness,2026-10-02 15:00,2026-10-02 17:00,False,False,"Villanova, PA","Villanova, PA",Athletics (University of Connecticut),,False,False,https://events.uconn.edu/athletics/event/2217552-uconn-mens-soccer-at-villanova,View UConn Men’s Soccer’s full schedule.
Group Fitness Class – Total Body Strength (45),Sports and fitness,2026-10-02 15:15,2026-10-02 16:00,False,False,Student Recreation Center,Student Recreation Center,UConn Recreation (University of Connecticut),,False,False,https://events.uconn.edu/uconn-recreation/event/2460603-group-fitness-class-total-body-strength-45,"For the full class schedule, descriptions, and to register, please visit the UConn Recreation website."
Farm Friday at Spring Valley,Food and dining,2026-10-02 16:00,2026-10-02 18:00,False,False,"104 Spring Manor Road, Storrs, CT","104 Spring Manor Road, Storrs, CT",Dining Services (University of Connecticut),,False,False,https://events.uconn.edu/dining-services/event/2297753-farm-friday-at-spring-valley,"Have fun meeting students from all across campus while engaging in a variety of farming activities, including planting seeds, weeding, and harvesting fresh, healthy food for our UConn community. This is a great way to earn community service hours! No previous experience is necessary. Remember to dress for outdoor conditions, including warm, water-repellent footwear. Rain/weather: Farm Friday operates in all weather except thunderstorms. We host semi-indoor activities during rain. In the case of thunder, we will cancel in advance or send folks home. Transportation: The farm is located at 104 Spring Manor Road, about 4.5 from the Storrs campus. Details on RSVP’ing for a seat in the student van can be found at https://dining.uconn.edu/spring-valley-farm/volunteer-tour/"
Filipiñana,Community and service,2026-10-02 16:00,,False,False,Trinity College Cinestudio,Trinity College Cinestudio,Asian American Cultural Center (University of Connecticut),,False,False,https://events.uconn.edu/asian-american-cultural-center/event/2440323-filipinana,Teen Isabel`s attraction to Dr. Palanca at her country club job turns dark as she uncovers violence beneath the club`s facade and discovers their disturbing connection from the past.
Group Fitness Class – Spin (45),Sports and fitness,2026-10-02 16:00,2026-10-02 16:45,False,False,Student Recreation Center,Student Recreation Center,UConn Recreation (University of Connecticut),,False,False,https://events.uconn.edu/uconn-recreation/event/2460602-group-fitness-class-spin-45,"For the full class schedule, descriptions, and to register, please visit the UConn Recreation website."
"MPP, MPA, Fast-Track Info Session",Academic and research,2026-10-02 16:00,2026-10-02 16:30,False,False,,,School of Public Policy (University of Connecticut),,True,False,https://events.uconn.edu/school-of-public-policy/event/2455839-mpp-mpa-fast-track-info-session,"Virtual informational session about the UConn School of Public Policy’s Master of Public Policy and Master of Public Administration programs, as well as the Fast-Track Accelerated Master’s programs available to UConn undergraduates. https://connect.grad.uconn.edu/register/?id=467dae3f-610f-4e94-83e4-c6e640b16b3c"
All Recovery Meetings,Health and wellness,2026-10-02 17:00,2026-10-02 18:00,False,False,Cordial Storrs House,Cordial Storrs House,Student Health and Wellness (University of Connecticut),Free,False,False,https://events.uconn.edu/student-health-and-wellness/event/2368874-all-recovery-meetings,SHaW’s All Recovery Meetings are available for UConn students. The meetings are a gathering for all who struggle with substance use and/or other mental and behavioral health disorders. (no pre-registration needed - just show up)
“Pride Belongs Everywhere” Exhibition,Arts and exhibits,2026-10-02 17:00,2026-10-31 17:00,False,True,UConn Stamford Building (Stamford),UConn Stamford Building (Stamford),UConn Stamford (University of Connecticut),,False,False,https://events.uconn.edu/uconn-stamford/event/2406751-pride-belongs-everywhere-exhibition,"Celebrate LGBTQ+ History Month by checking out Stamford Pride’s Annual Art Exhibition, which will be on display in 117E throughout the month of October!"
UConn Baseball vs Boston College,Sports and fitness,2026-10-02 18:00,2026-10-02 21:00,False,False,"Storrs, CT, Elliot Ballpark","Storrs, CT, Elliot Ballpark",Athletics (University of Connecticut),,False,False,https://events.uconn.edu/athletics/event/2321186-uconn-baseball-vs-boston-college,View Baseball’s full schedule.
UConn Women’s Ice Hockey vs Clarkson,Sports and fitness,2026-10-02 18:00,2026-10-02 21:00,False,False,"Storrs, CT, Toscano Family Ice Forum","Storrs, CT, Toscano Family Ice Forum",Athletics (University of Connecticut),,False,False,https://events.uconn.edu/athletics/event/2280829-uconn-womens-ice-hockey-vs-clarkson,View Women’s Ice Hockey’s full schedule.
Meet the Greeks Showcase,Campus life,2026-10-02 19:00,,False,False,Student Union,Student Union,Fraternity and Sorority Development (University of Connecticut),,False,False,https://events.uconn.edu/fraternity-and-sorority-development/event/2219682-meet-the-greeks-showcase,"Come see step, stroll, and salute performances from NPHC and IGC! Check @uconncfsd on Instagram for more information."
UConn Women’s Volleyball at Georgetown,Sports and fitness,2026-10-02 19:00,2026-10-02 21:00,False,False,"Washington, DC","Washington, DC",Athletics (University of Connecticut),,False,False,https://events.uconn.edu/athletics/event/2217744-uconn-womens-volleyball-at-georgetown-university,View Women’s Volleyball’s full schedule.
"Late Night - Good Grief, Late Night",Campus life,2026-10-02 20:00,2026-10-02 23:00,False,False,Student Union,Student Union,Student Activities (University of Connecticut),,False,False,https://events.uconn.edu/student-activities/event/2363921-late-night-good-grief-late-night,"Join us Friday night on 10/2 at 8pm for Late Night: Good Grief, for a snoopy themed night of crafts, food, and fun!"
Dog Program at the Big E,Community and service,2026-10-03 00:00,,True,False,,,Extension (University of Connecticut),,False,False,https://events.uconn.edu/extension/event/2272579-dog-program-at-the-big-e,
Goat Program at the Big E,Community and service,2026-10-03 00:00,,True,False,,,Extension (University of Connecticut),,False,False,https://events.uconn.edu/extension/event/2272580-goat-program-at-the-big-e,
Northeast 4-H Speak Up Festival,Community and service,2026-10-03 00:00,,True,False,,,UConn 4-H (University of Connecticut),,True,False,https://events.uconn.edu/uconn-4-h/event/1771095-northeast-4-h-speak-up-festival,A regional 4-H public speaking competition for qualified senior members from the Northeast. Participation by invite only. Senior 4-H members may qualify at the UConn 4-H Public Speaking Contest.
Northeast 4-H Speak Up Festival,Community and service,2026-10-03 00:00,,True,False,,,Extension (University of Connecticut),,False,False,https://events.uconn.edu/extension/event/2272582-northeast-4-h-speak-up-festival,
Sheep Program at the Big E,Community and service,2026-10-03 00:00,,True,False,,,Extension (University of Connecticut),,False,False,https://events.uconn.edu/extension/event/2272583-sheep-program-at-the-big-e,
Engineering Homecoming Tailgate,Academic and research,2026-10-03 08:00,,False,False,Rentschler Field,Rentschler Field,College of Engineering (University of Connecticut),,False,False,https://events.uconn.edu/engineering/event/2335169-engineering-homecoming-tailgate,"Start reunion week where every great Homecoming begins. Join fellow UConn Engineering alumni, students, faculty, and friends for a pregame celebration filled with Husky spirit, great conversations, and plenty of engineering pride before heading into the Homecoming game."
CT Aspiring Leaders Academy,Academic and research,2026-10-03 09:00,,False,False,UConn UCEDD 270 Farmington Ave Farmington Suite 181,UConn UCEDD 270 Farmington Ave Farmington Suite 181,University Center for Excellence in Developmental Disabilities (University of Connecticut),,False,False,https://events.uconn.edu/university-center-for-excellence-in-developmental-disabilities/event/2245462-ct-aspiring-leaders-academy,The purpose of this academy is to develop leaders who will provide innovative and sustained leadership to the Connecticut special education system.
CyberSEED 2026,Academic and research,2026-10-03 09:00,2026-10-03 17:30,False,False,,,College of Engineering (University of Connecticut),Free,True,False,https://events.uconn.edu/live/events/2337115-cyberseed-2026,"Join us for the virtual CyberSEED competition which touches on a variety of cybersecurity challenges including a set of flags focused on reverse engineering, web application security, network traffic analysis, cryptography, and more."
American Heart Associations Eastern CT Heartwalk,Arts and exhibits,2026-10-03 10:00,,False,False,UConn Avery Point,UConn Avery Point,UConn Avery Point (University of Connecticut),,False,False,https://events.uconn.edu/uconn-avery-point/event/2307845-american-heart-associations-eastern-ct-heartwalk,"he American Heart Association’s Heart Walk brings communities together to create health and hope for every heartbeat. Every walker who joins, every dollar donated, means more people trained in CPR, more research and more lifesaving moments for everyone."
Coffee Hour with MBA Admissions,Food and dining,2026-10-03 10:00,2026-10-03 11:00,False,False,UConn Stamford,UConn Stamford,School of Business (University of Connecticut),,False,False,https://events.uconn.edu/school-of-business/event/2246404-coffee-hour-with-mba-admissions,"Join us for an informal coffee chat with MBA Admissions to learn more about our programs, the application process, and the student experience. Ask questions, connect with our team, and hear directly from a current MBA student about life in the program. Register Here"
Group Fitness Class – Barre,Sports and fitness,2026-10-03 10:15,2026-10-03 11:15,False,False,Student Recreation Center,Student Recreation Center,UConn Recreation (University of Connecticut),,False,False,https://events.uconn.edu/uconn-recreation/event/2460600-group-fitness-class-barre,"For the full class schedule, descriptions, and to register, please visit the UConn Recreation website."
Group Fitness Class – Row & Strength,Sports and fitness,2026-10-03 10:15,2026-10-03 11:15,False,False,Student Recreation Center,Student Recreation Center,UConn Recreation (University of Connecticut),,False,False,https://events.uconn.edu/uconn-recreation/event/2460601-group-fitness-class-row-strength,"For the full class schedule, descriptions, and to register, please visit the UConn Recreation website."
2026 Connecticut Archaeology Fair,Arts and exhibits,2026-10-03 11:00,2026-10-03 15:00,False,False,"Lebanon Historical Society, 856 Trumbull Hwy, Lebanon, CT","Lebanon Historical Society, 856 Trumbull Hwy, Lebanon, CT",Connecticut State Museum of Natural History (University of Connecticut),,False,False,https://events.uconn.edu/connecticut-state-museum-of-natural-history/event/2321682-2026-connecticut-archaeology-fair,"Join State Archaeologist, Dr. Sarah Sportman in celebrating Archaeology Awareness Month with tables, displays, games, and talks about the great archaeology that is taking place in our state! Free and open to the public. We hope to see you there!"
Family Fall Fest,Academic and research,2026-10-03 11:00,2026-10-03 14:00,False,False,UConn Law,UConn Law,Law School (University of Connecticut),,False,False,https://events.uconn.edu/law-school/event/2439823-family-fall-fest,"Join the Offices of Student Affairs, Diversity, Belonging & Community Engagement, and the Student Bar Association for an afternoon of carnival fun. There will be inflatables, fall treats, and community vibes for you and your families to enjoy."
Group Fitness Class – 50/50,Sports and fitness,2026-10-03 11:00,2026-10-03 12:00,False,False,Student Recreation Center,Student Recreation Center,UConn Recreation (University of Connecticut),,False,False,https://events.uconn.edu/uconn-recreation/event/2460599-group-fitness-class-5050,"For the full class schedule, descriptions, and to register, please visit the UConn Recreation website."
Group Fitness Class – Fall 2026 - Yoga Arm Balances Workshop - Yoga Arm Balances Workshop,Sports and fitness,2026-10-03 12:00,2026-10-03 14:00,False,False,Student Recreation Center,Student Recreation Center,UConn Recreation (University of Connecticut),,False,False,https://events.uconn.edu/uconn-recreation/event/2460598-group-fitness-class-fall-2026-yoga-arm-balances,"For the full class schedule, descriptions, and to register, please visit the UConn Recreation website."
Landscape: Revealed and Reframed,Arts and exhibits,2026-10-03 12:00,2026-10-03 16:00,False,False,Alexey von Schlippe Gallery of Art (Avery Point),Alexey von Schlippe Gallery of Art (Avery Point),Alexey von Schlippe Gallery of Art (University of Connecticut),Free,False,False,https://events.uconn.edu/alexey-von-schlippe-gallery-of-art/event/2295346-landscape-revealed-and-reframed,"On View: September 10 - October 11. Gallery Hours, Thursday-Sunday 12-4pm. Landscape: Revealed and Reframed features contemporary perspectives on landscape in photography, print, painting, and drawing by four Connecticut artists."
UConn Football vs Syracuse- Homecoming,Sports and fitness,2026-10-03 12:00,2026-10-03 15:00,False,False,"East Hartford, CT, Pratt & Whitney Stadium at Rentschler Field","East Hartford, CT, Pratt & Whitney Stadium at Rentschler Field",Athletics (University of Connecticut),,False,False,https://events.uconn.edu/athletics/event/1771609-uconn-football-vs-syracuse,View UConn Football’s full schedule.
UConn Softball at Merrimack,Sports and fitness,2026-10-03 12:00,2026-10-03 14:00,False,False,"North Andover, MA","North Andover, MA",Athletics (University of Connecticut),,False,False,https://events.uconn.edu/athletics/event/2321678-uconn-softball-at-merrimack,View UConn Softball’s full schedule.
UConn Softball at Boston College,Sports and fitness,2026-10-03 14:00,2026-10-03 16:00,False,False,"Chestnut Hill, MA","Chestnut Hill, MA",Athletics (University of Connecticut),,False,False,https://events.uconn.edu/athletics/event/2321677-uconn-softball-at-boston-college,View UConn Softball’s full schedule.
UConn Women’s Ice Hockey vs Clarkson,Sports and fitness,2026-10-03 15:00,2026-10-03 18:00,False,False,"Storrs, CT, Toscano Family Ice Forum","Storrs, CT, Toscano Family Ice Forum",Athletics (University of Connecticut),,False,False,https://events.uconn.edu/athletics/event/2280828-uconn-womens-ice-hockey-vs-clarkson,View Women’s Ice Hockey’s full schedule.
UConn Women’s Soccer vs Providence,Sports and fitness,2026-10-03 18:30,2026-10-03 20:30,False,False,"Storrs, CT, Joseph J. Morrone Stadium at Rizza Performance Center","Storrs, CT, Joseph J. Morrone Stadium at Rizza Performance Center",Athletics (University of Connecticut),,False,False,https://events.uconn.edu/athletics/event/2217536-uconn-womens-soccer-vs-providence-college,View UConn Women’s Soccer’s full schedule.
UConn Women’s Volleyball at Villanova,Sports and fitness,2026-10-03 19:00,2026-10-03 21:00,False,False,"Villanova, PA","Villanova, PA",Athletics (University of Connecticut),,False,False,https://events.uconn.edu/athletics/event/2217743-uconn-womens-volleyball-at-villanova-university,View Women’s Volleyball’s full schedule.
Auerfarm’s Annual Fall Festival,Community and service,2026-10-04 00:00,,True,False,4-H Education Center at Auerfarm,4-H Education Center at Auerfarm,UConn 4-H (University of Connecticut),,False,False,https://events.uconn.edu/uconn-4-h/event/2223211-auerfarms-annual-fall-festival,"On October 5th, from 11 am to 4 pm, Auerfarm invites you to gather your friends, families, and neighbors to enjoy the start of the season. Take a leisurely hayride, unleash your creativity with pumpkin painting, and savor fall flavors crafted by Chef Kristiann. The entrance fee is 20$ per vehicle so load up your family, friends, and neighbors!"
Auerfarm’s Annual Fall Festival,Community and service,2026-10-04 00:00,,True,False,4-H Education Center at Auerfarm,4-H Education Center at Auerfarm,Extension (University of Connecticut),,False,False,https://events.uconn.edu/extension/event/2272572-auerfarms-annual-fall-festival,
Dog Program at the Big E,Community and service,2026-10-04 00:00,,True,False,,,Extension (University of Connecticut),,False,False,https://events.uconn.edu/extension/event/2272574-dog-program-at-the-big-e,
National 4-H Week,Community and service,2026-10-04 00:00,,True,False,,,Extension (University of Connecticut),,False,False,https://events.uconn.edu/extension/event/2272575-national-4-h-week,
National 4-H Week,Community and service,2026-10-04 00:00,2026-10-10 00:00,True,True,,,UConn 4-H (University of Connecticut),,False,False,https://events.uconn.edu/uconn-4-h/event/2223128-national-4-h-week,"Join us in celebrating National 4-H week! Throughout the week we will be highlighting volunteers, youth and communities that are improved through the work we do within UConn Extension under the College of Agriculture, Health and Natural Resources"
New England Center Program at the Big E,Community and service,2026-10-04 00:00,,True,False,,,UConn 4-H (University of Connecticut),,False,False,https://events.uconn.edu/uconn-4-h/event/2223126-new-england-center-program-at-the-big-e,"The Big E New England Center Programs at the Big E, open to selected 4-H members. Travel Information: https://www.thebige.com/p/generalinfo/getting-here"
New England Center Program at the Big E,Community and service,2026-10-04 00:00,,True,False,,,Extension (University of Connecticut),,False,False,https://events.uconn.edu/extension/event/2272576-new-england-center-program-at-the-big-e,
Sheep Program at the Big E,Community and service,2026-10-04 00:00,,True,False,,,Extension (University of Connecticut),,False,False,https://events.uconn.edu/extension/event/2272578-sheep-program-at-the-big-e,
UConn Women’s Rowing vs Head of the Riverfront,Sports and fitness,2026-10-04 00:00,,True,False,"Hartford, CT","Hartford, CT",Athletics (University of Connecticut),,False,False,https://events.uconn.edu/athletics/event/2402287-uconn-womens-rowing-vs-head-of-the-riverfront,View Women’s Rowing’s full schedule.
Match for Miracles Pickleball Tournament,Sports and fitness,2026-10-04 09:00,,False,False,North Rec Park,North Rec Park,UConn Recreation (University of Connecticut),20,False,False,https://events.uconn.edu/uconn-recreation/event/2407282-match-for-miracles-pickleball-tournament,"HuskyTHON and UConn Recreation are excited to announce their first ever pickleball tournament, “Match for Miracles.”"
Group Fitness Class – Spin,Sports and fitness,2026-10-04 11:00,2026-10-04 12:00,False,False,Student Recreation Center,Student Recreation Center,UConn Recreation (University of Connecticut),,False,False,https://events.uconn.edu/uconn-recreation/event/2460596-group-fitness-class-spin,"For the full class schedule, descriptions, and to register, please visit the UConn Recreation website."
Group Fitness Class – Yoga Flow,Sports and fitness,2026-10-04 11:00,2026-10-04 12:00,False,False,Student Recreation Center,Student Recreation Center,UConn Recreation (University of Connecticut),,False,False,https://events.uconn.edu/uconn-recreation/event/2460597-group-fitness-class-yoga-flow,"For the full class schedule, descriptions, and to register, please visit the UConn Recreation website."
CANCELED: Jocelyn Lessard’s Senior Recital,Music and performance,2026-10-04 12:00,,False,False,,,von der Mehden Recital Hall (University of Connecticut),Free,True,True,https://events.uconn.edu/live/events/2296196-jocelyn-lessards-senior-recital,"Jocelyn Lessard will be playing three pieces with no intermission. In order they are: Vivaldi’s Concerto in C minor for Bassoon, Colored Stones by Jenni Brandon, and Weber’s Concerto in F major for Bassoon."
Landscape: Revealed and Reframed,Arts and exhibits,2026-10-04 12:00,2026-10-04 16:00,False,False,Alexey von Schlippe Gallery of Art (Avery Point),Alexey von Schlippe Gallery of Art (Avery Point),Alexey von Schlippe Gallery of Art (University of Connecticut),Free,False,False,https://events.uconn.edu/alexey-von-schlippe-gallery-of-art/event/2295347-landscape-revealed-and-reframed,"On View: September 10 - October 11. Gallery Hours, Thursday-Sunday 12-4pm. Landscape: Revealed and Reframed features contemporary perspectives on landscape in photography, print, painting, and drawing by four Connecticut artists."
UConn Engineering STEM Field Day,Academic and research,2026-10-04 12:00,2026-10-04 15:00,False,False,UConn Storrs,UConn Storrs,College of Engineering (University of Connecticut),,False,False,https://events.uconn.edu/engineering/event/2332110-uconn-engineering-stem-field-day,"Bring the whole family for an afternoon of discovery, creativity, and hands-on fun. Explore interactive exhibits, meet student innovators, and inspire the next generation of engineers through engaging activities for all ages. STEM Family Field Day runs from 12 - 3 p.m."
UConn Softball vs Eastern Connecticut State (10 Innings),Sports and fitness,2026-10-04 12:00,2026-10-04 14:00,False,False,"Storrs, CT, Burrill Family Field at the Connecticut Softball Complex","Storrs, CT, Burrill Family Field at the Connecticut Softball Complex",Athletics (University of Connecticut),,False,False,https://events.uconn.edu/athletics/event/2321679-uconn-softball-vs-eastern-connecticut-state-10,View UConn Softball’s full schedule.
UConn Field Hockey vs Massachusetts,Sports and fitness,2026-10-04 13:00,2026-10-04 16:00,False,False,"Storrs, CT","Storrs, CT",Athletics (University of Connecticut),,False,False,https://events.uconn.edu/athletics/event/2217716-uconn-field-hockey-vs-university-of-massachusetts,View UConn Field Hockey’s full schedule.
"SOLD OUT: Container Flower Arranging Using a Pumpkin (Blooms and Bows at the Benton, Class #2)",Arts and exhibits,2026-10-04 14:00,,False,False,The Benton Museum of Art,The Benton Museum of Art,The Benton (University of Connecticut),,False,False,https://events.uconn.edu/benton/event/2042283-sold-out-container-flower-arranging-using-a-pumpkin-,"$30 per class $25 for members Classes are 2-3pm, Designed for beginners."
Group Fitness Class – Human Reformer Pilates,Sports and fitness,2026-10-04 15:00,2026-10-04 16:00,False,False,Student Recreation Center,Student Recreation Center,UConn Recreation (University of Connecticut),,False,False,https://events.uconn.edu/uconn-recreation/event/2460594-group-fitness-class-human-reformer-pilates,"For the full class schedule, descriptions, and to register, please visit the UConn Recreation website."
Group Fitness Class – Spin (45),Sports and fitness,2026-10-04 15:00,2026-10-04 15:45,False,False,Student Recreation Center,Student Recreation Center,UConn Recreation (University of Connecticut),,False,False,https://events.uconn.edu/uconn-recreation/event/2460595-group-fitness-class-spin-45,"For the full class schedule, descriptions, and to register, please visit the UConn Recreation website."
Group Fitness Class – ABC (45),Sports and fitness,2026-10-04 16:00,2026-10-04 16:45,False,False,Student Recreation Center,Student Recreation Center,UConn Recreation (University of Connecticut),,False,False,https://events.uconn.edu/uconn-recreation/event/2460591-group-fitness-class-abc-45,"For the full class schedule, descriptions, and to register, please visit the UConn Recreation website."
Group Fitness Class – Dance Fit (45),Sports and fitness,2026-10-04 16:00,2026-10-04 16:45,False,False,Student Recreation Center,Student Recreation Center,UConn Recreation (University of Connecticut),,False,False,https://events.uconn.edu/uconn-recreation/event/2460592-group-fitness-class-dance-fit-45,"For the full class schedule, descriptions, and to register, please visit the UConn Recreation website."
Group Fitness Class – Spin (45),Sports and fitness,2026-10-04 16:00,2026-10-04 16:45,False,False,Student Recreation Center,Student Recreation Center,UConn Recreation (University of Connecticut),,False,False,https://events.uconn.edu/uconn-recreation/event/2460593-group-fitness-class-spin-45,"For the full class schedule, descriptions, and to register, please visit the UConn Recreation website."
Jorgensen Gallery: “Flesh and Fable” Exhibition,Music and performance,2026-10-05 00:00,,True,False,Jorgensen Center,Jorgensen Center,Jorgensen Center for the Performing Arts (University of Connecticut),Free,False,False,https://events.uconn.edu/jorgensen-center-for-the-performing-arts/event/2406237-jorgensen-gallery-flesh-and-fable-exhibition,"Afarin Rahmanifar, M.F.A., is an Iranian American mixed-media artist, curator, educator, and Associate Professor of Painting and Drawing at Eastern Connecticut State University, where she has taught since 2013. Born in Iran and displaced after the 1979 Revolution, her work is shaped by themes of memory, exile, identity, and transformation. Using fragmented anatomical forms, Persian visual traditions, and the women of the Shahnameh, she examines how memory and cultural inheritance shape identity and belonging. Through painting, drawing, collage, textile, and mixed media, she layers and reconstructs the female body as an act of remembrance and reclamation— honoring women whose stories have been overlooked or silenced."
National 4-H Week,Community and service,2026-10-05 00:00,,True,False,,,Extension (University of Connecticut),,False,False,https://events.uconn.edu/extension/event/2272571-national-4-h-week,
UConn Men’s Golf at WVU Nemacolin Collegiate Invitational,Sports and fitness,2026-10-05 00:00,,True,False,"Farmington, PA, MYSTIC ROCK GOLF COURSE","Farmington, PA, MYSTIC ROCK GOLF COURSE",Athletics (University of Connecticut),,False,False,https://events.uconn.edu/athletics/event/2301661-uconn-mens-golf-at-wvu-nemacolin-collegiate,View Men’s Golf’s full schedule.
Group Fitness Class – 50/50,Sports and fitness,2026-10-05 07:00,2026-10-05 08:00,False,False,Student Recreation Center,Student Recreation Center,UConn Recreation (University of Connecticut),,False,False,https://events.uconn.edu/uconn-recreation/event/2460590-group-fitness-class-5050,"For the full class schedule, descriptions, and to register, please visit the UConn Recreation website."
Employee Appreciation Week 2026,Other,2026-10-05 08:00,2026-10-09 16:30,False,True,UConn Health,UConn Health,UConn Health (University of Connecticut),,False,False,https://events.uconn.edu/uconn-health/event/2277238-employee-appreciation-week-2026,"Employee Appreciation Week is October 5-9, 2026!"
Group Fitness Class – Spin,Sports and fitness,2026-10-05 08:00,2026-10-05 09:00,False,False,Student Recreation Center,Student Recreation Center,UConn Recreation (University of Connecticut),,False,False,https://events.uconn.edu/uconn-recreation/event/2460589-group-fitness-class-spin,"For the full class schedule, descriptions, and to register, please visit the UConn Recreation website."
"Continuing Education - Beyond Behavior: Creating the Conditions for Regulation, Belonging, and Healthy Development",Academic and research,2026-10-05 09:00,2026-10-05 12:00,False,False,,,School of Social Work (University of Connecticut),,True,False,https://events.uconn.edu/school-of-social-work/event/2296203-continuing-education-beyond-behavior-creating,Continuing Education seminar for Social Work professionals. Participants earn Continuing Education Credits (CECs) for re-licensure.
Group Fitness Class – Barre,Sports and fitness,2026-10-05 09:00,2026-10-05 10:00,False,False,Student Recreation Center,Student Recreation Center,UConn Recreation (University of Connecticut),,False,False,https://events.uconn.edu/uconn-recreation/event/2460588-group-fitness-class-barre,"For the full class schedule, descriptions, and to register, please visit the UConn Recreation website."
Major Exploration Week,Academic and research,2026-10-05 09:00,2026-10-09 17:00,False,True,,,Academic Center for Exploratory Students (University of Connecticut),,False,False,https://events.uconn.edu/academic-center-for-exploratory-students/event/2435036-major-exploration-week,"Major Exploration Week is a week-long series of events, workshops, and presentations intended to give students the opportunity to explore majors in a holistic and interactive manner. It is hosted by TME/ACES in collaboration with University departments such as the Center for Career Readiness and Life Skills and many academic departments across campus."
Sexpert Peer Health Educator Drop In Hours,Health and wellness,2026-10-05 09:00,2026-10-05 14:30,False,False,Wilson Hall South Building,Wilson Hall South Building,Student Health and Wellness (University of Connecticut),Free,False,False,https://events.uconn.edu/student-health-and-wellness/event/2388326-sexpert-peer-health-educator-drop-in-hours,"Have questions about sex? Need help connecting to sexual health resources? Just need someone to talk to about sex and relationships? Stop by Wilson Hall, South Campus, room 106 to connect with a Sexpert Peer Health Educator and a non-judgmental, welcoming space to discuss all things sex! For more information and to see our Fall 2026 hours, visit: studenthealth.uconn.edu/sexperts"
Let’s Talk with Amy at Student Activities,Health and wellness,2026-10-05 10:30,2026-10-05 11:45,False,False,Student Union,Student Union,Student Health and Wellness (University of Connecticut),,False,False,https://events.uconn.edu/student-health-and-wellness/event/2304825-lets-talk-with-amy-at-student-activities,"The Let’s Talk: Mental Health Office Hours program provides informal, confidential consultation with therapists from SHaW. The service is free of charge and offered on a first come, first served basis. More info like other dates, time and location can be found here."
Employee Appreciation Week: .5K Fun Run Registration,Sports and fitness,2026-10-05 11:00,2026-10-05 13:00,False,False,,,UConn Health (University of Connecticut),,False,False,https://events.uconn.edu/uconn-health/event/2405735-employee-appreciation-week-5k-fun-run-registration,"Start Employee Appreciation Week your way with our .5K Fun Run on Monday, October 5!"
Liberation Summer: A Book Talk with Dr. Micki McElya,Academic and research,2026-10-05 11:00,,False,False,The Dodd Center for Human Rights,The Dodd Center for Human Rights,Africana Studies Institute (University of Connecticut),Free,False,False,https://events.uconn.edu/africana-studies-institute/event/2278343-liberation-summer-a-book-talk-with-dr-micki-mcelya,"Dr. Micki McElya discusses her new book, Liberation Summer."
Group Fitness Class – Spin (45),Sports and fitness,2026-10-05 11:45,2026-10-05 12:30,False,False,Student Recreation Center,Student Recreation Center,UConn Recreation (University of Connecticut),,False,False,https://events.uconn.edu/uconn-recreation/event/2460587-group-fitness-class-spin-45,"For the full class schedule, descriptions, and to register, please visit the UConn Recreation website."
Let’s Talk with Sam for NCAA Student Athletes,Health and wellness,2026-10-05 12:00,2026-10-05 13:30,False,False,Arjona Building,Arjona Building,Student Health and Wellness (University of Connecticut),,False,False,https://events.uconn.edu/student-health-and-wellness/event/2305062-lets-talk-with-sam-for-ncaa-student-athletes,"The Let’s Talk: Mental Health Office Hours program provides informal, confidential consultation with therapists from SHaW. The service is free of charge and offered on a first come, first served basis for all NCAA Student Athletes only and are about 15-20 minutes. More info like other dates, time and location can be found here."
Molecular Biology and Biochemistry Journal Club: Gabriela Soriano (Dr. Oscar Vargas-Rodguez’s Lab),Academic and research,2026-10-05 12:00,2026-10-05 13:00,False,False,Room E2036 and Webex,Room E2036 and Webex,UConn Health Molecular Biology and Biophysics (University of Connecticut),,False,False,https://events.uconn.edu/live/events/2265323-molecular-biology-and-biochemistry-journal-club,"Title: “Engineering suppressor tRNAs for effective treatment of Duchenne muscular dystrophy” Authors and Journal: Oury et al., Science Advances Vol. 12, Issue 37, Sept. 9, 2026"
Group Fitness Class – ABC (45),Sports and fitness,2026-10-05 12:05,2026-10-05 12:50,False,False,Student Recreation Center,Student Recreation Center,UConn Recreation (University of Connecticut),,False,False,https://events.uconn.edu/uconn-recreation/event/2460585-group-fitness-class-abc-45,"For the full class schedule, descriptions, and to register, please visit the UConn Recreation website."
Group Fitness Class – Fall 2026 - Small Group Hybrid Fitness Training - Session 2 (Mon/Wed 12:05pm) w/ Delaney,Sports and fitness,2026-10-05 12:05,2026-10-05 12:55,False,False,Student Recreation Center,Student Recreation Center,UConn Recreation (University of Connecticut),,False,False,https://events.uconn.edu/uconn-recreation/event/2460586-group-fitness-class-fall-2026-small-group,"For the full class schedule, descriptions, and to register, please visit the UConn Recreation website."
Leadership & Public Service Scholarships Info Session (Virtual),Career and jobs,2026-10-05 12:30,2026-10-05 13:00,False,False,,,Office of National Scholarships & Fellowships (University of Connecticut),,True,False,https://events.uconn.edu/office-of-national-scholarships-fellowships/event/2236816-leadership-public-service-scholarships-info-session-,"Join the Office of National Scholarships & Fellowships to learn more about prestigious, nationally-competitive leadership and public service scholarships."
ULWR Research Session,Academic and research,2026-10-05 12:30,,False,False,Law Library Lab,Law Library Lab,Law Library Lab (University of Connecticut),,False,False,https://events.uconn.edu/law-library-lab/event/2272984-ulwr-research-session,Come in or join on Webex for research help and satisfy the research requirement for your ULWR paper. This session is hosted by Anne Rajotte.
AAC Hartford Workshop: Attention Management,Academic and research,2026-10-05 13:00,,False,False,HTB 202,HTB 202,Academic Achievement Center (University of Connecticut),,False,False,https://events.uconn.edu/academic-achievement-center/event/2372972-aac-hartford-workshop-attention-management,Discuss the issue of focusing on tasks. Then discover strategies that will help you focus in the future.
Converse with a Nurse-Waterbury,Health and wellness,2026-10-05 13:30,,False,False,UConn Waterbury,UConn Waterbury,Student Health and Wellness (University of Connecticut),Free,False,False,https://events.uconn.edu/student-health-and-wellness/event/2340228-converse-with-a-nurse,"Converse with a Nurse offers a weekly opportunity for students to engage with Nurse Elena around health topics/concerns outside of a formal appointment. Bring your questions, concerns and learn about our featured health topic of the week. There’s always something new!"
Let’s Talk with Fumi,Health and wellness,2026-10-05 14:00,2026-10-05 15:00,False,False,Hilda May Williams Building,Hilda May Williams Building,Student Health and Wellness (University of Connecticut),,False,False,https://events.uconn.edu/student-health-and-wellness/event/2304840-lets-talk-with-fumi,"The Let’s Talk: Mental Health Office Hours program provides informal, confidential consultation with therapists from SHaW. The service is free of charge and offered on a first come, first served basis. More info like other dates, time and location can be found here."
Barbershop Group,Health and wellness,2026-10-05 15:00,2026-10-05 16:00,False,False,Arjona Building,Arjona Building,Student Health and Wellness (University of Connecticut),,False,False,https://events.uconn.edu/live/events/2308681-barbershop-group,"Group therapy provides clinical support to foster healing for students managing mental health concerns while supporting their academic success. Facilitated by Mental Health providers, groups are designed to promote emotional well-being and increase connection and belonging. To join any group therapy session, please call SHaW at 860-486-4700. More info about SHaW’s Group Sessions."
Group Fitness Class – Spin & Strength,Sports and fitness,2026-10-05 15:00,2026-10-05 16:00,False,False,Student Recreation Center,Student Recreation Center,UConn Recreation (University of Connecticut),,False,False,https://events.uconn.edu/uconn-recreation/event/2460584-group-fitness-class-spin-strength,"For the full class schedule, descriptions, and to register, please visit the UConn Recreation website."
Huskies on Track: Navigating ADHD at UConn,Sports and fitness,2026-10-05 15:00,2026-10-05 16:30,False,False,Arjona Building,Arjona Building,Student Health and Wellness (University of Connecticut),,False,False,https://events.uconn.edu/student-health-and-wellness/event/2308696-huskies-on-track-navigating-adhd-at-uconn,"Group therapy provides clinical support to foster healing for students managing mental health concerns while supporting their academic success. Facilitated by Mental Health providers, groups are designed to promote emotional well-being and increase connection and belonging. To join any group therapy session, please call SHaW at 860-486-4700. More info about SHaW’s Group Sessions."
"PhD DocNet Forum - HKUST Business School, Hong Kong",Academic and research,2026-10-05 15:00,2026-10-05 18:30,False,False,,,School of Business (University of Connecticut),,False,False,https://events.uconn.edu/school-of-business/event/2254093-phd-docnet-forum-hkust-business-school-hong-kong,"The UConn School of Business offers areas of doctoral study in Accounting, Finance, Management, Marketing, and Operation and Information Management (OPIM). Register Here."
Group Fitness Class – Core Conditioning (30),Sports and fitness,2026-10-05 15:15,2026-10-05 15:45,False,False,Student Recreation Center,Student Recreation Center,UConn Recreation (University of Connecticut),,False,False,https://events.uconn.edu/uconn-recreation/event/2460583-group-fitness-class-core-conditioning-30,"For the full class schedule, descriptions, and to register, please visit the UConn Recreation website."
Group Fitness Class – 50/50,Sports and fitness,2026-10-05 16:00,2026-10-05 17:00,False,False,Student Recreation Center,Student Recreation Center,UConn Recreation (University of Connecticut),,False,False,https://events.uconn.edu/uconn-recreation/event/2460580-group-fitness-class-5050,"For the full class schedule, descriptions, and to register, please visit the UConn Recreation website."
Group Fitness Class – Power Yoga,Sports and fitness,2026-10-05 16:00,2026-10-05 17:00,False,False,Student Recreation Center,Student Recreation Center,UConn Recreation (University of Connecticut),,False,False,https://events.uconn.edu/uconn-recreation/event/2460581-group-fitness-class-power-yoga,"For the full class schedule, descriptions, and to register, please visit the UConn Recreation website."
Group Fitness Class – Spin (45),Sports and fitness,2026-10-05 16:00,2026-10-05 16:45,False,False,Student Recreation Center,Student Recreation Center,UConn Recreation (University of Connecticut),,False,False,https://events.uconn.edu/uconn-recreation/event/2460582-group-fitness-class-spin-45,"For the full class schedule, descriptions, and to register, please visit the UConn Recreation website."
PRIDE Support Group,Health and wellness,2026-10-05 16:00,2026-10-05 17:00,False,False,Arjona Building,Arjona Building,Student Health and Wellness (University of Connecticut),,False,False,https://events.uconn.edu/live/events/2308824-pride-support-group,"Group therapy provides clinical support to foster healing for students managing mental health concerns while supporting their academic success. Facilitated by Mental Health providers, groups are designed to promote emotional well-being and increase connection and belonging. To join any group therapy session, please call SHaW at 860-486-4700. More info about SHaW’s Group Sessions."
Group Fitness Class – Row & Strength,Sports and fitness,2026-10-05 16:15,2026-10-05 17:15,False,False,Student Recreation Center,Student Recreation Center,UConn Recreation (University of Connecticut),,False,False,https://events.uconn.edu/uconn-recreation/event/2460579-group-fitness-class-row-strength,"For the full class schedule, descriptions, and to register, please visit the UConn Recreation website."
Growth Through Grief: Drop-in Support Group,Health and wellness,2026-10-05 16:30,2026-10-05 17:30,False,False,Arjona Building,Arjona Building,Student Health and Wellness (University of Connecticut),Free,False,False,https://events.uconn.edu/student-health-and-wellness/event/2308710-growth-through-grief-drop-in-support-group,"Group therapy provides clinical support to foster healing for students managing mental health concerns while supporting their academic success. Facilitated by Mental Health providers, groups are designed to promote emotional well-being and increase connection and belonging. To join any group therapy session, please call SHaW at 860-486-4700. More info about SHaW’s Group Sessions."
12 Step Recovery Meetings at Cordial Storrs,Health and wellness,2026-10-05 17:00,2026-10-05 18:00,False,False,Cordial Storrs House,Cordial Storrs House,Student Health and Wellness (University of Connecticut),Free,False,False,https://events.uconn.edu/student-health-and-wellness/event/2368845-12-step-recovery-meetings-at-cordial-storrs,"SHaW’s 12 Step Recovery Meetings are available for UConn students on certain Mondays from 5:00 PM - 6:00 PM at the Cordial Storrs House. Other Mondays dates will be held at Young Person’s Meeting of Alcoholics Anonymous at Second Congregational Church, 1746 Boston Tpke in Coventry, CT."
Alumni Panel: From ACES to Career,Career and jobs,2026-10-05 17:00,2026-10-05 18:15,False,False,,,Academic Center for Exploratory Students (University of Connecticut),,True,False,https://events.uconn.edu/academic-center-for-exploratory-students/event/2434837-alumni-panel-from-aces-to-career,"Join us to hear from a panel of alumni about how they started their UConn experience in ACES, chose a major, and pursued a career after graduation. They’ll talk about the strategies they used to explore different major and career options, how they made decisions along the way, and what (if anything) they may have done differently."
Group Fitness Class – Spin,Sports and fitness,2026-10-05 17:00,2026-10-05 18:00,False,False,Student Recreation Center,Student Recreation Center,UConn Recreation (University of Connecticut),,False,False,https://events.uconn.edu/uconn-recreation/event/2460578-group-fitness-class-spin,"For the full class schedule, descriptions, and to register, please visit the UConn Recreation website."
Let’s Talk with Greg at Rec Center,Health and wellness,2026-10-05 17:00,2026-10-05 18:00,False,False,Student Recreation Center,Student Recreation Center,Student Health and Wellness (University of Connecticut),,False,False,https://events.uconn.edu/student-health-and-wellness/event/2406251-lets-talk-with-greg-at-rec-center,"The Let’s Talk: Mental Health Office Hours program provides informal, confidential consultation with therapists from SHaW. The service is free of charge and offered on a first come, first served basis. More info like other dates, time and location can be found here."
Pediatric Dentistry Externship Panel,Health and wellness,2026-10-05 17:00,2026-10-05 18:00,False,False,UConn Health,UConn Health,UConn Health Medical Dental Student Government (University of Connecticut),,False,False,https://events.uconn.edu/uconn-health-medical-dental-student-government/event/2378094-pediatric-dentistry-externship-panel,Learn about pediatric dentistry externships with 4th year dental students who have completed externships.
Group Fitness Class – ABC (45),Sports and fitness,2026-10-05 17:15,2026-10-05 18:00,False,False,Student Recreation Center,Student Recreation Center,UConn Recreation (University of Connecticut),,False,False,https://events.uconn.edu/uconn-recreation/event/2460576-group-fitness-class-abc-45,"For the full class schedule, descriptions, and to register, please visit the UConn Recreation website."
Group Fitness Class – Human Reformer Pilates,Sports and fitness,2026-10-05 17:15,2026-10-05 18:15,False,False,Student Recreation Center,Student Recreation Center,UConn Recreation (University of Connecticut),,False,False,https://events.uconn.edu/uconn-recreation/event/2460577-group-fitness-class-human-reformer-pilates,"For the full class schedule, descriptions, and to register, please visit the UConn Recreation website."
Flex & One-Year MBA Virtual Information Session,Academic and research,2026-10-05 17:30,2026-10-05 18:30,False,False,,,School of Business (University of Connecticut),,True,False,https://events.uconn.edu/school-of-business/event/2235288-flex-one-year-mba-virtual-information-session,Virtual Infosessions are an ideal opportunity to learn first-hand about our highly regarded program and hear from admissions representatives. Register Here
Group Fitness Class – Dance Fit (45),Sports and fitness,2026-10-05 18:15,2026-10-05 19:00,False,False,Student Recreation Center,Student Recreation Center,UConn Recreation (University of Connecticut),,False,False,https://events.uconn.edu/uconn-recreation/event/2460573-group-fitness-class-dance-fit-45,"For the full class schedule, descriptions, and to register, please visit the UConn Recreation website."
Group Fitness Class – Spin,Sports and fitness,2026-10-05 18:15,2026-10-05 19:15,False,False,Student Recreation Center,Student Recreation Center,UConn Recreation (University of Connecticut),,False,False,https://events.uconn.edu/uconn-recreation/event/2460574-group-fitness-class-spin,"For the full class schedule, descriptions, and to register, please visit the UConn Recreation website."
Group Fitness Class – Upper Body Sculpt (30),Sports and fitness,2026-10-05 18:15,2026-10-05 18:45,False,False,Student Recreation Center,Student Recreation Center,UConn Recreation (University of Connecticut),,False,False,https://events.uconn.edu/uconn-recreation/event/2460575-group-fitness-class-upper-body-sculpt-30,"For the full class schedule, descriptions, and to register, please visit the UConn Recreation website."
Group Fitness Class – Barre,Sports and fitness,2026-10-05 18:30,2026-10-05 19:30,False,False,Student Recreation Center,Student Recreation Center,UConn Recreation (University of Connecticut),,False,False,https://events.uconn.edu/uconn-recreation/event/2460572-group-fitness-class-barre,"For the full class schedule, descriptions, and to register, please visit the UConn Recreation website."
Traction Workshop: The Business Model with Michelle Cote,Career and jobs,2026-10-05 18:30,2026-10-05 19:30,False,False,,,Connecticut Center for Entrepreneurship and Innovation (University of Connecticut),,True,False,https://events.uconn.edu/connecticut-center-for-entrepreneurship-and-innovation/event/2435768-traction-workshop-the-business-model-with-michelle-c,"​In this workshop, we’ll discuss the key components of a business model (and the short form version, referred to as a Business Model Canvas) and how we can use it to highlight value creation and identify risks and assumptions in your business. All participants will leave the session having begun (or honed an existing!) business model canvas."
Group Fitness Class – Total Body Strength,Sports and fitness,2026-10-05 19:15,2026-10-05 20:15,False,False,Student Recreation Center,Student Recreation Center,UConn Recreation (University of Connecticut),,False,False,https://events.uconn.edu/uconn-recreation/event/2460571-group-fitness-class-total-body-strength,"For the full class schedule, descriptions, and to register, please visit the UConn Recreation website."
Group Fitness Class – Power Pilates,Sports and fitness,2026-10-05 19:30,2026-10-05 20:30,False,False,Student Recreation Center,Student Recreation Center,UConn Recreation (University of Connecticut),,False,False,https://events.uconn.edu/uconn-recreation/event/2460569-group-fitness-class-power-pilates,"For the full class schedule, descriptions, and to register, please visit the UConn Recreation website."
Group Fitness Class – Spin (45),Sports and fitness,2026-10-05 19:30,2026-10-05 20:15,False,False,Student Recreation Center,Student Recreation Center,UConn Recreation (University of Connecticut),,False,False,https://events.uconn.edu/uconn-recreation/event/2460570-group-fitness-class-spin-45,"For the full class schedule, descriptions, and to register, please visit the UConn Recreation website."
Jorgensen Gallery: “Flesh and Fable” Exhibition,Music and performance,2026-10-06 00:00,,True,False,Jorgensen Center,Jorgensen Center,Jorgensen Center for the Performing Arts (University of Connecticut),Free,False,False,https://events.uconn.edu/jorgensen-center-for-the-performing-arts/event/2406238-jorgensen-gallery-flesh-and-fable-exhibition,"Afarin Rahmanifar, M.F.A., is an Iranian American mixed-media artist, curator, educator, and Associate Professor of Painting and Drawing at Eastern Connecticut State University, where she has taught since 2013. Born in Iran and displaced after the 1979 Revolution, her work is shaped by themes of memory, exile, identity, and transformation. Using fragmented anatomical forms, Persian visual traditions, and the women of the Shahnameh, she examines how memory and cultural inheritance shape identity and belonging. Through painting, drawing, collage, textile, and mixed media, she layers and reconstructs the female body as an act of remembrance and reclamation— honoring women whose stories have been overlooked or silenced."
National 4-H Week,Community and service,2026-10-06 00:00,,True,False,,,Extension (University of Connecticut),,False,False,https://events.uconn.edu/extension/event/2272570-national-4-h-week,
Davis Training,Academic and research,2026-10-06 05:30,,False,False,,,Law School (University of Connecticut),,False,False,https://events.uconn.edu/law-school/event/2422336-davis-training,William R’ Davis Competition Training
Group Fitness Class – Spin (45),Sports and fitness,2026-10-06 06:45,2026-10-06 07:30,False,False,Student Recreation Center,Student Recreation Center,UConn Recreation (University of Connecticut),,False,False,https://events.uconn.edu/uconn-recreation/event/2460568-group-fitness-class-spin-45,"For the full class schedule, descriptions, and to register, please visit the UConn Recreation website."
Group Fitness Class – Barre (45),Sports and fitness,2026-10-06 07:00,2026-10-06 07:45,False,False,Student Recreation Center,Student Recreation Center,UConn Recreation (University of Connecticut),,False,False,https://events.uconn.edu/uconn-recreation/event/2460567-group-fitness-class-barre-45,"For the full class schedule, descriptions, and to register, please visit the UConn Recreation website."
Group Fitness Class – Spin (45),Sports and fitness,2026-10-06 08:00,2026-10-06 08:45,False,False,Student Recreation Center,Student Recreation Center,UConn Recreation (University of Connecticut),,False,False,https://events.uconn.edu/uconn-recreation/event/2460566-group-fitness-class-spin-45,"For the full class schedule, descriptions, and to register, please visit the UConn Recreation website."
Bagels & Beyond,Other,2026-10-06 09:00,2026-10-06 10:30,False,False,UConn Stamford,UConn Stamford,UConn Stamford (University of Connecticut),,False,False,https://events.uconn.edu/uconn-stamford/event/2250896-bagels-beyond,"Join us from 9 -10:30 AM on the Concourse for breakfast! Each week a different department will host a bagel breakfast where you can stop by and learn about the services offered by that department while grabbing a bagel for breakfast! Condiments will be provided as well. Stop by the table, we look forward to seeing you!"
Bagels & Beyond: Career Edition,Career and jobs,2026-10-06 09:00,2026-10-06 10:30,False,False,UConn Stamford,UConn Stamford,Center for Career Development (University of Connecticut),,False,False,https://events.uconn.edu/center-for-career-development/event/2249660-bagels-beyond-career-edition,Start your day with free bagels while getting career-ready! Stop by for quick tips on how to prepare for the upcoming UConn Stamford Fall Career Fair and learn about the career resources and services available to support you. Register here
"Gradescope: Quick, Flexible Grading",Academic and research,2026-10-06 09:00,,False,False,,,Center for Excellence in Teaching and Learning (CETL) (University of Connecticut),,True,False,https://events.uconn.edu/center-for-excellence-in-teaching-and-learning/event/2325977-gradescope-quick-flexible-grading,"Gradescope: Quick, Flexible Grading October 6, 9:00-10:00 Presenter: Samantha Hannagan Hosting in-person assessments? Gradescope makes grading efficient and flexible for instructors with its Bubble Sheet feature. This 45-minute workshop will cover how to create, administer, and grade Bubble Sheet exams using Gradescope. We will briefly discuss additional grading features Gradescope has to offer, as well. Register - https://fins.uconn.edu/secure_inst/workshops/workshop_view.php?ser=3987"
Sexpert Peer Health Educator Drop In Hours,Health and wellness,2026-10-06 09:00,2026-10-06 18:00,False,False,Wilson Hall South Building,Wilson Hall South Building,Student Health and Wellness (University of Connecticut),Free,False,False,https://events.uconn.edu/student-health-and-wellness/event/2388356-sexpert-peer-health-educator-drop-in-hours,"Have questions about sex? Need help connecting to sexual health resources? Just need someone to talk to about sex and relationships? Stop by Wilson Hall, South Campus, room 106 to connect with a Sexpert Peer Health Educator and a non-judgmental, welcoming space to discuss all things sex! For more information and to see our Fall 2026 hours, visit: studenthealth.uconn.edu/sexperts"
Initial Laboratory Safety & Chemical Waste Management Training,Health and wellness,2026-10-06 09:15,2026-10-06 11:45,False,False,Chemistry Building,Chemistry Building,Environmental Health & Safety (University of Connecticut),,False,False,https://events.uconn.edu/environmental-health-and-safety/event/2300868-initial-laboratory-safety-chemical-waste-management-,"INTENDED AUDIENCE: New faculty, staff, students, visitors, and other individuals working in laboratories where hazardous chemicals are used or stored. For further details, visit HuskySMS"
VaMP & VA Meet and Greet @ Hartford,Community and service,2026-10-06 10:00,2026-10-06 14:00,False,False,Hartford Times Building (Hartford),Hartford Times Building (Hartford),UConn Veterans & Military Programs (University of Connecticut),,False,False,https://events.uconn.edu/live/events/2230430-vamp-va-meet-and-greet-hartford,"Stop by for a cup of coffee as you meet the Veterans and Military Programs team along with Federal VA representatives at UConn Hartford! We’ll be available to answer questions regarding education, healthcare, disability claims, and more. We look forward to meeting with you!"
Preventative Health 101 with Nurse Dax - Hartford,Health and wellness,2026-10-06 10:30,2026-10-06 11:30,False,False,Hartford Times Building (Hartford),Hartford Times Building (Hartford),Student Health and Wellness (University of Connecticut),Free,False,False,https://events.uconn.edu/live/events/2430199-converse-with-a-nurse-hartford,Learn about preventative health screenings and wellness routines to stay healthy as a student.
Hartford Times Cafe Latine Lunch,Food and dining,2026-10-06 11:00,2026-10-06 15:00,False,False,,,Dining Services (University of Connecticut),,False,False,https://events.uconn.edu/dining-services/event/2426557-hartford-times-cafe-latine-lunch,Stop by the Hartford Times Cafe for a Latine Lunch!
Neurodiversity and Neuroinclusivity 101,Academic and research,2026-10-06 11:00,,False,False,,,Center for Excellence in Teaching and Learning (CETL) (University of Connecticut),,True,False,https://events.uconn.edu/center-for-excellence-in-teaching-and-learning/event/2421777-neurodiversity-and-neuroinclusivity-101,"The world is neurodiverse, and there is a growing awareness that our environments - classrooms, offices, universities - need to adapt to become more neuroinclusive. This workshop will have two main parts. First is an introduction to the concepts of neurodiversity and neurodivergent learners - who are these folks, what strengths do they bring to the classroom and where they might struggle. Second, we will discuss action areas in which we can all take steps to make our classrooms, offices and contexts more neuroinclusive. Register - https://fins.uconn.edu/secure_inst/workshops/workshop_view.php?ser=4022"
OICR Faculty and Staff Coffee Hour [Virtual],Food and dining,2026-10-06 11:30,2026-10-06 12:30,False,False,,,Office for Inclusion and Civil Rights (University of Connecticut),Free,True,False,https://events.uconn.edu/live/events/2366642-oicr-faculty-and-staff-coffee-hour-virtual,"The OICR Virtual Coffee Hour provides an informal space for colleagues to connect and build community. There is no set agenda; topics and activities emerge organically based on who is in the room. Whether you want to share what’s on your mind, celebrate a win, or simply enjoy good company, you’re welcome to join. Drop in whenever you can and stay as long as you’d like."
Research in Action: Elizabeth Mahan Fund Scholar Showcase,Academic and research,2026-10-06 11:30,,False,False,Ryan Building,Ryan Building,el Instituto (University of Connecticut),Free,False,False,https://events.uconn.edu/el-instituto/event/2266557-research-in-action-elizabeth-mahan-fund-scholar,"Every academic year, El Instituto awards fellowships to support graduate student research or creative projects focused on Latina/o and Latin American Studies. Join the Fellowship Awardees from El Instituto for their research presentations during the Fall semester. Please note that registration is required to attend in person due to limited seating. ———————————— Presenter: Beatriz Torres Do Nascimento Title: “From Brazil to the U.S.: The Reconfiguration of Privilege and Racial Identity Among Brazilian Immigrants” This presentation will focus on the findings that I’ve got from my fieldwork, including the interviews with Brazilians immigrants’ families and field notes. I will also share a few hypotheses according to my initial perceptions."
Tap-In Tuesday Career Conversations,Career and jobs,2026-10-06 11:30,2026-10-06 13:30,False,False,UConn Hartford,UConn Hartford,UConn Hartford (University of Connecticut),,False,False,https://events.uconn.edu/uconn-hartford/event/2272747-tap-in-tuesday-career-conversations,"Career Conversations is a casual, student-centered career and employer engagement series that allows students to meet employers, alumni, campus partners, and career staff to discuss internships, volunteer opportunities, career pathways, organizational culture, and strategies for securing opportunities. This generalized name replaces day-specific branding such as Tap-In Tuesday or Workin’ Wednesday"
Group Fitness Class – Spin (45),Sports and fitness,2026-10-06 11:45,2026-10-06 12:30,False,False,Student Recreation Center,Student Recreation Center,UConn Recreation (University of Connecticut),,False,False,https://events.uconn.edu/uconn-recreation/event/2460565-group-fitness-class-spin-45,"For the full class schedule, descriptions, and to register, please visit the UConn Recreation website."
Career Tuesday In Person- Greentech Renewables,Career and jobs,2026-10-06 12:00,2026-10-06 14:30,False,False,School of Business,School of Business,School of Business Career Development (University of Connecticut),Free,False,False,https://events.uconn.edu/business-career-development/event/2277503-career-tuesday-in-person-greentech-renewables,Career Tuesdays IN PERSON at the School of Business . Come meet top employers who are hiring in a casual setting.
Career Tuesday In Person- The Hartford,Career and jobs,2026-10-06 12:00,2026-10-06 14:30,False,False,School of Business,School of Business,School of Business Career Development (University of Connecticut),Free,False,False,https://events.uconn.edu/business-career-development/event/2331570-career-tuesday-in-person-the-hartford,Career Tuesdays IN PERSON at the School of Business . Come meet top employers who are hiring in a casual setting.
Employee Appreciation Week: Booktivity Chat,Other,2026-10-06 12:00,2026-10-06 12:30,False,False,UConn Health,UConn Health,UConn Health (University of Connecticut),,False,False,https://events.uconn.edu/uconn-health/event/2405737-employee-appreciation-week-booktivity-chat,"We’re excited to have you join us on Tuesday, October 6 as we celebrate the many ways books, creativity, and storytelling bring us together during Employee Appreciation Week."
"Major Expo: Arts, Cultures, Humanities, and Education",Academic and research,2026-10-06 12:00,2026-10-06 14:00,False,False,Rowe Center,Rowe Center,Academic Center for Exploratory Students (University of Connecticut),,False,False,https://events.uconn.edu/academic-center-for-exploratory-students/event/2434832-major-expo-arts-cultures-humanities-and-education,"The Major Experience invites you to explore majors in the Arts, Cultures, Education, and Humanities! Connect with representatives from various majors in these fields to learn about academic paths and career opportunities. Enjoy dairy bar ice cream as you explore your major options! RSVP HERE"
Molecular Biology and Biophysics Seminar: Dr. Nele Hollmann,Academic and research,2026-10-06 12:00,2026-10-06 13:00,False,False,Low Learning Center and Webex,Low Learning Center and Webex,UConn Health Molecular Biology and Biophysics (University of Connecticut),,False,False,https://events.uconn.edu/live/events/2244881-molecular-biology-and-biophysics-seminar-dr-nele,"Dr. Nele Hollman, Principal Investigator, Biochemistry and Molecular Biology, University of Georgia Title: “Decoding viral RNPs through integrative structural biology” Host: Dr. Bernd Simon"
Public Health 101,Other,2026-10-06 12:00,2026-10-06 13:00,False,False,UConn Waterbury,UConn Waterbury,UConn Waterbury (University of Connecticut),,False,False,https://events.uconn.edu/uconn-waterbury/event/2337092-public-health-101,"Public Health 101 aims to demonstrate how your skills can positively impact communities. Join a student-led session to learn about public health, the roles of professionals, and the support they provide to communities, regardless of your major."
UConn Hartford Inaugural Data Summit,Other,2026-10-06 12:00,2026-10-06 15:00,False,False,Hartford Public Library (Hartford),Hartford Public Library (Hartford),UConn Hartford (University of Connecticut),,False,False,https://events.uconn.edu/uconn-hartford/event/2401114-uconn-hartford-inaugural-data-summit,"The UConn Hartford Inaugural Data Summit will engage faculty and staff in review and discussion of data about students and student success, with an aim toward designing interventions to support students."
Group Fitness Class – DEKA/HYROX Training (45),Sports and fitness,2026-10-06 12:05,2026-10-06 12:50,False,False,Student Recreation Center,Student Recreation Center,UConn Recreation (University of Connecticut),,False,False,https://events.uconn.edu/uconn-recreation/event/2460562-group-fitness-class-dekahyrox-training-45,"For the full class schedule, descriptions, and to register, please visit the UConn Recreation website."
Group Fitness Class – Fall 2026 - Small Group Hybrid Fitness Training - Session 3 (Tue/Thu 12:05pm) w/ Ian,Sports and fitness,2026-10-06 12:05,2026-10-06 12:55,False,False,Student Recreation Center,Student Recreation Center,UConn Recreation (University of Connecticut),,False,False,https://events.uconn.edu/uconn-recreation/event/2460563-group-fitness-class-fall-2026-small-group,"For the full class schedule, descriptions, and to register, please visit the UConn Recreation website."
Group Fitness Class – Power Pilates,Sports and fitness,2026-10-06 12:05,2026-10-06 12:50,False,False,Student Recreation Center,Student Recreation Center,UConn Recreation (University of Connecticut),,False,False,https://events.uconn.edu/uconn-recreation/event/2460564-group-fitness-class-power-pilates,"For the full class schedule, descriptions, and to register, please visit the UConn Recreation website."
AAC Waterbury Workshop: talking to Professors,Academic and research,2026-10-06 12:30,,False,False,Rectory Building (Waterbury),Rectory Building (Waterbury),Academic Achievement Center (University of Connecticut),,False,False,https://events.uconn.edu/academic-achievement-center/event/2373856-aac-waterbury-workshop-talking-to-professors,"Do you know how to effectively communicate with your professor? This workshop will provide strategies to improve your communication skills during office hours, sending emails, and what are the “right” questions that will prepare you for your test."
Leadership & Public Service Scholarships Info Session (Virtual),Career and jobs,2026-10-06 12:30,2026-10-06 13:00,False,False,,,Office of National Scholarships & Fellowships (University of Connecticut),,True,False,https://events.uconn.edu/office-of-national-scholarships-fellowships/event/2236817-leadership-public-service-scholarships-info-session-,"Join the Office of National Scholarships & Fellowships to learn more about prestigious, nationally-competitive leadership and public service scholarships."
Talking to Professors - Workshop,Academic and research,2026-10-06 12:30,,False,False,Rectory Building (Waterbury),Rectory Building (Waterbury),UConn Waterbury (University of Connecticut),,False,False,https://events.uconn.edu/uconn-waterbury/event/2337089-talking-to-professors-workshop,Join us in the Academic Achievement Center (AAC) for a workshop on TALKING TO PROFESSORS to achieve academic success
What You Need to Know NOW About Recruiting,Academic and research,2026-10-06 12:30,2026-10-06 13:45,False,False,UConn Law,UConn Law,Law School (University of Connecticut),,False,False,https://events.uconn.edu/law-school/event/2226132-what-you-need-to-know-now-about-recruiting,About the Program: Join us for an informative session and Q&A to learn about the recruiting process and how it factors into your summer job search! You Will Learn: • What you should be doing now to put yourself in the best position for a successful Summer 2027 job search • Recruiting and other application timelines for your summer job search • Summer job search strategies Who Should Attend: Class of 2029 law students who are interested in learning about how to pursue a summer 2027 job through OCI and direct applications. The presentation will be focused on Day Division student considerations and deadlines but is open for all students.
Holistic Huskies Mindfulness Drop-ins,Sports and fitness,2026-10-06 13:00,2026-10-06 15:00,False,False,Homer Babbidge Library,Homer Babbidge Library,Student Health and Wellness (University of Connecticut),Free,False,False,https://events.uconn.edu/student-health-and-wellness/event/2422234-holistic-huskies-mindfulness-drop-ins,Holistic Huskies Mindfulness sessions are held every Tuesdays from 1 pm – 3 pm in HBL room 1131. Drop-in! No appointment necessary.
Resume Rescue (Drop In Hours),Career and jobs,2026-10-06 13:00,2026-10-06 15:00,False,False,UConn Stamford,UConn Stamford,Center for Career Development (University of Connecticut),,False,False,https://events.uconn.edu/center-for-career-development/event/2367758-resume-rescue-drop-in-hours,Does your resume need a little TLC? Drop by for a 10-minute personalized feedback session and get helpful tips to add the finishing touches and make your resume Career Fair-ready.
"Tune In, Time Out: Library Mindfulness Lounge",Health and wellness,2026-10-06 13:00,2026-10-06 15:00,False,False,Homer Babbidge Library,Homer Babbidge Library,Libraries (University of Connecticut),Free,False,False,https://events.uconn.edu/libraries/event/2363986-tune-in-time-out-library-mindfulness-lounge,"Wherever you are in your life, whoever you are today, take a break from the noise in Homer Babbidge Library."
CANCELED: Let’s Talk with Jessica,Health and wellness,2026-10-06 13:15,2026-10-06 14:15,False,False,Wilbur Cross,Wilbur Cross,Student Health and Wellness (University of Connecticut),,False,True,https://events.uconn.edu/student-health-and-wellness/event/2304854-lets-talk-with-jessica,"The Let’s Talk: Mental Health Office Hours program provides informal, confidential consultation with therapists from SHaW. The service is free of charge and offered on a first come, first served basis. More info like other dates, time and location can be found here."
Let’s Talk with Michelle,Health and wellness,2026-10-06 13:30,2026-10-06 14:30,False,False,Student Union,Student Union,Student Health and Wellness (University of Connecticut),,False,True,https://events.uconn.edu/live/events/2304868-lets-talk-with-michelle,"The Let’s Talk: Mental Health Office Hours program provides informal, confidential consultation with therapists from SHaW. The service is free of charge and offered on a first come, first served basis. More info like other dates, time and location can be found here."
"Chemistry Colloquium: Emma McInturff, Pfizer",Academic and research,2026-10-06 14:00,,False,False,Chemistry Building,Chemistry Building,Chemistry Department (University of Connecticut),,False,False,https://events.uconn.edu/chemistry-department/event/2308250-chemistry-colloquium-emma-mcinturff-pfizer,"Chemistry Colloquium Emma McInturff, Pfizer | Host: Amy Howell Development of a Commercial Process for Nirmatrelvir"
Group Fitness Class – Yoga Flow,Sports and fitness,2026-10-06 14:00,2026-10-06 15:00,False,False,Student Recreation Center,Student Recreation Center,UConn Recreation (University of Connecticut),,False,False,https://events.uconn.edu/uconn-recreation/event/2460561-group-fitness-class-yoga-flow,"For the full class schedule, descriptions, and to register, please visit the UConn Recreation website."
Could Teaching be your Major? A Student Panel on the Neag IB/M Program,Academic and research,2026-10-06 15:00,2026-10-06 16:00,False,False,Gentry Building,Gentry Building,Academic Center for Exploratory Students (University of Connecticut),,False,False,https://events.uconn.edu/academic-center-for-exploratory-students/event/2434854-could-teaching-be-your-major-a-student-panel-on,"Explore teaching with this panel of current students in the Neag School of Education’s Integrated Bachelor’s/Master’s (IB/M) program. Hear what it is like to pursue teacher education at UConn, including academics, field experiences, workload, student teaching, community, and career preparation. RSVP HERE"
Group Fitness Class – Spin (45),Sports and fitness,2026-10-06 15:00,2026-10-06 15:45,False,False,Student Recreation Center,Student Recreation Center,UConn Recreation (University of Connecticut),,False,False,https://events.uconn.edu/uconn-recreation/event/2460560-group-fitness-class-spin-45,"For the full class schedule, descriptions, and to register, please visit the UConn Recreation website."
Group Fitness Class – Upper Body Sculpt (30),Sports and fitness,2026-10-06 15:15,2026-10-06 15:45,False,False,Student Recreation Center,Student Recreation Center,UConn Recreation (University of Connecticut),,False,False,https://events.uconn.edu/uconn-recreation/event/2460559-group-fitness-class-upper-body-sculpt-30,"For the full class schedule, descriptions, and to register, please visit the UConn Recreation website."
AAC Hartford Workshop: Strategies For Deeper Learning,Academic and research,2026-10-06 15:30,,False,False,HTB 202,HTB 202,Academic Achievement Center (University of Connecticut),,False,False,https://events.uconn.edu/academic-achievement-center/event/2372982-aac-hartford-workshop-strategies-for-deeper,Have one go to strategy to study? Want more in your tool belt? This presentation will discuss methods to approach your coursework.
Interpersonal Group for Undergraduate Students,Health and wellness,2026-10-06 15:30,2026-10-06 16:30,False,False,Arjona Building,Arjona Building,Student Health and Wellness (University of Connecticut),Free,False,False,https://events.uconn.edu/student-health-and-wellness/event/2308744-interpersonal-group-for-undergraduate-students,"Group therapy provides clinical support to foster healing for students managing mental health concerns while supporting their academic success. Facilitated by Mental Health providers, groups are designed to promote emotional well-being and increase connection and belonging. To join any group therapy session, please call SHaW at 860-486-4700. More info about SHaW’s Group Sessions."
MCB Seminar Series: Andrea Suria,Academic and research,2026-10-06 15:30,,False,False,Biology/Physics Building,Biology/Physics Building,Molecular and Cell Biology (University of Connecticut),,False,False,https://events.uconn.edu/molecular-and-cell-biology/event/2274916-mcb-seminar-series-andrea-suria,"Andrea Suria Ohio Wesleyan University Host: Eric May Short Bio: Andrea received her B.S. in Biology from Fairleigh Dickinson University and her PhD in Molecular & Cell Biology with a concentration in Microbiology from the University of Connecticut. She completed an NIH IRACDA Postdoctoral Fellowship at the University of North Carolina at Chapel Hill. She is currently an Assistant Professor in Biological Sciences at Ohio Wesleyan University, where she teaches molecular genetics and upper level microbiology courses. Her lab studies the molecular mechanisms of bacterial competition in host-microbe symbioses. Publications: https://www.frontiersin.org/journals/microbiology/articles/10.3389/fmicb.2022.988044/full https://journals.asm.org/doi/10.1128/mbio.02376-19 https://journals.asm.org/doi/10.1128/msphere.00166-20 Suria Lab Website"
Leveraging AI for Career Success,Career and jobs,2026-10-06 15:35,2026-10-06 16:25,False,False,UConn Storrs,UConn Storrs,Center for Career Development (University of Connecticut),,False,False,https://events.uconn.edu/center-for-career-development/event/2456132-leveraging-ai-for-career-success,"This presentation will provide an overview of the Center, including its services and resources, followed by practical guidance on how students can leverage AI effectively and responsibly for their job and internship searches."
Group Fitness Class – Power Yoga,Sports and fitness,2026-10-06 16:00,2026-10-06 17:00,False,False,Student Recreation Center,Student Recreation Center,UConn Recreation (University of Connecticut),,False,False,https://events.uconn.edu/uconn-recreation/event/2460555-group-fitness-class-power-yoga,"For the full class schedule, descriptions, and to register, please visit the UConn Recreation website."
Group Fitness Class – Spin (45),Sports and fitness,2026-10-06 16:00,2026-10-06 16:45,False,False,Student Recreation Center,Student Recreation Center,UConn Recreation (University of Connecticut),,False,False,https://events.uconn.edu/uconn-recreation/event/2460556-group-fitness-class-spin-45,"For the full class schedule, descriptions, and to register, please visit the UConn Recreation website."
Group Fitness Class – Total Body Strength,Sports and fitness,2026-10-06 16:00,2026-10-06 17:00,False,False,Student Recreation Center,Student Recreation Center,UConn Recreation (University of Connecticut),,False,False,https://events.uconn.edu/uconn-recreation/event/2460558-group-fitness-class-total-body-strength,"For the full class schedule, descriptions, and to register, please visit the UConn Recreation website."
"Liberation Summer, a book launch with Micki McElya",Academic and research,2026-10-06 16:00,2026-10-06 17:30,False,False,Homer Babbidge Library,Homer Babbidge Library,Humanities Institute (University of Connecticut),,False,False,https://events.uconn.edu/live/events/2245808-emliberation-summerem-a-book-launch-with-micki-mcely,"Celebrating the publication of former UCHI fellow Micki McElya’s (Professor of History & Affiliate faculty in Africana Studies) new book, Liberation Summer: The Moment That Changed the Women’s Movement and the Future of American Politics (Simon & Schuster)"
Pet Therapy at Cordial Storrs House,Health and wellness,2026-10-06 16:00,2026-10-06 18:00,False,False,Cordial Storrs House,Cordial Storrs House,Student Health and Wellness (University of Connecticut),Free,False,False,https://events.uconn.edu/student-health-and-wellness/event/2337121-pet-therapy-at-cordial-storrs-house,"Take a break from your schoolwork and come spend a little time with one of the therapy dogs from Tails of Joy. Pet Therapy is known to reduce stress, anxiety and to build empathy."
Summer Program in S. Korea Info Session,Community and service,2026-10-06 16:30,,False,False,PRLACC (SU 438),PRLACC (SU 438),Puerto Rican Latin American Cultural Center (University of Connecticut),,False,False,https://events.uconn.edu/live/events/2430723-summer-program-in-s-korea-info-session,Interested in study abroad but unsure where to go? Looking for something unexpected? Want to earn credits while having an incredible experience? Come learn about this amazing study abroad opporutnity!
Group Fitness Class – Dance Sculpt,Sports and fitness,2026-10-06 17:00,2026-10-06 18:00,False,False,Student Recreation Center,Student Recreation Center,UConn Recreation (University of Connecticut),,False,False,https://events.uconn.edu/uconn-recreation/event/2460552-group-fitness-class-dance-sculpt,"For the full class schedule, descriptions, and to register, please visit the UConn Recreation website."
Group Fitness Class – Spin,Sports and fitness,2026-10-06 17:00,2026-10-06 18:00,False,False,Student Recreation Center,Student Recreation Center,UConn Recreation (University of Connecticut),,False,False,https://events.uconn.edu/uconn-recreation/event/2460554-group-fitness-class-spin,"For the full class schedule, descriptions, and to register, please visit the UConn Recreation website."
Inaugural Jeanine Armstrong Gouin Women in Leadership in Engineering Lectureship,Academic and research,2026-10-06 17:00,2026-10-06 20:00,False,False,IPB,IPB,College of Engineering (University of Connecticut),,False,False,https://events.uconn.edu/engineering/event/2335271-inaugural-jeanine-armstrong-gouin-women-in,"Celebrate leadership, innovation, and the impact of women in engineering. Connect with alumni, students, faculty, and industry leaders for an inspiring evening of conversation, networking, and community."
UConn Candlelight Vigil in Honor of Domestic Violence Awareness Month,Other,2026-10-06 17:00,2026-10-06 18:30,False,False,Student Union,Student Union,Women's Center (University of Connecticut),,False,False,https://events.uconn.edu/live/events/2455301-uconn-candlelight-vigil-in-honor-of-domestic,"The Candlelight Vigil is a time of sadness, mourning, celebration and, hope. We organize a candlelight vigil to read poems and remember those who have passed because of DV. We maintain our strong hope and determination that through our work and commitment, we WILL one day end the crime of domestic violence."
Group Fitness Class – Core Conditioning (30),Sports and fitness,2026-10-06 17:15,2026-10-06 17:45,False,False,Student Recreation Center,Student Recreation Center,UConn Recreation (University of Connecticut),,False,False,https://events.uconn.edu/uconn-recreation/event/2460550-group-fitness-class-core-conditioning-30,"For the full class schedule, descriptions, and to register, please visit the UConn Recreation website."
Group Fitness Class – Yoga Flow,Sports and fitness,2026-10-06 17:15,2026-10-06 18:15,False,False,Student Recreation Center,Student Recreation Center,UConn Recreation (University of Connecticut),,False,False,https://events.uconn.edu/uconn-recreation/event/2460551-group-fitness-class-yoga-flow,"For the full class schedule, descriptions, and to register, please visit the UConn Recreation website."
Continuing Education - Challenging Stereotypes of the Black Woman,Academic and research,2026-10-06 17:30,2026-10-06 20:00,False,False,,,School of Social Work (University of Connecticut),,True,False,https://events.uconn.edu/school-of-social-work/event/2296204-continuing-education-challenging-stereotypes-of,Continuing Education seminar for Social Work professionals. Participants earn Continuing Education Credits (CECs) for re-licensure.
Group Fitness Class – Stretch & Foam Roll (30),Sports and fitness,2026-10-06 17:30,2026-10-06 18:00,False,False,Student Recreation Center,Student Recreation Center,UConn Recreation (University of Connecticut),,False,False,https://events.uconn.edu/uconn-recreation/event/2460549-group-fitness-class-stretch-foam-roll-30,"For the full class schedule, descriptions, and to register, please visit the UConn Recreation website."
Online MBA Virtual Information Session,Academic and research,2026-10-06 17:30,2026-10-06 18:30,False,False,,,School of Business (University of Connecticut),,True,False,https://events.uconn.edu/school-of-business/event/2235284-online-mba-virtual-information-session,Virtual Infosessions are an ideal opportunity to learn first-hand about our highly regarded program and hear from admissions representatives. Register Here
AAC Storrs Workshop: Strategies for Deeper Learning,Academic and research,2026-10-06 18:00,,False,False,Rowe Center,Rowe Center,Academic Achievement Center (University of Connecticut),,False,False,https://events.uconn.edu/academic-achievement-center/event/2371941-aac-storrs-workshop-strategies-for-deeper-learning,Have one go to strategy to study? Want more in your tool belt? This presentation will discuss methods to approach your coursework.
Group Fitness Class – 50/50,Sports and fitness,2026-10-06 18:00,2026-10-06 19:00,False,False,Student Recreation Center,Student Recreation Center,UConn Recreation (University of Connecticut),,False,False,https://events.uconn.edu/uconn-recreation/event/2460548-group-fitness-class-5050,"For the full class schedule, descriptions, and to register, please visit the UConn Recreation website."
Hocus POCUS,Health and wellness,2026-10-06 18:00,2026-10-06 20:00,False,False,UConn Health,UConn Health,UConn Health Medical Dental Student Government (University of Connecticut),,False,False,https://events.uconn.edu/uconn-health-medical-dental-student-government/event/2389195-hocus-pocus,"This event, named after the best Halloween movie of all time, will have many fun stations to get you all in the Halloween spirit , and introduce you to various point of care ultrasound modalities. There will be plenty of candy, a costume contest, ultrasound guided IV practice, spooky ultrasound scenarios, scary object phantom finding, and pumpkin painting!"
Info Session - Teacher Certification Program for College Graduates,Academic and research,2026-10-06 18:00,2026-10-06 19:00,False,False,,,Neag School of Education (University of Connecticut),,True,False,https://events.uconn.edu/neag-school-of-education/event/2398683-info-session-teacher-certification-program-for-colle,"The Neag School’s Teacher Certification Program for College Graduates (TCPCG), leads to Connecticut Teacher Certification and a Master of Arts degree in just 10 months. Info sessions provide students an opportunity to gain an in-depth understanding of the program and ask questions. Please register on the Graduate School’s website."
MS HRM Virtual Information Session,Academic and research,2026-10-06 18:00,2026-10-06 19:00,False,False,,,School of Business (University of Connecticut),,True,False,https://events.uconn.edu/school-of-business/event/2263803-ms-hrm-virtual-information-session,"The HRM Virtual Infosessions are an ideal opportunity to learn first-hand about our highly regarded program, hear from admissions representatives. Register Here."
UConn Men’s Soccer vs Bryant- Cancer Awareness,Sports and fitness,2026-10-06 18:00,2026-10-06 20:00,False,False,"Storrs, CT, Joseph J. Morrone Stadium at Rizza Performance Center","Storrs, CT, Joseph J. Morrone Stadium at Rizza Performance Center",Athletics (University of Connecticut),,False,False,https://events.uconn.edu/athletics/event/2217550-uconn-mens-soccer-vs-bryant,View UConn Men’s Soccer’s full schedule.
Group Fitness Class – Power Barre,Sports and fitness,2026-10-06 18:15,2026-10-06 19:15,False,False,Student Recreation Center,Student Recreation Center,UConn Recreation (University of Connecticut),,False,False,https://events.uconn.edu/uconn-recreation/event/2460546-group-fitness-class-power-barre,"For the full class schedule, descriptions, and to register, please visit the UConn Recreation website."
Group Fitness Class – Spin,Sports and fitness,2026-10-06 18:15,2026-10-06 19:15,False,False,Student Recreation Center,Student Recreation Center,UConn Recreation (University of Connecticut),,False,False,https://events.uconn.edu/uconn-recreation/event/2460547-group-fitness-class-spin,"For the full class schedule, descriptions, and to register, please visit the UConn Recreation website."
Group Fitness Class – Gentle Yoga,Sports and fitness,2026-10-06 18:30,2026-10-06 19:30,False,False,Student Recreation Center,Student Recreation Center,UConn Recreation (University of Connecticut),,False,False,https://events.uconn.edu/uconn-recreation/event/2460545-group-fitness-class-gentle-yoga,"For the full class schedule, descriptions, and to register, please visit the UConn Recreation website."
Level Up: The Career Center Kickoff,Career and jobs,2026-10-06 18:30,2026-10-06 20:00,False,False,UConn Storrs,UConn Storrs,Center for Career Development (University of Connecticut),,False,False,https://events.uconn.edu/center-for-career-development/event/2394107-level-up-the-career-center-kickoff,"Level Up: The Career Center Kickoff is a welcoming event open to all students across every affinity community. The event introduces students to the Career Center team and gives an overview of the services and resources available to them, including career coaching, the Career Communities, application and interview support, and DEI programming. It features a live walkthrough of 12twenty, the Career Center’s main platform, where students learn to complete their profile, book a coaching appointment, and search for jobs, internships, and events. The evening also includes interactive activities and time for students to connect with the team and one another. The goal is to welcome students, familiarize them with the support available, and help them take a first step toward their career goals. Register here"
Level Up: The Career Center Kickoff,Career and jobs,2026-10-06 18:30,2026-10-06 20:00,False,False,African American Cultural Center,African American Cultural Center,Honors Program (University of Connecticut),,False,False,https://events.uconn.edu/honors-program/event/2422335-level-up-the-career-center-kickoff,"Level Up: The Career Center Kickoff is an open, welcoming night for all students to meet the Career Center team, explore the resources available to support their career journey, and get a hands-on walkthrough of 12twenty, the Center’s main career platform. Join us Friday, October 2 at 6:00 PM at the African American Cultural Center and take your first step toward your career goals."
NLC 4-H Fair Officer meeting,Community and service,2026-10-06 18:30,2026-10-06 19:00,False,False,"562 New London Turnpike, Norwich, CT 06360","562 New London Turnpike, Norwich, CT 06360",UConn 4-H (University of Connecticut),,False,False,https://events.uconn.edu/uconn-4-h/event/1612903-nlc-4-h-fair-officer-meeting,Monthly Meeting for Fair Officers on the First Tuesday of each month
OIG Upper Extremity Review,Health and wellness,2026-10-06 18:30,,False,False,Massey Auditorium (UConn Health),Massey Auditorium (UConn Health),UConn Health Medical Dental Student Government (University of Connecticut),,False,False,https://events.uconn.edu/uconn-health-medical-dental-student-government/event/2322610-oig-upper-extremity-review,"The Orthopedic Surgery Interest Group is hosting an Upper Extremity Anatomy Review on Tuesday, October 6th at 6:30pm in Massey Auditorium run by Orthopedic Hand Surgeon, Dr. Rodner. The event has been extremely beneficial for students reviewing for Block A HAL in the past and we wanted to continue the event this year."
Good Vibrations: A Pleasure Pop-Up Workshop,Health and wellness,2026-10-06 19:00,2026-10-06 20:00,False,False,Wilson Hall South Building,Wilson Hall South Building,Student Health and Wellness (University of Connecticut),Free,False,False,https://events.uconn.edu/student-health-and-wellness/event/2388005-good-vibrations-a-pleasure-pop-up-workshop,"Join the Sexperts for our new, relaxed, drop-in workshop all about how sexual pleasure supports your overall well-being."
NLC 4-H Fair meeting,Community and service,2026-10-06 19:00,2026-10-06 20:30,False,False,"562 New London Turnpike, Norwich, CT 06360","562 New London Turnpike, Norwich, CT 06360",UConn 4-H (University of Connecticut),,False,False,https://events.uconn.edu/uconn-4-h/event/1612912-nlc-4-h-fair-meeting,Fair meetings are open to all youth engaged in any 4-H program in New London County.
The True Joy of Learning,Academic and research,2026-10-06 19:00,,False,False,,,School of Medicine (University of Connecticut),,False,False,https://events.uconn.edu/school-of-medicine/event/2423340-the-true-joy-of-learning,"Dr. Christopher Kolker, MD, will be giving us an inspiring talk on the joys of learning and how to strengthen our Catholic faith throughout our medical careers."
Group Fitness Class – ABC (45),Sports and fitness,2026-10-06 19:15,2026-10-06 20:00,False,False,Student Recreation Center,Student Recreation Center,UConn Recreation (University of Connecticut),,False,False,https://events.uconn.edu/uconn-recreation/event/2460544-group-fitness-class-abc-45,"For the full class schedule, descriptions, and to register, please visit the UConn Recreation website."
Group Fitness Class – Dance Fit (45),Sports and fitness,2026-10-06 19:30,2026-10-06 20:15,False,False,Student Recreation Center,Student Recreation Center,UConn Recreation (University of Connecticut),,False,False,https://events.uconn.edu/uconn-recreation/event/2460542-group-fitness-class-dance-fit-45,"For the full class schedule, descriptions, and to register, please visit the UConn Recreation website."
Group Fitness Class – Spin (45),Sports and fitness,2026-10-06 19:30,2026-10-06 20:15,False,False,Student Recreation Center,Student Recreation Center,UConn Recreation (University of Connecticut),,False,False,https://events.uconn.edu/uconn-recreation/event/2460543-group-fitness-class-spin-45,"For the full class schedule, descriptions, and to register, please visit the UConn Recreation website."
Masterclass: David Jackson,Music and performance,2026-10-06 19:30,,False,False,Music Building,Music Building,von der Mehden Recital Hall (University of Connecticut),Free,False,False,https://events.uconn.edu/von-der-mehden-recital-hall/event/2460459-masterclass-david-jackson,"UConn Music hosts University of Michigan professor of Trombone, David Jackson for a brass Masterclass."
2026 Candidates’ Forum on Disability Issues,Health and wellness,2026-10-07 00:00,,True,False,"Bristol Event Center 112 Century Drive Bristol, CT 06010","Bristol Event Center 112 Century Drive Bristol, CT 06010",University Center for Excellence in Developmental Disabilities (University of Connecticut),,False,False,https://events.uconn.edu/university-center-for-excellence-in-developmental-disabilities/event/1730341-2026-candidates-forum-on-disability-issues,Save the date! More information to come
Jorgensen Gallery: “Flesh and Fable” Exhibition,Music and performance,2026-10-07 00:00,,True,False,Jorgensen Center,Jorgensen Center,Jorgensen Center for the Performing Arts (University of Connecticut),Free,False,False,https://events.uconn.edu/jorgensen-center-for-the-performing-arts/event/2406239-jorgensen-gallery-flesh-and-fable-exhibition,"Afarin Rahmanifar, M.F.A., is an Iranian American mixed-media artist, curator, educator, and Associate Professor of Painting and Drawing at Eastern Connecticut State University, where she has taught since 2013. Born in Iran and displaced after the 1979 Revolution, her work is shaped by themes of memory, exile, identity, and transformation. Using fragmented anatomical forms, Persian visual traditions, and the women of the Shahnameh, she examines how memory and cultural inheritance shape identity and belonging. Through painting, drawing, collage, textile, and mixed media, she layers and reconstructs the female body as an act of remembrance and reclamation— honoring women whose stories have been overlooked or silenced."
National 4-H Week,Community and service,2026-10-07 00:00,,True,False,,,Extension (University of Connecticut),,False,False,https://events.uconn.edu/extension/event/2272568-national-4-h-week,
Group Fitness Class – Spin (45),Sports and fitness,2026-10-07 06:45,2026-10-07 07:30,False,False,Student Recreation Center,Student Recreation Center,UConn Recreation (University of Connecticut),,False,False,https://events.uconn.edu/uconn-recreation/event/2460541-group-fitness-class-spin-45,"For the full class schedule, descriptions, and to register, please visit the UConn Recreation website."
Group Fitness Class – 50/50,Sports and fitness,2026-10-07 07:00,2026-10-07 08:00,False,False,Student Recreation Center,Student Recreation Center,UConn Recreation (University of Connecticut),,False,False,https://events.uconn.edu/uconn-recreation/event/2460540-group-fitness-class-5050,"For the full class schedule, descriptions, and to register, please visit the UConn Recreation website."
Group Fitness Class – Spin,Sports and fitness,2026-10-07 08:00,2026-10-07 09:00,False,False,Student Recreation Center,Student Recreation Center,UConn Recreation (University of Connecticut),,False,False,https://events.uconn.edu/uconn-recreation/event/2460539-group-fitness-class-spin,"For the full class schedule, descriptions, and to register, please visit the UConn Recreation website."
Panhellenic Inclusivity Fund Applications Open,Campus life,2026-10-07 08:00,,False,False,,,Fraternity and Sorority Development (University of Connecticut),,True,False,https://events.uconn.edu/fraternity-and-sorority-development/event/2455294-panhellenic-inclusivity-fund-applications-open,"The Panhellenic Inclusivity Fund provides CPH chapters with $150 to continue and improve their diversity, equity, and inclusion programming. Due: Oct 21st, 11:59 PM."
Continuing Education - Ethical Technology,Academic and research,2026-10-07 09:00,2026-10-07 12:00,False,False,,,School of Social Work (University of Connecticut),,True,False,https://events.uconn.edu/school-of-social-work/event/2296206-continuing-education-ethical-technology,Continuing Education seminar for Social Work professionals. Participants earn Continuing Education Credits (CECs) for re-licensure.
Sexpert Peer Health Educator Drop In Hours,Health and wellness,2026-10-07 09:00,2026-10-07 18:00,False,False,Wilson Hall South Building,Wilson Hall South Building,Student Health and Wellness (University of Connecticut),Free,False,False,https://events.uconn.edu/student-health-and-wellness/event/2388357-sexpert-peer-health-educator-drop-in-hours,"Have questions about sex? Need help connecting to sexual health resources? Just need someone to talk to about sex and relationships? Stop by Wilson Hall, South Campus, room 106 to connect with a Sexpert Peer Health Educator and a non-judgmental, welcoming space to discuss all things sex! For more information and to see our Fall 2026 hours, visit: studenthealth.uconn.edu/sexperts"
Creating Presence and Meaningful Engagement in Online and Mixed Mode Courses,Academic and research,2026-10-07 10:00,,False,False,,,Center for Excellence in Teaching and Learning (CETL) (University of Connecticut),,True,False,https://events.uconn.edu/center-for-excellence-in-teaching-and-learning/event/2326045-creating-presence-and-meaningful-engagement-in,"Are you and your students feeling isolated and anonymous in your online and DL courses? Want to learn strategies to overcome feelings of isolation and anonymity? If so, then join us to discuss ways to enhance instructor presence and engagement in online and DL courses. During this webinar, we will provide strategies to increase instructor presence and student engagement in online and DL courses during the fall and spring semesters. Webinar outcomes: Assess the current level of student engagement and instructor presence in your online classes. Define student engagement and instructor presence. Implement strategies to increase meaningful student engagement and instructor presence in your classes. Register - https://fins.uconn.edu/secure_inst/workshops/workshop_view.php?ser=3970"
Husky Harvest Pop Up Food Pantry,Food and dining,2026-10-07 10:00,2026-10-07 13:00,False,False,Fairfield Way,Fairfield Way,Dining Services (University of Connecticut),Free,False,False,https://events.uconn.edu/dining-services/event/2440819-husky-harvest-pop-up-food-pantry,Free food items for students & staff in need. Please bring your UConn ID.
PNB Seminar Series: Dr. Show-Ling Shyng,Academic and research,2026-10-07 10:30,2026-10-07 11:30,False,False,Torrey Life Sciences Building,Torrey Life Sciences Building,Physiology & Neurobiology (University of Connecticut),Free,False,False,https://events.uconn.edu/physiology-neurobiology/event/2223899-pnb-seminar-series-dr-show-ling-shyng,"On Wednesday, October 7, 2026, Dr. Show-Ling Shyng will be here at UConn Physiology and Neurobiology from Oregon Health & Science University, hosted by Dr. Anastasios Tzingounis. Their seminar talk title will be announced shortly."
CETL Office Hours - Avery Point,Academic and research,2026-10-07 11:00,2026-10-07 13:00,False,False,Community & Professional Building (Avery Point),Community & Professional Building (Avery Point),Center for Excellence in Teaching and Learning (CETL) (University of Connecticut),,False,False,https://events.uconn.edu/center-for-excellence-in-teaching-and-learning/event/2326009-cetl-office-hours-avery-point,"CETL Open Office Hours provide drop-in times to discuss: developing courses, assessments and activities; collecting and using student feedback; troubleshooting challenging classroom dynamics; encouraging student engagement; integrating technology, games and other tools into instruction; and so much more! If it has to do with a classroom, lab, workshop or training (or your career development in these roles), CETL can help! Register - https://fins.uconn.edu/secure_inst/workshops/workshop_view.php?ser=3969"
Employee Appreciation Week: Singing Bowls,Other,2026-10-07 11:00,2026-10-07 12:00,False,False,UConn Health,UConn Health,UConn Health (University of Connecticut),,False,False,https://events.uconn.edu/uconn-health/event/2405738-employee-appreciation-week-singing-bowls,"Take a mindful pause, slow down, and let the soothing sounds of singing bowls help you reset and recharge."
Researcher Privacy for Graduate Students,Academic and research,2026-10-07 11:00,2026-10-07 12:00,False,False,,,Graduate School (University of Connecticut),,True,False,https://events.uconn.edu/live/events/2241689-researcher-privacy-for-graduate-students,Student Track
Group Fitness Class – Spin (45),Sports and fitness,2026-10-07 11:45,2026-10-07 12:30,False,False,Student Recreation Center,Student Recreation Center,UConn Recreation (University of Connecticut),,False,False,https://events.uconn.edu/uconn-recreation/event/2460538-group-fitness-class-spin-45,"For the full class schedule, descriptions, and to register, please visit the UConn Recreation website."
Connect in the Café: City of New Haven Office of the Corporation Counsel,Academic and research,2026-10-07 12:00,2026-10-07 14:00,False,False,Thomas J. Meskill Law Library,Thomas J. Meskill Law Library,Law School (University of Connecticut),,False,False,https://events.uconn.edu/law-school/event/2455898-connect-in-the-cafe-city-of-new-haven-office-of,"Join us for Connect in the Café, a program hosted by the Center for Career Development. Throughout the semester, government agencies and public sector organizations visit the café to meet informally with law students. Interested in municipal law and public service? Stop by to learn about the City of New Haven Office of the Corporation Counsel, which serves as the chief legal advisor to the City, its officers, departments, boards, and commissions. Attorneys in the office provide legal counsel on a wide range of issues affecting city government and handle litigation, contracts, and other legal matters on behalf of City departments. Connect with attorneys from the Office of Corporation Counsel in an informal setting where you can ask questions, learn about their practice areas, and explore internship and career opportunities in local government."
Info Session - Licensed Professional Counselor (LPC) Certificate Program,Academic and research,2026-10-07 12:00,2026-10-07 12:45,False,False,,,Neag School of Education (University of Connecticut),,True,False,https://events.uconn.edu/neag-school-of-education/event/2374082-info-session-licensed-professional-counselor-lpc-cer,UConn’s Licensed Professional Counselor (LPC) Online Graduate Certificate is an 18-credit program providing supplemental academic qualifications required to apply to become a Licensed Professional Counselor (LPC) within the State of Connecticut. The LPC virtual info sessions are held via WebEx. Please register on the Graduate School’s website.
MSA Virtual Information Session,Academic and research,2026-10-07 12:00,2026-10-07 13:00,False,False,,,School of Business (University of Connecticut),,True,False,https://events.uconn.edu/school-of-business/event/2278050-msa-virtual-information-session,Virtual Infosessions are an ideal opportunity to learn first-hand about our highly regarded program from admissions representatives. Register Here.
Major Expo: Health & STEM,Academic and research,2026-10-07 12:00,2026-10-07 14:00,False,False,Rowe Center,Rowe Center,Academic Center for Exploratory Students (University of Connecticut),,False,False,https://events.uconn.edu/academic-center-for-exploratory-students/event/2434833-major-expo-health-stem,The Major Experience invites you to explore majors in Health & STEM fields. Connect with representatives from various majors in these fields to learn about academic paths and career opportunities. Enjoy dairy bar ice cream as you explore your major options! RSVP HERE
Marine Sciences Brown Bag,Academic and research,2026-10-07 12:00,2026-10-07 12:30,False,False,,,Marine Sciences Department (University of Connecticut),Free,True,False,https://events.uconn.edu/marine-sciences-department/event/2359038,https://marinesciences.uconn.edu/seminar/brownbag1268/ Please email Erin for the link to join online.
Neuroscience Journal Club - Wilensky,Academic and research,2026-10-07 12:00,2026-10-07 13:00,False,False,E4036,E4036,Neuroscience Department (University of Connecticut),,False,False,https://events.uconn.edu/neuroscience/event/2255608-neuroscience-journal-club-wilensky,"MEDS 6497 Neuroscience Journal Club “Intercellular communication in the brain through a dendritic nanotubular network.” Presenter: Sarah Wilensky, Yan Lab Course Co-Directors: Paola Bargagna-Mohan: bargagna-mohan@uchc.edu Alice Burghard: burghard@uchc.edu"
Group Fitness Class – Fall 2026 - Small Group Hybrid Fitness Training - Session 2 (Mon/Wed 12:05pm) w/ Delaney,Sports and fitness,2026-10-07 12:05,2026-10-07 12:55,False,False,Student Recreation Center,Student Recreation Center,UConn Recreation (University of Connecticut),,False,False,https://events.uconn.edu/uconn-recreation/event/2460535-group-fitness-class-fall-2026-small-group,"For the full class schedule, descriptions, and to register, please visit the UConn Recreation website."
Group Fitness Class – Total Body Strength (45),Sports and fitness,2026-10-07 12:05,2026-10-07 12:50,False,False,Student Recreation Center,Student Recreation Center,UConn Recreation (University of Connecticut),,False,False,https://events.uconn.edu/uconn-recreation/event/2460536-group-fitness-class-total-body-strength-45,"For the full class schedule, descriptions, and to register, please visit the UConn Recreation website."
Group Fitness Class – Yoga Flow (45),Sports and fitness,2026-10-07 12:05,2026-10-07 12:50,False,False,Student Recreation Center,Student Recreation Center,UConn Recreation (University of Connecticut),,False,False,https://events.uconn.edu/uconn-recreation/event/2460537-group-fitness-class-yoga-flow-45,"For the full class schedule, descriptions, and to register, please visit the UConn Recreation website."
Department Meeting,Academic and research,2026-10-07 12:15,2026-10-07 14:15,False,False,Walter Childs Wood Hall,Walter Childs Wood Hall,History Department (University of Connecticut),,False,False,https://events.uconn.edu/history-department/event/2234406-department-meeting,In Person and Virtual. Virtual meeting link forthcoming
Drop In Research Session,Academic and research,2026-10-07 12:30,,False,False,Law Library Lab,Law Library Lab,Law Library Lab (University of Connecticut),,False,False,https://events.uconn.edu/law-library-lab/event/2272986-drop-in-research-session,"Drop in at the Law Library Lab or join on Webex anytime during this hour to ask any and all research, Bluebook, or sourcing questions. This session is hosted by Tanya Johnson."
3MT® and Graduate Student Showcase,Academic and research,2026-10-07 13:00,2026-10-07 18:00,False,False,Konover Auditorium in The Dodd Center for Human Rights,Konover Auditorium in The Dodd Center for Human Rights,Graduate School (University of Connecticut),Free,False,False,https://events.uconn.edu/graduate-school/event/2236039-3mt-and-graduate-student-showcase,"The Graduate School invites all graduate students to apply for and participate in the 3MT® and Graduate Student Showcase. The showcase will take place on Wednesday, October 7, from 1:00 - 6:00 p.m. in the Konover Auditorium. Application opens on Monday, July 20. Please read more here: Fall 2026 3MT"
Dean of Students Drop-In Hours at VaMP,Community and service,2026-10-07 13:00,2026-10-07 15:00,False,False,Hawley Armory,Hawley Armory,UConn Veterans & Military Programs (University of Connecticut),,False,False,https://events.uconn.edu/veterans-and-military-programs/event/2300081-dean-of-students-drop-in-hours-at-vamp,"The DOSO (Dean of Students Office) will be in Hawley Armory RM 105 for VaMP Drop-in Hours. The Dean of Students can assist with issues such as transitioning to college life, missing classes or being significantly behind in coursework, injury or Illness which is impacting classes, experiencing a personal/family issue and needing to leave campus, and so much more. No appointment required."
Nostalgia for the Crusades in Late Medieval England,Academic and research,2026-10-07 13:15,2026-10-07 14:45,False,False,Vernon Cottage (Depot Campus),Vernon Cottage (Depot Campus),Center for Learning in Retirement (University of Connecticut),,False,False,https://events.uconn.edu/clir/event/2241734-nostalgia-for-the-crusades-in-late-medieval,"The crusade era is traditionally said to begin with the fall of Jerusalem to Western European armies in 1099 and to end with the fall of Acre, the last Christian fortress, in 1291, to Muslim Mamluk forces. The idea of a new crusade to recapture Jerusalem and the surrounding “Holy Land,” however, lived on in the European imagination. This class will focus on crusade fantasies in late 14th century English literature. There is the ultraviolent (Richard Coeur de Lion) as well as the ironic (Chaucer’s Canterbury Tales). We will focus on an intriguing aspect of this literature, a desire to emulate the Mongol Empire, imagined as an ascendant Eastern power in contrast to a decadent West. We will also touch on some current crusade fantasies and their role in Islamophobia and “holy war.” Ruth Nisse, Professor, Department of English, Center for Jewish Studies, Wesleyan University CLIR is a fee-based program. Please visit clir.uconn.edu for more information."
Nostalgia for the Crusades in Late Medieval England,Community and service,2026-10-07 13:15,2026-10-07 14:45,False,False,Vernon Cottage (Depot Campus),Vernon Cottage (Depot Campus),Extension (University of Connecticut),,False,False,https://events.uconn.edu/extension/event/2272514-nostalgia-for-the-crusades-in-late-medieval,"The crusade era is traditionally said to begin with the fall of Jerusalem to Western European armies in 1099 and to end with the fall of Acre, the last Christian fortress, in 1291, to Muslim Mamluk forces. The idea of a new crusade to recapture Jerusalem and the surrounding “Holy Land,” however, lived on in the European imagination. This class will focus on crusade fantasies in late 14th century English literature. There is the ultraviolent (Richard Coeur de Lion) as well as the ironic (Chaucer’s Canterbury Tales). We will focus on an intriguing aspect of this literature, a desire to emulate the Mongol Empire, imagined as an ascendant Eastern power in contrast to a decadent West. We will also touch on some current crusade fantasies and their role in Islamophobia and “holy war.” Ruth Nisse, Professor, Department of English, Center for Jewish Studies, Wesleyan University CLIR is a fee-based program. Please visit clir.uconn.edu for more information."
Let’s Talk Online with Graciela,Health and wellness,2026-10-07 13:30,2026-10-07 14:30,False,False,,,Student Health and Wellness (University of Connecticut),,True,False,https://events.uconn.edu/student-health-and-wellness/event/2304882-lets-talk-online-with-graciela,"The Let’s Talk: Mental Health Office Hours program provides informal, confidential consultation with therapists from SHaW. The service is free of charge and offered on a first come, first served basis. More info like other dates, time and location can be found here."
UConn Stamford Fall 2026 Career Fair,Career and jobs,2026-10-07 13:30,2026-10-07 16:00,False,False,"Concourse, Light-Spine Welcome-Center Area, 1.08 (MPR), Stamford Campus","Concourse, Light-Spine Welcome-Center Area, 1.08 (MPR), Stamford Campus",Center for Career Development (University of Connecticut),,False,False,https://events.uconn.edu/center-for-career-development/event/2186999-uconn-stamford-fall-2026-career-fair,"The UConn Stamford Fall 2026 Career Fair is open to all UConn students and recent alumni to explore internships, part-time jobs, and full-time jobs with businesses, government, and nonprofit organizations. Every major and class year are welcome. Whether you are looking for an opportunity now or in the future, come chat with our friendly employer guests who are here to meet YOU! Dress to impress and bring lots of resumes! Students can register here Employers can register in 12twenty starting July 24, 2026"
Building and Organizing Content in HuskyCT,Academic and research,2026-10-07 14:30,,False,False,,,Center for Excellence in Teaching and Learning (CETL) (University of Connecticut),,True,False,https://events.uconn.edu/center-for-excellence-in-teaching-and-learning/event/2326069-building-and-organizing-content-in-huskyct,"This workshop covers the content development activities in Blackboard, also known as HuskyCT. Learn how to create from scratch, copy content, embedd videos, and more in this 60-minute workshop. Register - https://fins.uconn.edu/secure_inst/workshops/workshop_view.php?ser=3986"
Interpersonal Group for Graduate Students,Health and wellness,2026-10-07 14:30,2026-10-07 16:00,False,False,Arjona Building,Arjona Building,Student Health and Wellness (University of Connecticut),Free,False,False,https://events.uconn.edu/live/events/2308724-interpersonal-group-for-graduate-students,"Group therapy provides clinical support to foster healing for students managing mental health concerns while supporting their academic success. Facilitated by Mental Health providers, groups are designed to promote emotional well-being and increase connection and belonging. To join any group therapy session, please call SHaW at 860-486-4700. More info about SHaW’s Group Sessions."
Group Fitness Class – Spin & Core,Sports and fitness,2026-10-07 15:00,2026-10-07 16:00,False,False,Student Recreation Center,Student Recreation Center,UConn Recreation (University of Connecticut),,False,False,https://events.uconn.edu/uconn-recreation/event/2460534-group-fitness-class-spin-core,"For the full class schedule, descriptions, and to register, please visit the UConn Recreation website."
Interleaf: A Scholarly Writing Group,Academic and research,2026-10-07 15:00,2026-10-07 17:00,False,False,Homer Babbidge Library,Homer Babbidge Library,Libraries (University of Connecticut),Free,False,False,https://events.uconn.edu/libraries/event/2364571-interleaf-a-scholarly-writing-group,"A space for graduate students, postdocs, and all scholars engaged in writing and publishing to build community. Come add your page to the story of scholarship at UConn!"
Wednesday Weekly Watch Party: Yuri on Ice + She-Ra,Community and service,2026-10-07 15:00,2026-10-07 16:00,False,False,Student Union,Student Union,Rainbow Center (University of Connecticut),,False,False,https://events.uconn.edu/rainbow-center/event/2439828-wednesday-weekly-watch-party-yuri-on-ice-she-ra,Rainbow Center Presents: Yuri On Ice + She-Ra Watch Party!!
Group Fitness Class – Core Conditioning (30),Sports and fitness,2026-10-07 15:15,2026-10-07 15:45,False,False,Student Recreation Center,Student Recreation Center,UConn Recreation (University of Connecticut),,False,False,https://events.uconn.edu/uconn-recreation/event/2460533-group-fitness-class-core-conditioning-30,"For the full class schedule, descriptions, and to register, please visit the UConn Recreation website."
Dept of Pharm Sci Seminar: Dr. Joana Paulino,Academic and research,2026-10-07 15:30,,False,False,,,School of Pharmacy (University of Connecticut),,False,False,https://events.uconn.edu/school-of-pharmacy/event/2430729-dept-of-pharm-sci-seminar-dr-joana-paulino,Seminar Title: “Structure of the complex between HIV Nef and human Serine Incorporator 5 reveals a possible site for inhibitor discovery”
Interpersonal Group for Undergraduate Students,Health and wellness,2026-10-07 15:30,2026-10-07 16:30,False,False,Arjona Building,Arjona Building,Student Health and Wellness (University of Connecticut),Free,False,False,https://events.uconn.edu/student-health-and-wellness/event/2308745-interpersonal-group-for-undergraduate-students,"Group therapy provides clinical support to foster healing for students managing mental health concerns while supporting their academic success. Facilitated by Mental Health providers, groups are designed to promote emotional well-being and increase connection and belonging. To join any group therapy session, please call SHaW at 860-486-4700. More info about SHaW’s Group Sessions."
AAC Hartford Workshop: Notetaking For Success,Academic and research,2026-10-07 16:00,,False,False,HTB 202,HTB 202,Academic Achievement Center (University of Connecticut),,False,False,https://events.uconn.edu/academic-achievement-center/event/2372985-aac-hartford-workshop-notetaking-for-success,"Learn about and practice different note taking strategies that can be applied both in class during lecture, and outside of the classroom with textbooks."
AAC Storrs Workshop: Notetaking Strategies,Academic and research,2026-10-07 16:00,,False,False,Rowe Center,Rowe Center,Academic Achievement Center (University of Connecticut),,False,False,https://events.uconn.edu/academic-achievement-center/event/2371942-aac-storrs-workshop-notetaking-strategies,"Learn about and practice different note taking strategies that can be applied both in class during lecture, and outside of the classroom with textbooks."
Accelerated MA in Political Science Information Session,Academic and research,2026-10-07 16:00,2026-10-07 17:00,False,False,Susan V. Herbst Hall (Formerly Oak Hall),Susan V. Herbst Hall (Formerly Oak Hall),Political Science (University of Connecticut),,False,False,https://events.uconn.edu/political-science/event/2388257-accelerated-ma-in-political-science-information,Learn about the Accelerated MA in Political Science and why a graduate degree might be the right choice for you.
English Workshops,Academic and research,2026-10-07 16:00,2026-10-07 18:00,False,False,Center for International Students & Scholar Services (CISS),Center for International Students & Scholar Services (CISS),International Student & Scholar Services (University of Connecticut),,False,False,https://events.uconn.edu/international-student-scholar-services/event/2223357-english-workshops,Website and registration link: https://ita.uconn.edu/english-support/ These workshops will help participants develop the speaking skills needed to convey their ideas clearly when presenting in front of an audience. Students will practice presenting information relevant to their field of study and be actively involved in self-assessment and peer assessment. Content will be adapted to suit the group’s needs.
GSCU Colloquium - Dr. Ken Foote,Academic and research,2026-10-07 16:00,,False,False,Austin Building,Austin Building,"Department of Geography, Sustainability, Community, and Urban Studies (University of Connecticut)",Free,False,False,https://events.uconn.edu/gscus/event/gscu-colloquium-foote,"From Avoidance to Obligation: From Avoidance to Obligation: Contemporary Memorial Design for Events of Mass Murder and Terrorism in the U.S. Dr. Ken Foote Professor Geography, Sustainability, Community and Urban Studies, UConn more info to come"
Group Fitness Class – 50/50,Sports and fitness,2026-10-07 16:00,2026-10-07 17:00,False,False,Student Recreation Center,Student Recreation Center,UConn Recreation (University of Connecticut),,False,False,https://events.uconn.edu/uconn-recreation/event/2460529-group-fitness-class-5050,"For the full class schedule, descriptions, and to register, please visit the UConn Recreation website."
Group Fitness Class – Human Reformer Pilates,Sports and fitness,2026-10-07 16:00,2026-10-07 17:00,False,False,Student Recreation Center,Student Recreation Center,UConn Recreation (University of Connecticut),,False,False,https://events.uconn.edu/uconn-recreation/event/2460530-group-fitness-class-human-reformer-pilates,"For the full class schedule, descriptions, and to register, please visit the UConn Recreation website."
Group Fitness Class – Spin (45),Sports and fitness,2026-10-07 16:00,2026-10-07 16:45,False,False,Student Recreation Center,Student Recreation Center,UConn Recreation (University of Connecticut),,False,False,https://events.uconn.edu/uconn-recreation/event/2460531-group-fitness-class-spin-45,"For the full class schedule, descriptions, and to register, please visit the UConn Recreation website."
Group Fitness Class – Run & Strength,Sports and fitness,2026-10-07 16:15,2026-10-07 17:15,False,False,Student Recreation Center,Student Recreation Center,UConn Recreation (University of Connecticut),,False,False,https://events.uconn.edu/uconn-recreation/event/2460528-group-fitness-class-run-strength,"For the full class schedule, descriptions, and to register, please visit the UConn Recreation website."
Group Fitness Class – Fall 2026 - Small Group Human Reformer Pilates - Session 1 (Wed 4:30pm w/ Dana),Sports and fitness,2026-10-07 16:30,2026-10-07 17:30,False,False,Student Recreation Center,Student Recreation Center,UConn Recreation (University of Connecticut),,False,False,https://events.uconn.edu/uconn-recreation/event/2460527-group-fitness-class-fall-2026-small-group-human,"For the full class schedule, descriptions, and to register, please visit the UConn Recreation website."
ABP & MBA Summer Bridge In-Person Information Session,Academic and research,2026-10-07 17:00,2026-10-07 18:00,False,False,Student Union,Student Union,School of Business (University of Connecticut),,False,False,https://events.uconn.edu/school-of-business/event/2326785-abp-mba-summer-bridge-in-person-information,Join the Accelerated Business Programs (ABP) and MBA Summer Bridge teams for an in-person event designed to help students explore a direct path to a graduate business degree. Register Here.
Group Fitness Class – Spin,Sports and fitness,2026-10-07 17:00,2026-10-07 18:00,False,False,Student Recreation Center,Student Recreation Center,UConn Recreation (University of Connecticut),,False,False,https://events.uconn.edu/uconn-recreation/event/2460526-group-fitness-class-spin,"For the full class schedule, descriptions, and to register, please visit the UConn Recreation website."
PhD- Management Presents; Explore a Career in Academia,Career and jobs,2026-10-07 17:00,2026-10-07 18:00,False,False,,,School of Business (University of Connecticut),,True,False,https://events.uconn.edu/school-of-business/event/2397805-phd-management-presents-explore-a-career-in,"PhD- Management Presents; Explore a Career in Academia As you consider the Doctorate (PhD) program in Business Administration at UConn, it is important that you make an informed choice, and attending a virtual info session is a valuable way to gather the missing pieces. Register Here."
SMART Recovery Meetings,Arts and exhibits,2026-10-07 17:00,2026-10-07 18:00,False,False,Cordial Storrs House,Cordial Storrs House,Student Health and Wellness (University of Connecticut),Free,False,False,https://events.uconn.edu/student-health-and-wellness/event/2368861-smart-recovery-meetings,SHaW’s SMART (Self Management and Recovery Training) Recovery Meetings are open to UConn students every Wednesday 5:00 PM - 6:00 PM. (no pre-registration needed - just show up!)
Group Fitness Class – ABC (45),Sports and fitness,2026-10-07 17:15,2026-10-07 18:00,False,False,Student Recreation Center,Student Recreation Center,UConn Recreation (University of Connecticut),,False,False,https://events.uconn.edu/uconn-recreation/event/2460524-group-fitness-class-abc-45,"For the full class schedule, descriptions, and to register, please visit the UConn Recreation website."
Group Fitness Class – Power Yoga,Sports and fitness,2026-10-07 17:15,2026-10-07 18:15,False,False,Student Recreation Center,Student Recreation Center,UConn Recreation (University of Connecticut),,False,False,https://events.uconn.edu/uconn-recreation/event/2460525-group-fitness-class-power-yoga,"For the full class schedule, descriptions, and to register, please visit the UConn Recreation website."
In-Power Movie Night,Campus life,2026-10-07 17:30,,False,False,Women’s Center,Women’s Center,Women's Center (University of Connecticut),,False,False,https://events.uconn.edu/womens-center/event/2455853-in-power-movie-night,In-Power is hosting a movie night! We will be watching Tangled and just hanging out from 5:30 to 8:00 in room 417 (SU). Come hang with us!
"Math Club: The Jacobian conjecture, by Mihai Fulger (UConn)",Academic and research,2026-10-07 17:30,2026-10-07 18:30,False,False,Monteith 214,Monteith 214,Mathematics Department (University of Connecticut),,False,False,https://events.uconn.edu/mathematics-department/event/2388627-math-club-the-jacobian-conjecture-by-mihai-fulger-uc,TBA
Krenicki Arts & Engineering Event,Academic and research,2026-10-07 18:00,,False,False,Alumni Center,Alumni Center,College of Engineering (University of Connecticut),,False,False,https://events.uconn.edu/engineering/event/2335688-krenicki-arts-engineering-event,"Experience the power of creativity and technology coming together. Explore how engineering and the arts are driving innovation, solving complex challenges, and shaping the future. Additional details coming soon."
Group Fitness Class – Dance Sculpt,Sports and fitness,2026-10-07 18:15,2026-10-07 19:15,False,False,Student Recreation Center,Student Recreation Center,UConn Recreation (University of Connecticut),,False,False,https://events.uconn.edu/uconn-recreation/event/2460521-group-fitness-class-dance-sculpt,"For the full class schedule, descriptions, and to register, please visit the UConn Recreation website."
Group Fitness Class – Spin,Sports and fitness,2026-10-07 18:15,2026-10-07 19:15,False,False,Student Recreation Center,Student Recreation Center,UConn Recreation (University of Connecticut),,False,False,https://events.uconn.edu/uconn-recreation/event/2460522-group-fitness-class-spin,"For the full class schedule, descriptions, and to register, please visit the UConn Recreation website."
Group Fitness Class – Upper Body Sculpt (30),Sports and fitness,2026-10-07 18:15,2026-10-07 18:45,False,False,Student Recreation Center,Student Recreation Center,UConn Recreation (University of Connecticut),,False,False,https://events.uconn.edu/uconn-recreation/event/2460523-group-fitness-class-upper-body-sculpt-30,"For the full class schedule, descriptions, and to register, please visit the UConn Recreation website."
Group Fitness Class – Barre,Sports and fitness,2026-10-07 18:30,2026-10-07 19:30,False,False,Student Recreation Center,Student Recreation Center,UConn Recreation (University of Connecticut),,False,False,https://events.uconn.edu/uconn-recreation/event/2460520-group-fitness-class-barre,"For the full class schedule, descriptions, and to register, please visit the UConn Recreation website."
UConn Women’s Soccer vs Seton Hall,Sports and fitness,2026-10-07 18:30,2026-10-07 20:30,False,False,"Storrs, CT, Joseph J. Morrone Stadium at Rizza Performance Center","Storrs, CT, Joseph J. Morrone Stadium at Rizza Performance Center",Athletics (University of Connecticut),,False,False,https://events.uconn.edu/athletics/event/2217534-uconn-womens-soccer-vs-seton-hall-university,View UConn Women’s Soccer’s full schedule.
Save The Children Action Network’s 2026 Get Out the Vote (GOTV) Postcard Writing,Academic and research,2026-10-07 19:00,2026-10-07 20:00,False,False,Susan V. Herbst Hall (Formerly Oak Hall),Susan V. Herbst Hall (Formerly Oak Hall),Honors Program (University of Connecticut),Free,False,False,https://events.uconn.edu/honors-program/event/2431260-save-the-children-action-networks-2026-get-out-the,"Join Save the Children Action Network to write Get Out the Vote postcards to low-propensity voters across Connecticut, encouraging local civic engagement and voter turnout for upcoming elections."
Group Fitness Class – Total Body Strength,Sports and fitness,2026-10-07 19:15,2026-10-07 20:15,False,False,Student Recreation Center,Student Recreation Center,UConn Recreation (University of Connecticut),,False,False,https://events.uconn.edu/uconn-recreation/event/2460519-group-fitness-class-total-body-strength,"For the full class schedule, descriptions, and to register, please visit the UConn Recreation website."
Group Fitness Class – Power Pilates,Sports and fitness,2026-10-07 19:30,2026-10-07 20:30,False,False,Student Recreation Center,Student Recreation Center,UConn Recreation (University of Connecticut),,False,False,https://events.uconn.edu/uconn-recreation/event/2460517-group-fitness-class-power-pilates,"For the full class schedule, descriptions, and to register, please visit the UConn Recreation website."
Group Fitness Class – Spin (45),Sports and fitness,2026-10-07 19:30,2026-10-07 20:15,False,False,Student Recreation Center,Student Recreation Center,UConn Recreation (University of Connecticut),,False,False,https://events.uconn.edu/uconn-recreation/event/2460518-group-fitness-class-spin-45,"For the full class schedule, descriptions, and to register, please visit the UConn Recreation website."
Jorgensen Gallery: “Flesh and Fable” Exhibition,Music and performance,2026-10-08 00:00,,True,False,Jorgensen Center,Jorgensen Center,Jorgensen Center for the Performing Arts (University of Connecticut),Free,False,False,https://events.uconn.edu/jorgensen-center-for-the-performing-arts/event/2406240-jorgensen-gallery-flesh-and-fable-exhibition,"Afarin Rahmanifar, M.F.A., is an Iranian American mixed-media artist, curator, educator, and Associate Professor of Painting and Drawing at Eastern Connecticut State University, where she has taught since 2013. Born in Iran and displaced after the 1979 Revolution, her work is shaped by themes of memory, exile, identity, and transformation. Using fragmented anatomical forms, Persian visual traditions, and the women of the Shahnameh, she examines how memory and cultural inheritance shape identity and belonging. Through painting, drawing, collage, textile, and mixed media, she layers and reconstructs the female body as an act of remembrance and reclamation— honoring women whose stories have been overlooked or silenced."
National 4-H Week,Community and service,2026-10-08 00:00,,True,False,,,Extension (University of Connecticut),,False,False,https://events.uconn.edu/extension/event/2272567-national-4-h-week,
Neurosurgery Thursday Residency Curriculum Series: AY 2026- 2027,Academic and research,2026-10-08 06:00,2026-10-08 08:00,False,False,,,School of Medicine (University of Connecticut),Free,True,False,https://events.uconn.edu/school-of-medicine/event/2217839-neurosurgery-thursday-residency-curriculum-series,Two CME credits are granted for these weekly educational series presented by varying faculty. Alternating weekly the Tumor Board invites will be sent directly from the Cancer Center for one CME credit. Virtual Event: https://uchc.WebEx.com/meet/Neurosurgery
Group Fitness Class – Spin (45),Sports and fitness,2026-10-08 06:45,2026-10-08 07:30,False,False,Student Recreation Center,Student Recreation Center,UConn Recreation (University of Connecticut),,False,False,https://events.uconn.edu/uconn-recreation/event/2460516-group-fitness-class-spin-45,"For the full class schedule, descriptions, and to register, please visit the UConn Recreation website."
Group Fitness Class – Spin (45),Sports and fitness,2026-10-08 08:00,2026-10-08 08:45,False,False,Student Recreation Center,Student Recreation Center,UConn Recreation (University of Connecticut),,False,False,https://events.uconn.edu/uconn-recreation/event/2460515-group-fitness-class-spin-45,"For the full class schedule, descriptions, and to register, please visit the UConn Recreation website."
Let’s Talk with Fumi,Health and wellness,2026-10-08 09:00,2026-10-08 10:30,False,False,Student Union,Student Union,Student Health and Wellness (University of Connecticut),,False,False,https://events.uconn.edu/student-health-and-wellness/event/2305004-lets-talk-with-fumi,"The Let’s Talk: Mental Health Office Hours program provides informal, confidential consultation with therapists from SHaW. The service is free of charge and offered on a first come, first served basis. More info like other dates, time and location can be found here."
Sexpert Peer Health Educator Drop In Hours,Health and wellness,2026-10-08 09:00,2026-10-08 13:30,False,False,Wilson Hall South Building,Wilson Hall South Building,Student Health and Wellness (University of Connecticut),Free,False,False,https://events.uconn.edu/student-health-and-wellness/event/2388389-sexpert-peer-health-educator-drop-in-hours,"Have questions about sex? Need help connecting to sexual health resources? Just need someone to talk to about sex and relationships? Stop by Wilson Hall, South Campus, room 106 to connect with a Sexpert Peer Health Educator and a non-judgmental, welcoming space to discuss all things sex! For more information and to see our Fall 2026 hours, visit: studenthealth.uconn.edu/sexperts"
2026 Work/Life Expo,Other,2026-10-08 10:00,2026-10-08 14:00,False,False,Student Union,Student Union,Human Resources (University of Connecticut),Free,False,False,https://events.uconn.edu/human-resources/event/2406668-2026-worklife-expo,"As part of National Work & Family Month, the annual Work/Life Expo provides faculty and staff with an opportunity to discover resources and learn about programs that support them and their families."
VaMP Meet and Greet @ Waterbury,Community and service,2026-10-08 10:00,2026-10-08 14:00,False,False,UConn Waterbury,UConn Waterbury,UConn Veterans & Military Programs (University of Connecticut),,False,False,https://events.uconn.edu/veterans-and-military-programs/event/2237424-vamp-meet-and-greet-waterbury,Stop by for a cup of coffee as you meet the Veterans and Military Programs team at UConn Waterbury! We’ll be available to answer questions and address concerns you may have regarding education benefits and other military-related subjects. We look forward to meeting with you!
HuskyCT Support from EdTech - Drop-In Office Hours,Other,2026-10-08 10:30,2026-10-08 11:30,False,False,UConn Stamford,UConn Stamford,UConn Stamford (University of Connecticut),,False,False,https://events.uconn.edu/uconn-stamford/event/2454616-huskyct-support-from-edtech-drop-in-office-hours,"Drop in and connect with CETL Educational Technology for support with HuskyCT, Gradebook, Gradescope, Perusall, and other digital classroom tools. Get quick answers, troubleshooting help, practical guidance, and tips for making the most of your instructional technology."
BME Seminar Series : Fatemeh Abdoltajedini,Academic and research,2026-10-08 11:00,,False,False,Austin Building,Austin Building,College of Engineering (University of Connecticut),,False,False,https://events.uconn.edu/engineering/event/2441090-bme-seminar-series-fatemeh-abdoltajedini,"We are pleased to welcome one of our own, Fatemeh Abdoltajedini, a PhD student in Dr. Bin Feng’s Neuroengineering and Pain Research Lab."
Free Flu Shots at the Rec Center,Health and wellness,2026-10-08 11:00,2026-10-08 16:00,False,False,Student Recreation Center,Student Recreation Center,Student Health and Wellness (University of Connecticut),Free,False,False,https://events.uconn.edu/live/events/2341449-free-flu-shots-at-the-rec-center,SHaW will be hosting our first flu clinic at the Rec Center! No appointment necessary! Just walk-in to the Rec Center. HAVE YOU GOTTEN YOUR FLU SHOT? Vaccination is one of the best ways to protect against influenza. CDC’s Advisory Committee on Immunization Practices recommends that every American older than 6 months of age get vaccinated against the flu.
Neuroscience Seminar Series - Antic,Academic and research,2026-10-08 11:00,,False,False,Low Learning Center (UConn Health),Low Learning Center (UConn Health),UConn Health Graduate School (University of Connecticut),,False,False,https://events.uconn.edu/uconn-health-graduate-school/event/2321196-neuroscience-seminar-series-antic,"Sponsored by the Kim Family “Electrical Signaling in Neurons.” Presenter: Srdjan D. Antic, MD Professor, Department of Neuroscience UConn Health, Farmington, CT"
Neuroscience Seminar Series - Chandra,Academic and research,2026-10-08 11:00,,False,False,Low Learning Center (UConn Health),Low Learning Center (UConn Health),Neuroscience Department (University of Connecticut),,False,False,https://events.uconn.edu/neuroscience/event/2223227-neuroscience-seminar-series-chandra,"Sponsored by the Kim Family “Elucidating the Mechanisms of GBA-linked Parkinson’s disease and Dementia with Lewy Bodies.” Presenter: Sreeganga Chandra, PhD Professor, Departments of Neurobiology and Neuroscience Yale University, New Haven, CT"
Spring Valley Farm Fresh Market,Food and dining,2026-10-08 11:00,2026-10-08 14:00,False,False,Fairfield Way,Fairfield Way,Dining Services (University of Connecticut),,False,False,https://events.uconn.edu/dining-services/event/2297745-spring-valley-farm-fresh-market,"The Farm Fresh Market on Fairfield Way offers fresh seasonal produce and flowers from our own Spring Valley Student Farm, as well as baked goods from UConn’s Not Just Desserts Bakery. Bakery items may include freshly baked pies, breads, bars, cake slices, and gluten-free/vegan offerings. The UConn Food for the Pack food truck is nearby as well! Offerings at the market may change each week, so stop by to see what we have. Feel free to chat with the student farmers and learn more about some interesting varieties they grow, their farming practices, and what they love about Spring Valley Student Farm. Bags are limited; please bring your own reusable bag if you have one."
Memoir Group,Academic and research,2026-10-08 11:15,2026-10-08 12:45,False,False,Vernon Cottage (Depot Campus),Vernon Cottage (Depot Campus),Center for Learning in Retirement (University of Connecticut),,False,False,https://events.uconn.edu/clir/event/2241706-memoir-group,Memoir Group Write your memoirs to share in class. Memoirs can be short or longer works. New members are always welcome. Facilitator: Cathy Belanger CLIR is a fee-based program. Please visit clir.uconn.edu for more information.
Memoir Group,Community and service,2026-10-08 11:15,2026-10-08 12:45,False,False,Vernon Cottage (Depot Campus),Vernon Cottage (Depot Campus),Extension (University of Connecticut),,False,False,https://events.uconn.edu/extension/event/2435870-memoir-group,
"HuskyCT Support from EdTech - Gradebook, Gradescope, and Perusall Q&A",Other,2026-10-08 11:30,2026-10-08 13:30,False,False,UConn Stamford,UConn Stamford,UConn Stamford (University of Connecticut),,False,False,https://events.uconn.edu/uconn-stamford/event/2454640-huskyct-support-from-edtech-gradebook-gradescope,"Connect with CETL Educational Technology for support with HuskyCT, Gradebook, Gradescope, Perusall, and other digital classroom tools."
Group Fitness Class – Spin (45),Sports and fitness,2026-10-08 11:45,2026-10-08 12:30,False,False,Student Recreation Center,Student Recreation Center,UConn Recreation (University of Connecticut),,False,False,https://events.uconn.edu/uconn-recreation/event/2460514-group-fitness-class-spin-45,"For the full class schedule, descriptions, and to register, please visit the UConn Recreation website."
Beyond Content Accuracy: Adapting Grice’s Maxims to Evaluate Short-Answer Responses,Academic and research,2026-10-08 12:00,2026-10-08 13:00,False,False,,,School of Medicine (University of Connecticut),,True,False,https://events.uconn.edu/school-of-medicine/event/2459513-beyond-content-accuracy-adapting-grices-maxims-to,"Go beyond right or wrong answers. Discover how an innovative rubric adapted from Grice’s Maxims can evaluate medical knowledge, reasoning, and communication while providing meaningful feedback to support learner development."
Community Engagement Awards Webinar Series: UConn Waterbury Team,Community and service,2026-10-08 12:00,2026-10-08 13:00,False,False,,,Office of Outreach & Engagement (University of Connecticut),,True,False,https://events.uconn.edu/live/events/2459522-community-engagement-awards-webinar-series-uconn-wat,"Webinar Series where awardees will share insights into their community partnerships, innovative approaches to engaged scholarship, and the real-world impact of their work."
Employee Appreciation Week: Leadership Network Exchange,Other,2026-10-08 12:00,2026-10-08 13:00,False,False,UConn Health,UConn Health,UConn Health (University of Connecticut),,False,False,https://events.uconn.edu/uconn-health/event/2405739-employee-appreciation-week-leadership-network-exchan,"Take a pause from the pace of the day to grow your way. Connect, reflect, and consider how we show up—not just what we get done."
Landscape: Revealed and Reframed,Arts and exhibits,2026-10-08 12:00,2026-10-08 16:00,False,False,Alexey von Schlippe Gallery of Art (Avery Point),Alexey von Schlippe Gallery of Art (Avery Point),Alexey von Schlippe Gallery of Art (University of Connecticut),Free,False,False,https://events.uconn.edu/alexey-von-schlippe-gallery-of-art/event/2295348-landscape-revealed-and-reframed,"On View: September 10 - October 11. Gallery Hours, Thursday-Sunday 12-4pm. Landscape: Revealed and Reframed features contemporary perspectives on landscape in photography, print, painting, and drawing by four Connecticut artists."
Let’s Talk with Kiara for NCAA Student Athletes,Health and wellness,2026-10-08 12:00,2026-10-08 13:00,False,False,Arjona Building,Arjona Building,Student Health and Wellness (University of Connecticut),,False,False,https://events.uconn.edu/student-health-and-wellness/event/2305078-lets-talk-with-kiara-for-ncaa-student-athletes,"The Let’s Talk: Mental Health Office Hours program provides informal, confidential consultation with therapists from SHaW. The service is free of charge and offered on a first come, first served basis for all NCAA Student Athletes only and are about 15-20 minutes. More info like other dates, time and location can be found here."
Major Expo: Social and Behavioral Sciences & Business,Academic and research,2026-10-08 12:00,2026-10-08 14:00,False,False,Rowe Center,Rowe Center,Academic Center for Exploratory Students (University of Connecticut),,False,False,https://events.uconn.edu/academic-center-for-exploratory-students/event/2434836-major-expo-social-and-behavioral-sciences-amp,The Major Experience invites you to explore majors in Social Behavioral Sciences & Business. Connect with representatives from various majors in these fields to learn about academic paths and career opportunities. Enjoy dairy bar ice cream as you explore your major options! RSVP HERE
Group Fitness Class – Fall 2026 - Small Group Human Reformer Pilates - Session 2 (Thurs 12:05pm w/ Jen),Sports and fitness,2026-10-08 12:05,2026-10-08 12:55,False,False,Student Recreation Center,Student Recreation Center,UConn Recreation (University of Connecticut),,False,False,https://events.uconn.edu/uconn-recreation/event/2460512-group-fitness-class-fall-2026-small-group-human,"For the full class schedule, descriptions, and to register, please visit the UConn Recreation website."
Group Fitness Class – Fall 2026 - Small Group Hybrid Fitness Training - Session 3 (Tue/Thu 12:05pm) w/ Ian,Sports and fitness,2026-10-08 12:05,2026-10-08 12:55,False,False,Student Recreation Center,Student Recreation Center,UConn Recreation (University of Connecticut),,False,False,https://events.uconn.edu/uconn-recreation/event/2460513-group-fitness-class-fall-2026-small-group,"For the full class schedule, descriptions, and to register, please visit the UConn Recreation website."
Out to Lunch Lecture: Dr. Meg Paceley,Food and dining,2026-10-08 12:15,2026-10-08 14:15,False,False,Student Union,Student Union,Rainbow Center (University of Connecticut),,False,False,https://events.uconn.edu/rainbow-center/event/2460684-out-to-lunch-lecture-dr-meg-paceley,"Please join us for the Rainbow Center Out to Lunch (OTL) LGBTQ+ History Month Lecture series during the month of October 2026. Join us on October 8th as Dr. Meg Paceley, LMSW, presents Imagining Queer and Trans Disabled Futures in a Time of Political Uncertainty and Unrest. RSVP is not required but encouraged, as we will provide food: Out to Lunch (OTL) Lecture - RSVP October 2026 – Fill out form"
AAC Waterbury Workshop: Just Breathe: Stress Managment,Academic and research,2026-10-08 12:30,,False,False,Rectory Building (Waterbury),Rectory Building (Waterbury),Academic Achievement Center (University of Connecticut),,False,False,https://events.uconn.edu/academic-achievement-center/event/2373887-aac-waterbury-workshop-just-breathe-stress,Did you know there are multiple kinds of stress? Come talk about the different stressors in your life and ways to combat the negative results of stress.
Davis Training,Academic and research,2026-10-08 12:30,,False,False,Starr 204,Starr 204,Law School (University of Connecticut),,False,False,https://events.uconn.edu/law-school/event/2422337-davis-training,William R’ Davis Competition Training
"Denial, Carcerality, Feeling: The Structure of Transantagonsim",Academic and research,2026-10-08 12:30,2026-10-08 13:45,False,False,GenRe Auditorium,GenRe Auditorium,Honors Program (University of Connecticut),,False,False,https://events.uconn.edu/honors-program/event/2431261-denial-carcerality-feeling-the-structure-of,"We have reached a crisis point for transgender people in the United States, with a virulent new political landscape. This talk traces the move from a politics defined by transphobia to a state of transantagonism, from attitudes of fear and discomfort with gender diversity, to punitive, administrative and social violence against transgender people."
"InCHIP Lecture Series: Leigha MacNeill, PhD, Purdue University | In Recognition of Mental Health Awareness Month",Health and wellness,2026-10-08 12:30,2026-10-08 13:30,False,False,,,"Institute for Collaboration on Health, Intervention, and Policy (University of Connecticut)",,True,False,https://events.uconn.edu/live/events/2277774-inchip-lecture-series-leigha-macneill-phd-purdue,"In Recognition of Mental Health Awareness Month and In Collaboration with the Collaboratory on School and Child Health Leigha MacNeill, PhD, Purdue University October 8 | 12:30 PM | Virtual “From Prediction to Prevention: Developing and Implementing Tools for Identifying Mental Health Risk in Young Children” Register Dr. Leigha MacNeill is an Assistant Professor of Human Development and Family Science at Purdue University. She is an expert in self-regulatory and family-level mechanisms that support mental health trajectories across early childhood. Dr. MacNeill’s research is rooted in a translational approach to generate tools that advance early identification of mental health problems and protective pathways toward healthy functioning for young children. Her multi-method research program includes: 1) predictive methods for identifying and preventing mental health risk across public health settings (e.g., pediatric primary care, schools); 2) understanding family processes that predict child self-regulation; and 3) real-world tools that enhance measurement of developmental phenomena. At Purdue, she directs the Social-emotional Health In Nurturing Environments (SHINE) Lab. She is an Indiana Clinical and Translational Sciences Institute (CTSI) K12 scholar, and her work has been supported by NIMH and NICHD. She is Scientific Advisor on Early Childhood Mental Health for the Network of Extension’s Just in Time Parenting program."
Information Literacy Basics: Ready-to-Use Support for Building Foundational,Academic and research,2026-10-08 12:30,,False,False,,,Center for Excellence in Teaching and Learning (CETL) (University of Connecticut),,True,False,https://events.uconn.edu/center-for-excellence-in-teaching-and-learning/event/2326095-information-literacy-basics-ready-to-use-support,"How can we help students develop the information literacy skills they need to navigate increasingly complex information environments and research questions? Information Literacy Basics is a new self-paced Blackboard course designed by the UConn Library to support undergraduate students as they develop research questions, create search strategies, discover and evaluate information, and make informed choices throughout the research process. In this workshop, participants will explore the Information Literacy Basics course and consider ways to use its modular content to support information literacy instruction in their own courses. We’ll look at how individual modules and activities can be incorporated into existing courses and assignments, with particular attention to supporting the Information, Digital, and Media Literacy competency in UConn’s Common Curriculum. Register - https://fins.uconn.edu/secure_inst/workshops/workshop_view.php?ser=3958"
Information Literacy Basics: Ready-to-Use Support for Building Foundational Student Research Skills,Academic and research,2026-10-08 12:30,2026-10-08 13:30,False,False,,,Libraries (University of Connecticut),Free,True,False,https://events.uconn.edu/libraries/event/2436398-information-literacy-basics-ready-to-use-support,Learn about the Library’s new Information Literacy Basics course and how to add it to our instructional materials.
JUST BREATHE : Stress Management,Other,2026-10-08 12:30,,False,False,Rectory Building (Waterbury),Rectory Building (Waterbury),UConn Waterbury (University of Connecticut),,False,False,https://events.uconn.edu/uconn-waterbury/event/2340464-just-breathe-stress-management,Join us in the Academic Achievement Center (AAC) for a workshop on how managing your stress supports academic success.
Mindfulness,Health and wellness,2026-10-08 12:30,,False,False,Law Library Lab,Law Library Lab,Law Library Lab (University of Connecticut),,False,False,https://events.uconn.edu/law-library-lab/event/2272987-mindfulness,Law school is stressful. Drop in for a short mindfulness break. This session is hosted by Adam Mackie.
Tey Meadow Lecture on Anti-Gender Politics,Academic and research,2026-10-08 12:30,2026-10-08 14:00,False,False,UConn Stamford,UConn Stamford,UConn Stamford (University of Connecticut),,False,False,https://events.uconn.edu/uconn-stamford/event/2407272-tey-meadow-lecture-on-anti-gender-politics,"The Stamford Campus is pleased to welcome Dr. Tey Meadow, sociologist at Columbia University, to discuss her recent research on the evolving political climate and its impact on trans people. Please also feel free to join us afterwards for a casual conversation about the talk, trans families, and que"
UConn Office of Sustainability Table,Community and service,2026-10-08 12:30,2026-10-08 13:30,False,False,UConn Waterbury,UConn Waterbury,UConn Waterbury (University of Connecticut),,False,False,https://events.uconn.edu/uconn-waterbury/event/2387870-uconn-office-of-sustainability-table,"The Office of Sustainability is hosting a table in the Waterbury Main Campus Building Lobby, informing students about the OS and its purpose for UConn. Resources to connect with the OS, snacks, and information about future projects and sustainability efforts will be provided."
You Belong Here: Overcoming Imposter Syndrome,Academic and research,2026-10-08 12:30,2026-10-08 13:30,False,False,Main Building (Waterbury),Main Building (Waterbury),Honors Program (University of Connecticut),,False,False,https://events.uconn.edu/honors-program/event/2440814-you-belong-here-overcoming-imposter-syndrome,"This workshop will explore Imposter Syndrome and why it is so common among college students. Participants will learn to recognize and challenge harmful thoughts, and behavior patterns that fuel self-doubt. This workshop will help students learn strategies and build confidence that will knock this semester out of the park!"
You Belong Here: Overcoming Imposter Syndrome,Other,2026-10-08 12:30,2026-10-08 13:30,False,False,UConn Waterbury,UConn Waterbury,UConn Waterbury (University of Connecticut),,False,False,https://events.uconn.edu/uconn-waterbury/event/2459527-you-belong-here-overcoming-imposter-syndrome,"This workshop will explore Imposter Syndrome and why it is so common among college students. Participants will learn to recognize and challenge harmful thoughts, and behavior patterns that fuel self-doubt. This workshop will help students learn strategies and build confidence that will knock this semester out of the park!"
Let’s Talk with Daveon,Health and wellness,2026-10-08 13:15,2026-10-08 14:15,False,False,Student Union,Student Union,Student Health and Wellness (University of Connecticut),,False,False,https://events.uconn.edu/live/events/2304928-lets-talk-with-daveon,"The Let’s Talk: Mental Health Office Hours program provides informal, confidential consultation with therapists from SHaW. The service is free of charge and offered on a first come, first served basis. More info like other dates, time and location can be found here."
Converse with a nurse - Sexual health,Health and wellness,2026-10-08 13:30,2026-10-08 14:30,False,False,UConn Stamford,UConn Stamford,Student Health and Wellness (University of Connecticut),Free,False,False,https://events.uconn.edu/student-health-and-wellness/event/2199993-converse-with-a-nurse-sexual-health,"Get informed about practical, judgement-free information about sexual health, protection, testing & healthy relationships in college."
CISS Coffee Hour: Zimbabwe,Food and dining,2026-10-08 14:00,2026-10-08 15:00,False,False,Center for International Students & Scholar Services (CISS),Center for International Students & Scholar Services (CISS),International Student & Scholar Services (University of Connecticut),,False,False,https://events.uconn.edu/international-student-scholar-services/event/2304405-ciss-coffee-hour-zimbabwe,At CISS Coffee Hour the UConn community can learn about different cultural perspectives through presentations and snacks. Great opportunity to network and make friends. All are welcome! Hosted by the International Student and Scholar Services.
CISS Coffee Hour: Zimbabwe,Food and dining,2026-10-08 14:00,2026-10-08 15:00,False,False,Center for International Students & Scholar Services (CISS),Center for International Students & Scholar Services (CISS),Honors Program (University of Connecticut),,False,False,https://events.uconn.edu/honors-program/event/2440329-ciss-coffee-hour-zimbabwe,At CISS Coffee Hour the UConn community can learn about different cultural perspectives through presentations and snack. This is a chance to make friends. All are welcome! Hosted by the Center for International Student and Scholars. A student from Zimbabwe will be providing a cultural presentation about the country.
Doctoral Dissertation Oral Defense of Khandaker Umaiya,Academic and research,2026-10-08 14:00,,False,False,Science 1 Research Center,Science 1 Research Center,Graduate School - Theses and Dissertation Defense (University of Connecticut),,False,False,https://events.uconn.edu/graduate-school-theses-and-dissertation-defense/event/2426001-doctoral-dissertation-oral-defense-of-khandaker,
Group Fitness Class – Yoga Flow,Sports and fitness,2026-10-08 14:00,2026-10-08 15:00,False,False,Student Recreation Center,Student Recreation Center,UConn Recreation (University of Connecticut),,False,False,https://events.uconn.edu/uconn-recreation/event/2460511-group-fitness-class-yoga-flow,"For the full class schedule, descriptions, and to register, please visit the UConn Recreation website."
“The Round Table” Mandarin Speaking Group for Graduate Students,Health and wellness,2026-10-08 14:00,2026-10-08 15:30,False,False,Arjona Building,Arjona Building,Student Health and Wellness (University of Connecticut),,False,False,https://events.uconn.edu/student-health-and-wellness/event/2308768-the-round-table-mandarin-speaking-group-for,"Group therapy provides clinical support to foster healing for students managing mental health concerns while supporting their academic success. Facilitated by Mental Health providers, groups are designed to promote emotional well-being and increase connection and belonging. To join any group therapy session, please call SHaW at 860-486-4700. More info about SHaW’s Group Sessions."
UConn School of Pharmacy Fall Research Symposium,Academic and research,2026-10-08 14:30,2026-10-08 16:00,False,False,Pharmacy/Biology Building,Pharmacy/Biology Building,Honors Program (University of Connecticut),,False,False,https://events.uconn.edu/honors-program/event/2455306-uconn-school-of-pharmacy-fall-research-symposium,"The fall research symposium showcases the various fields of research being done in the school of pharmacy and pharmaceutical sciences! Come talk to fellow students, learn about heir research, and find out if pharmacy is right for you!"
Group Fitness Class – Spin (45),Sports and fitness,2026-10-08 15:00,2026-10-08 15:45,False,False,Student Recreation Center,Student Recreation Center,UConn Recreation (University of Connecticut),,False,False,https://events.uconn.edu/uconn-recreation/event/2460510-group-fitness-class-spin-45,"For the full class schedule, descriptions, and to register, please visit the UConn Recreation website."
Group Fitness Class – Upper Body Sculpt (30),Sports and fitness,2026-10-08 15:15,2026-10-08 15:45,False,False,Student Recreation Center,Student Recreation Center,UConn Recreation (University of Connecticut),,False,False,https://events.uconn.edu/uconn-recreation/event/2460509-group-fitness-class-upper-body-sculpt-30,"For the full class schedule, descriptions, and to register, please visit the UConn Recreation website."
EEB Seminar: Beronda Montgomery (Grinnell College),Academic and research,2026-10-08 15:30,,False,False,Biology/Physics Building,Biology/Physics Building,Ecology and Evolutionary Biology (University of Connecticut),,False,False,https://events.uconn.edu/ecology-and-evolutionary-biology/event/2308547-eeb-seminar-beronda-montgomery-grinnell-college,Title: “When trees testify: learning with and from trees”
Mathematics Colloquium by Jonathan Weitsman (Northeastern),Academic and research,2026-10-08 15:30,2026-10-08 16:30,False,False,Monteith Building,Monteith Building,Mathematics Department (University of Connecticut),,False,False,https://events.uconn.edu/mathematics-department/event/2385321-mathematics-colloquium-by-jonathan-weitsman,"Title: What is Symplectic Geometry? Speaker: Jonathan Weitsman (Northeastern University) Abstract: Symplectic Geometry, which has its origins in Classical Mechanics, has become an important area of Differential Geometry. Nevertheless the geometric picture of what a symplectic manifold “looks like” has not been so clear. Alan Weinstein provided insight into this question by studying morphisms of symplectic manifolds, giving rise to a Symplectic “Category”. The scare quotes are due to the fact that transversality troubles mean composition is not quite well-defined. In this talk we plan to review the origins of Symplectic Geometry, explain Weinstein’s proposal, and show how to construct a true category morally dual to Weinstein’s “category”. Along the way we will encounter superalgebras and an application to Geometric Quantization. (Arxiv reference 2608.09681)"
"PhD DocNet Recruiting Forum - INSEAD, Singapore",Academic and research,2026-10-08 15:30,2026-10-08 18:30,False,False,,,School of Business (University of Connecticut),,False,False,https://events.uconn.edu/school-of-business/event/2254094-phd-docnet-recruiting-forum-insead-singapore,"The UConn School of Business offers areas of doctoral study in Accounting, Finance, Management, Marketing, and Operation and Information Management (OPIM). Register Here."
"BLOOM: Black, Indigenous, and People of Color (BIPOC)",Health and wellness,2026-10-08 16:00,2026-10-08 17:30,False,False,Arjona Building,Arjona Building,Student Health and Wellness (University of Connecticut),,False,False,https://events.uconn.edu/live/events/2308782-bloom-black-indigenous-and-people-of-color-bipoc,"Group therapy provides clinical support to foster healing for students managing mental health concerns while supporting their academic success. Facilitated by Mental Health providers, groups are designed to promote emotional well-being and increase connection and belonging. To join any group therapy session, please call SHaW at 860-486-4700. More info about SHaW’s Group Sessions."
CCAM Seminar Series - Dr. Timothy Duerr,Academic and research,2026-10-08 16:00,,False,False,"CGSB, 400 Farmington Ave","CGSB, 400 Farmington Ave",Center for Cell Analysis and Modeling (University of Connecticut),,False,False,https://events.uconn.edu/center-for-cell-analysis-and-modeling/event/2335572-ccam-seminar-series-dr-timothy-duerr,"CCAM Seminar Series Speaker: Dr. Timothy Duerr Ph.D., Assistant Professor, Department of Orthopaedic Surgery, UConn Health Title: “Cellular and molecular mechanisms regulating proximodistal positional identity during axolotl limb regeneration” Abstract: Axolotl salamanders can regenerate their limbs following amputation anywhere along the proximodistal (PD) axis. During this process, resident connective tissue cells, including dermal fibroblasts and periskeletal cells, dedifferentiate and accumulate at the limb stump to form a blastema. Blastema cells retain their genetically encoded PD positional identity, enabling them to redifferentiate and regenerate the appropriate PD limb structures. Retinoic acid (RA) signaling is essential for establishing PD positional identity, as elevated levels of RA instruct blastema cells to adopt a proximal limb identity. We found that RA concentration along the PD axis is regulated by Cyp26b1 expression, which degrades excess RA to generate distal identity during limb regeneration. These differences in RA concentration lead to differential expression of homeobox genes that provide blastema cells with the correct PD positional identity. One such gene identified was Shox, which we show is required for activation of the PTHrP/IHH feedback loop in regenerating chondrocytes of proximally amputated limbs. Once blastema cells genetically adopt positional identity via RA, they express PD-specific cell surface proteins that modify cellular adhesivity. This enables self-sorting with cells of similar positional identities. We have identified several cell surface proteins, including LPHN2, TENM4, and FLRT3 that follow the same spatiotemporal expression patterns as 5’ Hox genes and are both RA responsive and differentially expressed between proximally and distally amputated limbs. Collectively, our results support..."
FYE Bingo Event,Campus life,2026-10-08 16:00,2026-10-08 17:30,False,False,Rowe Center,Rowe Center,First Year Programs (University of Connecticut),,False,False,https://events.uconn.edu/fyp/event/2455307-fye-bingo-event,"Play bingo and meet new friends in Rowe 234. Prizes include hoodies and t-shirts, refreshments will also be served."
Group Fitness Class – Barre,Sports and fitness,2026-10-08 16:00,2026-10-08 17:00,False,False,Student Recreation Center,Student Recreation Center,UConn Recreation (University of Connecticut),,False,False,https://events.uconn.edu/uconn-recreation/event/2460506-group-fitness-class-barre,"For the full class schedule, descriptions, and to register, please visit the UConn Recreation website."
Group Fitness Class – Spin (45),Sports and fitness,2026-10-08 16:00,2026-10-08 16:45,False,False,Student Recreation Center,Student Recreation Center,UConn Recreation (University of Connecticut),,False,False,https://events.uconn.edu/uconn-recreation/event/2460507-group-fitness-class-spin-45,"For the full class schedule, descriptions, and to register, please visit the UConn Recreation website."
Group Fitness Class – Total Body Strength,Sports and fitness,2026-10-08 16:00,2026-10-08 17:00,False,False,Student Recreation Center,Student Recreation Center,UConn Recreation (University of Connecticut),,False,False,https://events.uconn.edu/uconn-recreation/event/2460508-group-fitness-class-total-body-strength,"For the full class schedule, descriptions, and to register, please visit the UConn Recreation website."
Group Fitness Class – TRX Circuit,Sports and fitness,2026-10-08 16:15,2026-10-08 17:15,False,False,Student Recreation Center,Student Recreation Center,UConn Recreation (University of Connecticut),,False,False,https://events.uconn.edu/uconn-recreation/event/2460505-group-fitness-class-trx-circuit,"For the full class schedule, descriptions, and to register, please visit the UConn Recreation website."
Group Fitness Class – FREE Small Group Aquatic Fitness,Sports and fitness,2026-10-08 16:30,2026-10-08 17:15,False,False,Student Recreation Center,Student Recreation Center,UConn Recreation (University of Connecticut),,False,False,https://events.uconn.edu/uconn-recreation/event/2460504-group-fitness-class-free-small-group-aquatic,"For the full class schedule, descriptions, and to register, please visit the UConn Recreation website."
2026 John and Valerie Rowe Scholars Lecture,Academic and research,2026-10-08 17:00,2026-10-08 18:30,False,False,,,Honors Program (University of Connecticut),,True,False,https://events.uconn.edu/honors-program/event/2325969-2026-john-and-valerie-rowe-scholars-lecture,"The John and Valerie Rowe Scholars Lecture Series is designed to bring distinguished health professionals, scholars, and researchers to the Storrs campus annually to speak about critical topics in health care. The lecture series is funded through an endowment to the University of Connecticut by the Rowe Family Foundation and is part of the John and Valerie Rowe Health Professions Scholars Program. This is an Honors Event: #UHLEvent 11519 See tags for categories"
Group Fitness Class – Dance Sculpt,Sports and fitness,2026-10-08 17:00,2026-10-08 18:00,False,False,Student Recreation Center,Student Recreation Center,UConn Recreation (University of Connecticut),,False,False,https://events.uconn.edu/uconn-recreation/event/2460502-group-fitness-class-dance-sculpt,"For the full class schedule, descriptions, and to register, please visit the UConn Recreation website."
Group Fitness Class – Spin,Sports and fitness,2026-10-08 17:00,2026-10-08 18:00,False,False,Student Recreation Center,Student Recreation Center,UConn Recreation (University of Connecticut),,False,False,https://events.uconn.edu/uconn-recreation/event/2460503-group-fitness-class-spin,"For the full class schedule, descriptions, and to register, please visit the UConn Recreation website."
Group Fitness Class – Core Conditioning (30),Sports and fitness,2026-10-08 17:15,2026-10-08 17:45,False,False,Student Recreation Center,Student Recreation Center,UConn Recreation (University of Connecticut),,False,False,https://events.uconn.edu/uconn-recreation/event/2460500-group-fitness-class-core-conditioning-30,"For the full class schedule, descriptions, and to register, please visit the UConn Recreation website."
Group Fitness Class – Yoga Flow,Sports and fitness,2026-10-08 17:15,2026-10-08 18:15,False,False,Student Recreation Center,Student Recreation Center,UConn Recreation (University of Connecticut),,False,False,https://events.uconn.edu/uconn-recreation/event/2460501-group-fitness-class-yoga-flow,"For the full class schedule, descriptions, and to register, please visit the UConn Recreation website."
Engineers Getting Connected,Academic and research,2026-10-08 17:30,2026-10-08 20:30,False,False,Alumni Center,Alumni Center,College of Engineering (University of Connecticut),,False,False,https://events.uconn.edu/engineering/event/2336561-engineers-getting-connected,"One of the most meaningful traditions of the week, Engineers Getting Connected brings alumni, industry professionals, and students together for conversations that spark connections, mentorship, and opportunity. Share your experiences, expand your network, and help inspire the next generation of UConn Engineers."
Group Fitness Class – Stretch & Foam Roll (30),Sports and fitness,2026-10-08 17:30,2026-10-08 18:00,False,False,Student Recreation Center,Student Recreation Center,UConn Recreation (University of Connecticut),,False,False,https://events.uconn.edu/uconn-recreation/event/2460498-group-fitness-class-stretch-foam-roll-30,"For the full class schedule, descriptions, and to register, please visit the UConn Recreation website."
AAC Storrs Workshop: Talking to Professors,Academic and research,2026-10-08 18:00,,False,False,Rowe Center,Rowe Center,Academic Achievement Center (University of Connecticut),,False,False,https://events.uconn.edu/academic-achievement-center/event/2371943-aac-storrs-workshop-talking-to-professors,"Do you know how to effectively communicate with your professor? This workshop will provide strategies to improve your communication skills during office hours, sending emails, and what are the “right” questions that will prepare you for your test."
Group Fitness Class – 50/50,Sports and fitness,2026-10-08 18:00,2026-10-08 19:00,False,False,Student Recreation Center,Student Recreation Center,UConn Recreation (University of Connecticut),,False,False,https://events.uconn.edu/uconn-recreation/event/2460497-group-fitness-class-5050,"For the full class schedule, descriptions, and to register, please visit the UConn Recreation website."
October Get Seeded Pitch Night,Career and jobs,2026-10-08 18:00,2026-10-08 19:30,False,False,,,Connecticut Center for Entrepreneurship and Innovation (University of Connecticut),Free,True,False,https://events.uconn.edu/connecticut-center-for-entrepreneurship-and-innovation/event/2401800-october-get-seeded-pitch-night,"Join us for October’s Get Seeded Pitch Night, hosted by the UConn Connecticut Center for Entrepreneurship and Innovation (CCEI). These virtual pitch nights showcase student entrepreneurs presenting their innovative ideas and competing for seed funding, with the chance to turn their concepts into reality."
Poetry Reading | Bruce Cohen,Academic and research,2026-10-08 18:00,,False,False,Ballard Institute,Ballard Institute,Creative Writing Program (University of Connecticut),,False,False,https://events.uconn.edu/creative-writing-program/event/2326649-poetry-reading-bruce-cohen,"Thursday, October 8, 2026 Bruce Cohen/Poetry Reading Black Box Theater, (1 Royce Circle) Storrs Center, 6:00 p.m. Sponsored by the Creative Writing Program Bruce Cohen has published six volumes of poetry: Disloyal Yo-Yo (Dream Horse Press), which was awarded the Orphic Prize, Swerve (Black Lawrence Press), Placebo Junkies Conspiring with the Half-Asleep (Black Lawrence Press), No Soap, Radio! (Black Lawrence Press), Imminent Disappearances, Impossible Numbers & Panoramic X-Rays which was awarded the Green Rose Prize (New Issues Press) and Botrytis (Cornerstone Press). A forthcoming book, Please Don’t Touch the Art, is scheduled to be published in early 2027 (MadHat Press). His poems and essays have appeared in many literary periodicals including AGNI, The Alaska Quarterly, The Georgia Review, The Gettysburg Review, The Harvard Review, The New Yorker, The North American Review, Ploughshares, Poetry, and The Southern Review as well as being featured on Poetry Daily, Verse Daily and The Academy of American Poets Poem-A-Day. He received a Pushcart Prize and the James Olney Award from The Southern Review. Prior to joining the creative writing faculty at the University of Connecticut in 2012, for thirty years, he developed and implemented nationally recognized academic support programs for student-athletes at the University of Arizona, the University of California at Berkeley, and the University of Connecticut."
Group Fitness Class – Power Barre,Sports and fitness,2026-10-08 18:15,2026-10-08 19:15,False,False,Student Recreation Center,Student Recreation Center,UConn Recreation (University of Connecticut),,False,False,https://events.uconn.edu/uconn-recreation/event/2460495-group-fitness-class-power-barre,"For the full class schedule, descriptions, and to register, please visit the UConn Recreation website."
Group Fitness Class – Spin,Sports and fitness,2026-10-08 18:15,2026-10-08 19:15,False,False,Student Recreation Center,Student Recreation Center,UConn Recreation (University of Connecticut),,False,False,https://events.uconn.edu/uconn-recreation/event/2460496-group-fitness-class-spin,"For the full class schedule, descriptions, and to register, please visit the UConn Recreation website."
Group Fitness Class – Gentle Yoga,Sports and fitness,2026-10-08 18:30,2026-10-08 19:30,False,False,Student Recreation Center,Student Recreation Center,UConn Recreation (University of Connecticut),,False,False,https://events.uconn.edu/uconn-recreation/event/2460494-group-fitness-class-gentle-yoga,"For the full class schedule, descriptions, and to register, please visit the UConn Recreation website."
PhD-Accounting Presents; Explore a Career in Academia,Career and jobs,2026-10-08 18:30,,False,False,,,School of Business (University of Connecticut),,True,False,https://events.uconn.edu/school-of-business/event/2262146-phd-accounting-presents-explore-a-career-in,The PhD Virtual Infosessions are an ideal opportunity to learn first-hand about our highly regarded program and hear from admissions representatives. Register Here
Sapphic Speed Dating,Community and service,2026-10-08 18:30,2026-10-08 20:00,False,False,Student Union,Student Union,Rainbow Center (University of Connecticut),,False,False,https://events.uconn.edu/rainbow-center/event/2437395-sapphic-speed-dating,Sapphic speed dating is happening!!
Sunset Fest,Campus life,2026-10-08 18:30,,False,False,Student Union,Student Union,SUBOG - Student Union Board of Governors (University of Connecticut),Free,False,False,https://events.uconn.edu/subog-student-union-board-of-governors/event/2363407-sunset-fest,
TME Mentor Panel & Major Exhibition,Arts and exhibits,2026-10-08 18:30,2026-10-08 19:30,False,False,ITE Building,ITE Building,Academic Center for Exploratory Students (University of Connecticut),,False,False,https://events.uconn.edu/academic-center-for-exploratory-students/event/2434923-tme-mentor-panel-major-exhibition,"The first portion of the event will include a small panel of TME student mentors answering questions regarding exploration, involvement, and advice for exploratory students. After the panel has wrapped up, TME student Mentors will participate in the Exhibition portion of the event where attendees can chat with various student mentors individually about their experiences. RSVP HERE"
Windham County 4-H Fair Association Meeting,Community and service,2026-10-08 18:30,,False,False,,,UConn 4-H (University of Connecticut),,False,False,https://events.uconn.edu/uconn-4-h/event/1612982-windham-county-4-h-fair-association-meeting,Join us for the monthly meeting of the Windham County 4-H Association
CROWN Day,Academic and research,2026-10-08 19:00,2026-10-08 20:00,False,False,AACC Community Room,AACC Community Room,Honors Program (University of Connecticut),Free,False,False,https://events.uconn.edu/honors-program/event/2406992-crown-day,"Join the AACC as we honor natural beauty, promote self-love, and foster a more inclusive community—one curl, coil, and crown at a time."
Tolland County 4-H Open House,Community and service,2026-10-08 19:00,2026-10-08 20:00,False,False,,,UConn 4-H (University of Connecticut),,False,False,https://events.uconn.edu/uconn-4-h/event/2218452-tolland-county-4-h-open-house,"Free and open to the public! Meet Tolland County 4-H club leaders and members, explore club exhibits, and learn how youth ages 5–18 can get involved in 4-H."
Tolland County 4-H Open House,Community and service,2026-10-08 19:00,2026-10-08 20:00,False,False,,,Extension (University of Connecticut),,False,False,https://events.uconn.edu/extension/event/2272566-tolland-county-4-h-open-house,
Group Fitness Class – ABC (45),Sports and fitness,2026-10-08 19:15,2026-10-08 20:00,False,False,Student Recreation Center,Student Recreation Center,UConn Recreation (University of Connecticut),,False,False,https://events.uconn.edu/uconn-recreation/event/2460493-group-fitness-class-abc-45,"For the full class schedule, descriptions, and to register, please visit the UConn Recreation website."
Group Fitness Class – Dance Fit (45),Sports and fitness,2026-10-08 19:30,2026-10-08 20:15,False,False,Student Recreation Center,Student Recreation Center,UConn Recreation (University of Connecticut),,False,False,https://events.uconn.edu/uconn-recreation/event/2460491-group-fitness-class-dance-fit-45,"For the full class schedule, descriptions, and to register, please visit the UConn Recreation website."
Group Fitness Class – Spin (45),Sports and fitness,2026-10-08 19:30,2026-10-08 20:15,False,False,Student Recreation Center,Student Recreation Center,UConn Recreation (University of Connecticut),,False,False,https://events.uconn.edu/uconn-recreation/event/2460492-group-fitness-class-spin-45,"For the full class schedule, descriptions, and to register, please visit the UConn Recreation website."
CBC Workshop: Introduction to R,Academic and research,2026-10-09 00:00,,True,False,,,,,False,False,https://bioinformatics.uconn.edu/cbc-workshops/,
Explore UConn,Community and service,2026-10-09 00:00,,True,False,Young Building,Young Building,UConn 4-H (University of Connecticut),,False,False,https://events.uconn.edu/uconn-4-h/event/2223127-explore-uconn,"Explore UConn is a one-day program on October 9th, aimed at junior and senior high school youth this 4-H program allows members to visit various College of Agriculture, Health and Natural Resources (CAHNR) departments, enjoy a provided lunch in a campus dining unit, and interact with current UConn students, faculty and staff More information: https://4-h.extension.uconn.edu/explore/"
Explore UConn,Community and service,2026-10-09 00:00,,True,False,Young Building,Young Building,Extension (University of Connecticut),,False,False,https://events.uconn.edu/extension/event/2272563-explore-uconn,
Jorgensen Gallery: “Flesh and Fable” Exhibition,Music and performance,2026-10-09 00:00,,True,False,Jorgensen Center,Jorgensen Center,Jorgensen Center for the Performing Arts (University of Connecticut),Free,False,False,https://events.uconn.edu/jorgensen-center-for-the-performing-arts/event/2406241-jorgensen-gallery-flesh-and-fable-exhibition,"Afarin Rahmanifar, M.F.A., is an Iranian American mixed-media artist, curator, educator, and Associate Professor of Painting and Drawing at Eastern Connecticut State University, where she has taught since 2013. Born in Iran and displaced after the 1979 Revolution, her work is shaped by themes of memory, exile, identity, and transformation. Using fragmented anatomical forms, Persian visual traditions, and the women of the Shahnameh, she examines how memory and cultural inheritance shape identity and belonging. Through painting, drawing, collage, textile, and mixed media, she layers and reconstructs the female body as an act of remembrance and reclamation— honoring women whose stories have been overlooked or silenced."
National 4-H Week,Community and service,2026-10-09 00:00,,True,False,,,Extension (University of Connecticut),,False,False,https://events.uconn.edu/extension/event/2272565-national-4-h-week,
UConn Women’s Tennis at ITA Regionals,Sports and fitness,2026-10-09 00:00,2026-10-11 00:00,True,True,"New Haven, CT","New Haven, CT",Athletics (University of Connecticut),,False,False,https://events.uconn.edu/athletics/event/2401634-uconn-womens-tennis-at-ita-regionals,View Women’s Tennis’ full schedule.
Group Fitness Class – Spin,Sports and fitness,2026-10-09 08:00,2026-10-09 09:00,False,False,Student Recreation Center,Student Recreation Center,UConn Recreation (University of Connecticut),,False,False,https://events.uconn.edu/uconn-recreation/event/2460490-group-fitness-class-spin,"For the full class schedule, descriptions, and to register, please visit the UConn Recreation website."
CT LEND,Academic and research,2026-10-09 08:30,,False,False,UConn UCEDD 270 Farmington Ave Farmington Suite 181,UConn UCEDD 270 Farmington Ave Farmington Suite 181,University Center for Excellence in Developmental Disabilities (University of Connecticut),,False,False,https://events.uconn.edu/university-center-for-excellence-in-developmental-disabilities/event/2397294-ct-lend,"The University of Connecticut Leadership Education in Neurodevelopmental and related Disabilities (CT LEND) program is a one-year interdisciplinary leadership training program for persons with disabilities, family members, practicing professionals and graduate students at UConn and other Connecticut universities."
Group Fitness Class – DEKA/HYROX Training (45),Sports and fitness,2026-10-09 10:15,2026-10-09 11:00,False,False,Student Recreation Center,Student Recreation Center,UConn Recreation (University of Connecticut),,False,False,https://events.uconn.edu/uconn-recreation/event/2460489-group-fitness-class-dekahyrox-training-45,"For the full class schedule, descriptions, and to register, please visit the UConn Recreation website."
Let’s Talk with SHaW,Health and wellness,2026-10-09 11:00,2026-10-09 12:00,False,False,Arjona Building,Arjona Building,Student Health and Wellness (University of Connecticut),,False,False,https://events.uconn.edu/student-health-and-wellness/event/2305018-lets-talk-with-shaw,"The Let’s Talk: Mental Health Office Hours program provides informal, confidential consultation with therapists from SHaW. The service is free of charge and offered on a first come, first served basis. More info like other dates, time and location can be found here."
Making Time for Mindfulness,Health and wellness,2026-10-09 11:00,2026-10-09 12:00,False,False,Arjona Building,Arjona Building,Student Health and Wellness (University of Connecticut),Free,False,False,https://events.uconn.edu/live/events/2394015-making-time-for-mindfulness,Making Time for Mindfulness is a skill-based workshop meant to support stress reduction and overall wellbeing. Drop-in Arjona room 403 every Friday from 11am - 12pm.
Marine Sciences Seminar: Thomas Blanford,Academic and research,2026-10-09 11:00,2026-10-09 12:00,False,False,,,Marine Sciences Department (University of Connecticut),Free,True,False,https://events.uconn.edu/marine-sciences-department/event/2359006,Sea Floor Changes Gulf of Maine
Psychiatry Grand Rounds,Academic and research,2026-10-09 11:00,2026-10-09 12:00,False,False,,,School of Medicine (University of Connecticut),,True,False,https://events.uconn.edu/school-of-medicine/event/2425866-psychiatry-grand-rounds,"ADHD:A 24-hour Disorder, Alison E. Pritchard, PhD, ABPP, Kennedy Krieger Institute"
Doctoral Dissertation Oral Defense of Lidan Gao,Academic and research,2026-10-09 11:30,2026-10-09 12:30,False,False,Jones Building,Jones Building,Graduate School - Theses and Dissertation Defense (University of Connecticut),,False,False,https://events.uconn.edu/graduate-school-theses-and-dissertation-defense/event/2455288-doctoral-dissertation-oral-defense-of-lidan-gao,Field of study: Nutritional Sciences Title: “Bioactive Dietary and Microbiome-Derived Lipids’ Modulation of the Gut-Liver Axis in Chronic Inflammatory Diseases”
Group Fitness Class – Spin & Strength,Sports and fitness,2026-10-09 11:45,2026-10-09 13:00,False,False,Student Recreation Center,Student Recreation Center,UConn Recreation (University of Connecticut),,False,False,https://events.uconn.edu/uconn-recreation/event/2460488-group-fitness-class-spin-strength,"For the full class schedule, descriptions, and to register, please visit the UConn Recreation website."
CAM Presentation: Kshitiz,Academic and research,2026-10-09 12:00,,False,False,"CGSB, 400 Farmington Avenue","CGSB, 400 Farmington Avenue",Center for Cell Analysis and Modeling (University of Connecticut),,False,False,https://events.uconn.edu/center-for-cell-analysis-and-modeling/event/2401802-cam-presentation-kshitiz,Speaker: Title: Via Webex: https://uconnhealth.webex.com/uconnhealth/j.php?MTID=mdacf393cf6a2ee5314a3b76525ea5e57
Employee Appreciation Week: SWAG Bingo,Campus life,2026-10-09 12:00,2026-10-09 13:00,False,False,UConn Health,UConn Health,UConn Health (University of Connecticut),,False,False,https://events.uconn.edu/uconn-health/event/2405851-employee-appreciation-week-swag-bingo,"Back by popular demand, Swag Bingo is returning for one more round of friendly competition and plenty of opportunities to win!"
Landscape: Revealed and Reframed,Arts and exhibits,2026-10-09 12:00,2026-10-09 16:00,False,False,Alexey von Schlippe Gallery of Art (Avery Point),Alexey von Schlippe Gallery of Art (Avery Point),Alexey von Schlippe Gallery of Art (University of Connecticut),Free,False,False,https://events.uconn.edu/alexey-von-schlippe-gallery-of-art/event/2295349-landscape-revealed-and-reframed,"On View: September 10 - October 11. Gallery Hours, Thursday-Sunday 12-4pm. Landscape: Revealed and Reframed features contemporary perspectives on landscape in photography, print, painting, and drawing by four Connecticut artists."
Group Fitness Class – Barre (45),Sports and fitness,2026-10-09 12:05,2026-10-09 12:50,False,False,Student Recreation Center,Student Recreation Center,UConn Recreation (University of Connecticut),,False,False,https://events.uconn.edu/uconn-recreation/event/2460486-group-fitness-class-barre-45,"For the full class schedule, descriptions, and to register, please visit the UConn Recreation website."
Group Fitness Class – TRX Circuit (45),Sports and fitness,2026-10-09 12:05,2026-10-09 12:50,False,False,Student Recreation Center,Student Recreation Center,UConn Recreation (University of Connecticut),,False,False,https://events.uconn.edu/uconn-recreation/event/2460487-group-fitness-class-trx-circuit-45,"For the full class schedule, descriptions, and to register, please visit the UConn Recreation website."
PSLA Seminar Series: Research Showcase,Academic and research,2026-10-09 12:15,2026-10-09 13:15,False,False,,,Plant Science and Landscape Architecture (University of Connecticut),Free,True,False,https://events.uconn.edu/live/events/2388641-psla-seminar-series-research-showcase,Host: Julia Smachylo Location: YNG 132 Join Remotely: s.uconn.edu/psla_seminars Graduate Student Research Presentations
MCB Research in Progress: Fleck,Academic and research,2026-10-09 12:20,,False,False,Biology/Physics Building,Biology/Physics Building,Molecular and Cell Biology (University of Connecticut),,False,False,https://events.uconn.edu/molecular-and-cell-biology/event/2325471-mcb-research-in-progress-fleck,Katherine Fleck
Research in Progress (RIP) Talk: Teng Long,Academic and research,2026-10-09 12:20,2026-10-09 13:10,False,False,Torrey Life Sciences Building,Torrey Life Sciences Building,Physiology & Neurobiology (University of Connecticut),,False,False,https://events.uconn.edu/physiology-neurobiology/event/2430194-research-in-progress-rip-talk-teng-long,"On Friday, October 9, 2026, Teng Long will be presenting his Research in Progress (RIP) Talk. Teng is a Ph.D. student in the Menuz Lab."
SIGMA Seminar (for grad students) - Open forum with DH: Q&A on some timely topics for graduate school - Xiaodong Yan (UConn),Academic and research,2026-10-09 12:20,2026-10-09 13:10,False,False,Monteith Building,Monteith Building,Mathematics Department (University of Connecticut),,False,False,https://events.uconn.edu/mathematics-department/event/2455063-sigma-seminar-for-grad-students-open-forum-with,"During this meeting, graduate students will ask questions to the department head regarding some timely topics for graduate school such as: 1. Tips on job applications 2. Questions on TA classroom observations 3. Changes in TA teaching and service awards 4. General questions for graduate study 5. AI impact on graduate education in math"
Art Encounters: Playing with Perception,Arts and exhibits,2026-10-09 12:30,2026-10-09 13:30,False,False,The Benton Museum of Art,The Benton Museum of Art,The Benton (University of Connecticut),,False,False,https://events.uconn.edu/benton/event/2394656-art-encounters-playing-with-perception,"An interactive two-part workshop exploring current exhibitions, with close looking and discussion, and a hands-on activity. Artists make the familiar strange through changes in scale, perspective, and color. How do these choices shape our perception of their work, and the world around us?"
Measuring Learning Through Engagement in Large Courses,Academic and research,2026-10-09 12:30,2026-10-09 13:30,False,False,,,Center for Excellence in Teaching and Learning (CETL) (University of Connecticut),,True,False,https://events.uconn.edu/center-for-excellence-in-teaching-and-learning/event/2421780-measuring-learning-through-engagement-in-large,Join us for the second series of this workshop on active learning strategies that promote engagement and provide evidence of student understanding throughout a class. You do not have to have attended the first workshop to join us!
Families with Addiction,Health and wellness,2026-10-09 13:00,2026-10-09 14:15,False,False,Arjona Building,Arjona Building,Student Health and Wellness (University of Connecticut),,False,False,https://events.uconn.edu/student-health-and-wellness/event/2308796-families-with-addiction,"Group therapy provides clinical support to foster healing for students managing mental health concerns while supporting their academic success. Facilitated by Mental Health providers, groups are designed to promote emotional well-being and increase connection and belonging. To join any group therapy session, please call SHaW at 860-486-4700. More info about SHaW’s Group Sessions."
"Business Application, Pathways, and Careers",Career and jobs,2026-10-09 13:15,2026-10-09 14:00,False,False,,,Academic Center for Exploratory Students (University of Connecticut),,True,False,https://events.uconn.edu/academic-center-for-exploratory-students/event/2434968-business-application-pathways-and-careers,"This workshop will review the application/re-application process to the School of Business, parallel planning with Business-related majors, and career exploration through experiential learning. Students will walk away with tangible next steps to increase their competitiveness for the School of Business’ application, strengthen their parallel plan, and build their resume for career-readiness."
Let’s Talk with Michelle,Health and wellness,2026-10-09 13:15,2026-10-09 14:15,False,False,Center for International Students & Scholar Services (CISS),Center for International Students & Scholar Services (CISS),Student Health and Wellness (University of Connecticut),,False,False,https://events.uconn.edu/live/events/2305047-lets-talk-with-michelle,"The Let’s Talk: Mental Health Office Hours program provides informal, confidential consultation with therapists from SHaW. The service is free of charge and offered on a first come, first served basis. More info like other dates, time and location can be found here."
MCB Faculty Meeting,Academic and research,2026-10-09 13:30,,False,False,TLS,TLS,Molecular and Cell Biology (University of Connecticut),,False,False,https://events.uconn.edu/molecular-and-cell-biology/event/2304801-mcb-faculty-meeting,
Group Fitness Class – Dance Fit,Sports and fitness,2026-10-09 14:00,2026-10-09 15:00,False,False,Student Recreation Center,Student Recreation Center,UConn Recreation (University of Connecticut),,False,False,https://events.uconn.edu/uconn-recreation/event/2460484-group-fitness-class-dance-fit,"For the full class schedule, descriptions, and to register, please visit the UConn Recreation website."
Group Fitness Class – Yoga Flow,Sports and fitness,2026-10-09 14:00,2026-10-09 15:00,False,False,Student Recreation Center,Student Recreation Center,UConn Recreation (University of Connecticut),,False,False,https://events.uconn.edu/uconn-recreation/event/2460485-group-fitness-class-yoga-flow,"For the full class schedule, descriptions, and to register, please visit the UConn Recreation website."
Unbreakable: Rising from within,Health and wellness,2026-10-09 14:00,2026-10-09 15:30,False,False,Arjona Building,Arjona Building,Student Health and Wellness (University of Connecticut),,False,False,https://events.uconn.edu/student-health-and-wellness/event/2308809-unbreakable-rising-from-within,"Group therapy provides clinical support to foster healing for students managing mental health concerns while supporting their academic success. Facilitated by Mental Health providers, groups are designed to promote emotional well-being and increase connection and belonging. To join any group therapy session, please call SHaW at 860-486-4700. More info about SHaW’s Group Sessions."
Workshop: Work Authorization in the USA (Post-OPT) Hybrid,Academic and research,2026-10-09 14:00,2026-10-09 15:30,False,False,,,International Student & Scholar Services (University of Connecticut),,True,False,https://events.uconn.edu/international-student-scholar-services/event/2455285-workshop-work-authorization-in-the-usa-post-opt,Do you want to work in the U.S. after you graduate? Are you on an F-1 visa?
Group Fitness Class – Pedal & Pulse (75),Sports and fitness,2026-10-09 15:00,2026-10-09 16:15,False,False,Student Recreation Center,Student Recreation Center,UConn Recreation (University of Connecticut),,False,False,https://events.uconn.edu/uconn-recreation/event/2460483-group-fitness-class-pedal-pulse-75,"For the full class schedule, descriptions, and to register, please visit the UConn Recreation website."
UConn Field Hockey vs Temple,Sports and fitness,2026-10-09 15:00,2026-10-09 18:00,False,False,"Storrs, CT","Storrs, CT",Athletics (University of Connecticut),,False,False,https://events.uconn.edu/athletics/event/2217715-uconn-field-hockey-vs-temple-university,View UConn Field Hockey’s full schedule.
Group Fitness Class – Total Body Strength (45),Sports and fitness,2026-10-09 15:15,2026-10-09 16:00,False,False,Student Recreation Center,Student Recreation Center,UConn Recreation (University of Connecticut),,False,False,https://events.uconn.edu/uconn-recreation/event/2460482-group-fitness-class-total-body-strength-45,"For the full class schedule, descriptions, and to register, please visit the UConn Recreation website."
Group Fitness Class – Pop-up Group Fitness,Sports and fitness,2026-10-09 15:30,2026-10-09 16:30,False,False,Student Recreation Center,Student Recreation Center,UConn Recreation (University of Connecticut),,False,False,https://events.uconn.edu/uconn-recreation/event/2460481-group-fitness-class-pop-up-group-fitness,"For the full class schedule, descriptions, and to register, please visit the UConn Recreation website."
Farm Friday at Spring Valley,Food and dining,2026-10-09 16:00,2026-10-09 18:00,False,False,"104 Spring Manor Road, Storrs, CT","104 Spring Manor Road, Storrs, CT",Dining Services (University of Connecticut),,False,False,https://events.uconn.edu/dining-services/event/2297754-farm-friday-at-spring-valley,"Have fun meeting students from all across campus while engaging in a variety of farming activities, including planting seeds, weeding, and harvesting fresh, healthy food for our UConn community. This is a great way to earn community service hours! No previous experience is necessary. Remember to dress for outdoor conditions, including warm, water-repellent footwear. Rain/weather: Farm Friday operates in all weather except thunderstorms. We host semi-indoor activities during rain. In the case of thunder, we will cancel in advance or send folks home. Transportation: The farm is located at 104 Spring Manor Road, about 4.5 from the Storrs campus. Details on RSVP’ing for a seat in the student van can be found at https://dining.uconn.edu/spring-valley-farm/volunteer-tour/"
Group Fitness Class – Spin (45),Sports and fitness,2026-10-09 16:00,2026-10-09 16:45,False,False,Student Recreation Center,Student Recreation Center,UConn Recreation (University of Connecticut),,False,False,https://events.uconn.edu/uconn-recreation/event/2460480-group-fitness-class-spin-45,"For the full class schedule, descriptions, and to register, please visit the UConn Recreation website."
All Recovery Meetings,Health and wellness,2026-10-09 17:00,2026-10-09 18:00,False,False,Cordial Storrs House,Cordial Storrs House,Student Health and Wellness (University of Connecticut),Free,False,False,https://events.uconn.edu/student-health-and-wellness/event/2368875-all-recovery-meetings,SHaW’s All Recovery Meetings are available for UConn students. The meetings are a gathering for all who struggle with substance use and/or other mental and behavioral health disorders. (no pre-registration needed - just show up)
UConn Baseball vs Yale University,Sports and fitness,2026-10-09 17:00,2026-10-09 20:00,False,False,"Storrs, CT, Elliot Ballpark","Storrs, CT, Elliot Ballpark",Athletics (University of Connecticut),,False,False,https://events.uconn.edu/athletics/event/2321185-uconn-baseball-vs-yale-university,View Baseball’s full schedule.
UConn Women’s Volleyball vs St. John’s,Sports and fitness,2026-10-09 17:00,2026-10-09 19:00,False,False,"Storrs, CT, UConn Volleyball Center","Storrs, CT, UConn Volleyball Center",Athletics (University of Connecticut),,False,False,https://events.uconn.edu/athletics/event/2217742-uconn-womens-volleyball-vs-st-johns-university,View Women’s Volleyball’s full schedule.
UConn Men’s Ice Hockey vs Penn State University,Sports and fitness,2026-10-09 19:00,2026-10-09 22:00,False,False,"Storrs, CT, Toscano Family Ice Forum","Storrs, CT, Toscano Family Ice Forum",Athletics (University of Connecticut),,False,False,https://events.uconn.edu/athletics/event/2280879-uconn-mens-ice-hockey-vs-penn-state-university,View Men’s Ice Hockey’s full schedule.
Ben & Friends,Music and performance,2026-10-09 19:30,,False,False,,,von der Mehden Recital Hall (University of Connecticut),Free,True,False,https://events.uconn.edu/live/events/2296031-ben-friends,"Ben Burnham’s, Bass Trombone, senior recital featuring many collaborative musicians and artists."
Late Night: 80s Night,Campus life,2026-10-09 20:00,2026-10-09 23:00,False,False,Student Union,Student Union,Student Activities (University of Connecticut),,False,False,https://events.uconn.edu/student-activities/event/2421786-late-night-80s-night,"Come enjoy some 80s themed food, crafts, and fun on 10/9 at 8pm in the Student Union with Late Night!"
National 4-H Week,Community and service,2026-10-10 00:00,,True,False,,,Extension (University of Connecticut),,False,False,https://events.uconn.edu/extension/event/2272562-national-4-h-week,
UConn Women’s Rowing at UMASSS,Sports and fitness,2026-10-10 00:00,,True,False,"Amherst, MA","Amherst, MA",Athletics (University of Connecticut),,False,False,https://events.uconn.edu/athletics/event/2402286-uconn-womens-rowing-at-umasss,View Women’s Rowing’s full schedule.
ΑΓΡ Founders’ Day,Campus life,2026-10-10 00:00,,True,False,UConn Storrs,UConn Storrs,Fraternity and Sorority Development (University of Connecticut),,False,False,https://events.uconn.edu/fraternity-and-sorority-development/event/1105688--founders-day,"Alpha Gamma Rho (ΑΓΡ) was founded on October 19, 1904 at the Ohio State University in Columbus, Ohio."
ΑΦ Founders’ Day,Campus life,2026-10-10 00:00,,True,False,UConn Storrs,UConn Storrs,Fraternity and Sorority Development (University of Connecticut),,False,False,https://events.uconn.edu/fraternity-and-sorority-development/event/79333--founders-day,"Alpha Phi (ΑΦ) was founded on October 10, 1872 at Syracuse University in Syracuse, New York."
Fall Campus Visit Day,Other,2026-10-10 10:00,2026-10-10 15:00,False,False,,,Undergraduate Admissions (University of Connecticut),,False,False,https://events.uconn.edu/undergraduate-admissions/event/2256439-fall-campus-visit-day,"Join us at our main campus in Storrs for Fall Campus Visit Day, an open house opportunity designed to highlight the very best UConn has to offer. From faculty-led academic sessions and admissions presentations to campus tours and more, come discover what makes UConn one of the nation’s top public universities."
Group Fitness Class – Barre,Sports and fitness,2026-10-10 10:15,2026-10-10 11:15,False,False,Student Recreation Center,Student Recreation Center,UConn Recreation (University of Connecticut),,False,False,https://events.uconn.edu/uconn-recreation/event/2460477-group-fitness-class-barre,"For the full class schedule, descriptions, and to register, please visit the UConn Recreation website."
Group Fitness Class – Row & Strength,Sports and fitness,2026-10-10 10:15,2026-10-10 11:15,False,False,Student Recreation Center,Student Recreation Center,UConn Recreation (University of Connecticut),,False,False,https://events.uconn.edu/uconn-recreation/event/2460478-group-fitness-class-row-strength,"For the full class schedule, descriptions, and to register, please visit the UConn Recreation website."
Group Fitness Class – Theme Ride Saturday,Sports and fitness,2026-10-10 10:15,2026-10-10 11:15,False,False,Student Recreation Center,Student Recreation Center,UConn Recreation (University of Connecticut),,False,False,https://events.uconn.edu/uconn-recreation/event/2460479-group-fitness-class-theme-ride-saturday,"For the full class schedule, descriptions, and to register, please visit the UConn Recreation website."
UConn Softball at Fairfield,Sports and fitness,2026-10-10 10:30,2026-10-10 12:30,False,False,"Fairfield, CT","Fairfield, CT",Athletics (University of Connecticut),,False,False,https://events.uconn.edu/athletics/event/2321676-uconn-softball-at-fairfield,View UConn Softball’s full schedule.
Group Fitness Class – 50/50,Sports and fitness,2026-10-10 11:00,2026-10-10 12:00,False,False,Student Recreation Center,Student Recreation Center,UConn Recreation (University of Connecticut),,False,False,https://events.uconn.edu/uconn-recreation/event/2460476-group-fitness-class-5050,"For the full class schedule, descriptions, and to register, please visit the UConn Recreation website."
Landscape: Revealed and Reframed,Arts and exhibits,2026-10-10 12:00,2026-10-10 16:00,False,False,Alexey von Schlippe Gallery of Art (Avery Point),Alexey von Schlippe Gallery of Art (Avery Point),Alexey von Schlippe Gallery of Art (University of Connecticut),Free,False,False,https://events.uconn.edu/alexey-von-schlippe-gallery-of-art/event/2295350-landscape-revealed-and-reframed,"On View: September 10 - October 11. Gallery Hours, Thursday-Sunday 12-4pm. Landscape: Revealed and Reframed features contemporary perspectives on landscape in photography, print, painting, and drawing by four Connecticut artists."
UConn Women’s Swimming and Diving vs Blue vs. White Intrasquad,Sports and fitness,2026-10-10 12:00,2026-10-10 15:00,False,False,"Storrs, CT, Wolff-Zackin Natatorium","Storrs, CT, Wolff-Zackin Natatorium",Athletics (University of Connecticut),,False,False,https://events.uconn.edu/athletics/event/2402259-uconn-womens-swimming-and-diving-vs-blue-vs-white,View UConn Women’s Swimming & Diving’s full schedule.
UConn Softball vs Fordham University,Sports and fitness,2026-10-10 12:45,2026-10-10 14:45,False,False,"Fairfield, CT","Fairfield, CT",Athletics (University of Connecticut),,False,False,https://events.uconn.edu/athletics/event/2321675-uconn-softball-at-fordham,View UConn Softball’s full schedule.
UConn Women’s Volleyball vs Seton Hall,Sports and fitness,2026-10-10 15:00,2026-10-10 17:00,False,False,"Storrs, CT, UConn Volleyball Center","Storrs, CT, UConn Volleyball Center",Athletics (University of Connecticut),,False,False,https://events.uconn.edu/athletics/event/2217741-uconn-womens-volleyball-vs-seton-hall-university,View Women’s Volleyball’s full schedule.
UConn Football at Temple,Sports and fitness,2026-10-10 15:45,2026-10-10 18:45,False,False,"Philadelphia, PA","Philadelphia, PA",Athletics (University of Connecticut),,False,False,https://events.uconn.edu/athletics/event/1891599-uconn-football-at-temple,View UConn Football’s full schedule.
UConn Men’s Ice Hockey vs Bowling Green,Sports and fitness,2026-10-10 18:00,2026-10-10 21:00,False,False,"Storrs, CT, Toscano Family Ice Forum","Storrs, CT, Toscano Family Ice Forum",Athletics (University of Connecticut),,False,False,https://events.uconn.edu/athletics/event/2280878-uconn-mens-ice-hockey-vs-bowling-green,View Men’s Ice Hockey’s full schedule.
UConn Men’s Soccer vs DePaul,Sports and fitness,2026-10-10 18:00,2026-10-10 20:00,False,False,"Storrs, CT, Joseph J. Morrone Stadium at Rizza Performance Center","Storrs, CT, Joseph J. Morrone Stadium at Rizza Performance Center",Athletics (University of Connecticut),,False,False,https://events.uconn.edu/athletics/event/2217548-uconn-mens-soccer-vs-depaul,View UConn Men’s Soccer’s full schedule.
UConn Women’s Soccer at Xavier,Sports and fitness,2026-10-10 18:30,2026-10-10 20:30,False,False,"Cincinnati, OH","Cincinnati, OH",Athletics (University of Connecticut),,False,False,https://events.uconn.edu/athletics/event/2217532-uconn-womens-soccer-at-xavier-university,View UConn Women’s Soccer’s full schedule.
Jake Shimabukuro,Music and performance,2026-10-10 20:30,2026-10-10 22:00,False,False,Jorgensen Center,Jorgensen Center,Jorgensen Center for the Performing Arts (University of Connecticut),40,False,False,https://events.uconn.edu/jorgensen-center-for-the-performing-arts/event/2227257-jake-shimabukuro,"The world-renowned ukulele virtuoso returns to Storrs with his groundbreaking artistry, masterful technique, and innovative spirit."
Group Fitness Class – Spin,Sports and fitness,2026-10-11 11:00,2026-10-11 12:00,False,False,Student Recreation Center,Student Recreation Center,UConn Recreation (University of Connecticut),,False,False,https://events.uconn.edu/uconn-recreation/event/2460474-group-fitness-class-spin,"For the full class schedule, descriptions, and to register, please visit the UConn Recreation website."
Group Fitness Class – Yoga Flow,Sports and fitness,2026-10-11 11:00,2026-10-11 12:00,False,False,Student Recreation Center,Student Recreation Center,UConn Recreation (University of Connecticut),,False,False,https://events.uconn.edu/uconn-recreation/event/2460475-group-fitness-class-yoga-flow,"For the full class schedule, descriptions, and to register, please visit the UConn Recreation website."
UConn Med/Dental Golf Club Driving Range Outing,Health and wellness,2026-10-11 11:00,,False,False,"1024 Farmington Ave, Farmington, CT 06032","1024 Farmington Ave, Farmington, CT 06032",UConn Health Medical Dental Student Government (University of Connecticut),,False,False,https://events.uconn.edu/uconn-health-medical-dental-student-government/event/2388990-uconn-meddental-golf-club-driving-range-outing,Looking to improve your golf swing? Join us at a local driving range (Drive 45) on the 2nd Sunday of each month (weather permitting) and hang out with some fellow medical/dental students.
UConn Med/Dental Golf Club Driving Range Outing,Health and wellness,2026-10-11 11:00,2026-10-11 12:30,False,False,,,UConn Health Medical Dental Student Government (University of Connecticut),,False,False,https://events.uconn.edu/uconn-health-medical-dental-student-government/event/2389046-uconn-meddental-golf-club-driving-range-outing,Looking to improve your golf swing? Join us at a local driving range (Drive 45) on the 2nd Sunday of each month (weather permitting) and hang out with some fellow medical/dental students.
Adopt a Road Clean Up,Campus life,2026-10-11 12:00,2026-10-11 15:00,False,False,,,Fraternity and Sorority Development (University of Connecticut),,False,False,https://events.uconn.edu/fraternity-and-sorority-development/event/2360133-adopt-a-road-clean-up,A road clean up hosted by CPH on Separatist Road for anyone who many like to join!
Landscape: Revealed and Reframed,Arts and exhibits,2026-10-11 12:00,2026-10-11 16:00,False,False,Alexey von Schlippe Gallery of Art (Avery Point),Alexey von Schlippe Gallery of Art (Avery Point),Alexey von Schlippe Gallery of Art (University of Connecticut),Free,False,False,https://events.uconn.edu/alexey-von-schlippe-gallery-of-art/event/2295351-landscape-revealed-and-reframed,"On View: September 10 - October 11. Gallery Hours, Thursday-Sunday 12-4pm. Landscape: Revealed and Reframed features contemporary perspectives on landscape in photography, print, painting, and drawing by four Connecticut artists."
UConn Softball vs Southern Connecticut State (10 Innings),Sports and fitness,2026-10-11 13:00,2026-10-11 15:00,False,False,"Storrs, CT, Burrill Family Field at the Connecticut Softball Complex","Storrs, CT, Burrill Family Field at the Connecticut Softball Complex",Athletics (University of Connecticut),,False,False,https://events.uconn.edu/athletics/event/2321674-uconn-softball-vs-southern-connecticut-state-10,View UConn Softball’s full schedule.
UConn Baseball vs Alumni Game,Sports and fitness,2026-10-11 14:30,2026-10-11 17:30,False,False,"Storrs, CT, Elliot Ballpark","Storrs, CT, Elliot Ballpark",Athletics (University of Connecticut),,False,False,https://events.uconn.edu/athletics/event/2321184-uconn-baseball-vs-alumni-game,View Baseball’s full schedule.
Group Fitness Class – Human Reformer Pilates,Sports and fitness,2026-10-11 15:00,2026-10-11 16:00,False,False,Student Recreation Center,Student Recreation Center,UConn Recreation (University of Connecticut),,False,False,https://events.uconn.edu/uconn-recreation/event/2460472-group-fitness-class-human-reformer-pilates,"For the full class schedule, descriptions, and to register, please visit the UConn Recreation website."
Group Fitness Class – Spin (45),Sports and fitness,2026-10-11 15:00,2026-10-11 15:45,False,False,Student Recreation Center,Student Recreation Center,UConn Recreation (University of Connecticut),,False,False,https://events.uconn.edu/uconn-recreation/event/2460473-group-fitness-class-spin-45,"For the full class schedule, descriptions, and to register, please visit the UConn Recreation website."
Group Fitness Class – ABC (45),Sports and fitness,2026-10-11 16:00,2026-10-11 16:45,False,False,Student Recreation Center,Student Recreation Center,UConn Recreation (University of Connecticut),,False,False,https://events.uconn.edu/uconn-recreation/event/2460469-group-fitness-class-abc-45,"For the full class schedule, descriptions, and to register, please visit the UConn Recreation website."
Group Fitness Class – Dance Fit (45),Sports and fitness,2026-10-11 16:00,2026-10-11 16:45,False,False,Student Recreation Center,Student Recreation Center,UConn Recreation (University of Connecticut),,False,False,https://events.uconn.edu/uconn-recreation/event/2460470-group-fitness-class-dance-fit-45,"For the full class schedule, descriptions, and to register, please visit the UConn Recreation website."
Group Fitness Class – Spin (45),Sports and fitness,2026-10-11 16:00,2026-10-11 16:45,False,False,Student Recreation Center,Student Recreation Center,UConn Recreation (University of Connecticut),,False,False,https://events.uconn.edu/uconn-recreation/event/2460471-group-fitness-class-spin-45,"For the full class schedule, descriptions, and to register, please visit the UConn Recreation website."
Jorgensen Gallery: “Flesh and Fable” Exhibition,Music and performance,2026-10-12 00:00,,True,False,Jorgensen Center,Jorgensen Center,Jorgensen Center for the Performing Arts (University of Connecticut),Free,False,False,https://events.uconn.edu/jorgensen-center-for-the-performing-arts/event/2406242-jorgensen-gallery-flesh-and-fable-exhibition,"Afarin Rahmanifar, M.F.A., is an Iranian American mixed-media artist, curator, educator, and Associate Professor of Painting and Drawing at Eastern Connecticut State University, where she has taught since 2013. Born in Iran and displaced after the 1979 Revolution, her work is shaped by themes of memory, exile, identity, and transformation. Using fragmented anatomical forms, Persian visual traditions, and the women of the Shahnameh, she examines how memory and cultural inheritance shape identity and belonging. Through painting, drawing, collage, textile, and mixed media, she layers and reconstructs the female body as an act of remembrance and reclamation— honoring women whose stories have been overlooked or silenced."
UConn Men’s Golf at Moraine Intercollegiate,Sports and fitness,2026-10-12 00:00,,True,False,"Dayton, OH, MORAINE COUNTRY CLUB","Dayton, OH, MORAINE COUNTRY CLUB",Athletics (University of Connecticut),,False,False,https://events.uconn.edu/athletics/event/2301660-uconn-mens-golf-at-moraine-intercollegiate,View Men’s Golf’s full schedule.
Group Fitness Class – 50/50,Sports and fitness,2026-10-12 07:00,2026-10-12 08:00,False,False,Student Recreation Center,Student Recreation Center,UConn Recreation (University of Connecticut),,False,False,https://events.uconn.edu/uconn-recreation/event/2460468-group-fitness-class-5050,"For the full class schedule, descriptions, and to register, please visit the UConn Recreation website."
Group Fitness Class – Spin,Sports and fitness,2026-10-12 08:00,2026-10-12 09:00,False,False,Student Recreation Center,Student Recreation Center,UConn Recreation (University of Connecticut),,False,False,https://events.uconn.edu/uconn-recreation/event/2460467-group-fitness-class-spin,"For the full class schedule, descriptions, and to register, please visit the UConn Recreation website."
Group Fitness Class – Barre,Sports and fitness,2026-10-12 09:00,2026-10-12 10:00,False,False,Student Recreation Center,Student Recreation Center,UConn Recreation (University of Connecticut),,False,False,https://events.uconn.edu/uconn-recreation/event/2460466-group-fitness-class-barre,"For the full class schedule, descriptions, and to register, please visit the UConn Recreation website."
Sexpert Peer Health Educator Drop In Hours,Health and wellness,2026-10-12 09:00,2026-10-12 14:30,False,False,Wilson Hall South Building,Wilson Hall South Building,Student Health and Wellness (University of Connecticut),Free,False,False,https://events.uconn.edu/student-health-and-wellness/event/2388327-sexpert-peer-health-educator-drop-in-hours,"Have questions about sex? Need help connecting to sexual health resources? Just need someone to talk to about sex and relationships? Stop by Wilson Hall, South Campus, room 106 to connect with a Sexpert Peer Health Educator and a non-judgmental, welcoming space to discuss all things sex! For more information and to see our Fall 2026 hours, visit: studenthealth.uconn.edu/sexperts"
Let’s Talk with Amy at CAPS,Health and wellness,2026-10-12 10:30,2026-10-12 11:45,False,False,Rowe Center,Rowe Center,Student Health and Wellness (University of Connecticut),,False,False,https://events.uconn.edu/live/events/2304816-lets-talk-with-amy-at-caps,"The Let’s Talk: Mental Health Office Hours program provides informal, confidential consultation with therapists from SHaW. The service is free of charge and offered on a first come, first served basis. More info like other dates, time and location can be found here."
Group Fitness Class – Spin (45),Sports and fitness,2026-10-12 11:45,2026-10-12 12:30,False,False,Student Recreation Center,Student Recreation Center,UConn Recreation (University of Connecticut),,False,False,https://events.uconn.edu/uconn-recreation/event/2460465-group-fitness-class-spin-45,"For the full class schedule, descriptions, and to register, please visit the UConn Recreation website."
Let’s Talk with Sam for NCAA Student Athletes,Health and wellness,2026-10-12 12:00,2026-10-12 13:30,False,False,Arjona Building,Arjona Building,Student Health and Wellness (University of Connecticut),,False,False,https://events.uconn.edu/student-health-and-wellness/event/2305063-lets-talk-with-sam-for-ncaa-student-athletes,"The Let’s Talk: Mental Health Office Hours program provides informal, confidential consultation with therapists from SHaW. The service is free of charge and offered on a first come, first served basis for all NCAA Student Athletes only and are about 15-20 minutes. More info like other dates, time and location can be found here."
Group Fitness Class – ABC (45),Sports and fitness,2026-10-12 12:05,2026-10-12 12:50,False,False,Student Recreation Center,Student Recreation Center,UConn Recreation (University of Connecticut),,False,False,https://events.uconn.edu/uconn-recreation/event/2460463-group-fitness-class-abc-45,"For the full class schedule, descriptions, and to register, please visit the UConn Recreation website."
Group Fitness Class – Fall 2026 - Small Group Hybrid Fitness Training - Session 2 (Mon/Wed 12:05pm) w/ Delaney,Sports and fitness,2026-10-12 12:05,2026-10-12 12:55,False,False,Student Recreation Center,Student Recreation Center,UConn Recreation (University of Connecticut),,False,False,https://events.uconn.edu/uconn-recreation/event/2460464-group-fitness-class-fall-2026-small-group,"For the full class schedule, descriptions, and to register, please visit the UConn Recreation website."
Law Review Preemption Check,Academic and research,2026-10-12 12:30,,False,False,Law Library Lab,Law Library Lab,Law Library Lab (University of Connecticut),,False,False,https://events.uconn.edu/law-library-lab/event/2363960-law-review-preemption-check,This session is for journal students writing notes or comments to drop in for preemption checks. Hosted by Anne Rajotte.
AAC Hartford Workshop: Talking To Professors,Academic and research,2026-10-12 13:00,,False,False,HTB 202,HTB 202,Academic Achievement Center (University of Connecticut),,False,False,https://events.uconn.edu/academic-achievement-center/event/2372986-aac-hartford-workshop-talking-to-professors,"Do you know how to effectively communicate with your professor? This workshop will provide strategies to improve your communication skills during office hours, sending emails, and what are the “right” questions that will prepare you for your test."
Converse with a Nurse-Waterbury,Health and wellness,2026-10-12 13:30,,False,False,UConn Waterbury,UConn Waterbury,Student Health and Wellness (University of Connecticut),Free,False,False,https://events.uconn.edu/student-health-and-wellness/event/2340229-converse-with-a-nurse,"Converse with a Nurse offers a weekly opportunity for students to engage with Nurse Elena around health topics/concerns outside of a formal appointment. Bring your questions, concerns and learn about our featured health topic of the week. There’s always something new!"
Let’s Talk with Fumi,Health and wellness,2026-10-12 14:00,2026-10-12 15:00,False,False,Hilda May Williams Building,Hilda May Williams Building,Student Health and Wellness (University of Connecticut),,False,False,https://events.uconn.edu/student-health-and-wellness/event/2304841-lets-talk-with-fumi,"The Let’s Talk: Mental Health Office Hours program provides informal, confidential consultation with therapists from SHaW. The service is free of charge and offered on a first come, first served basis. More info like other dates, time and location can be found here."
PDE & Differential Geometry Seminar: Jeffrey Case (Penn State),Academic and research,2026-10-12 14:00,2026-10-12 15:00,False,False,Monteith Building,Monteith Building,Mathematics Department (University of Connecticut),,False,False,https://events.uconn.edu/mathematics-department/event/2289469-pde-differential-geometry-seminar-jeffrey-case,
Barbershop Group,Health and wellness,2026-10-12 15:00,2026-10-12 16:00,False,False,Arjona Building,Arjona Building,Student Health and Wellness (University of Connecticut),,False,False,https://events.uconn.edu/live/events/2308682-barbershop-group,"Group therapy provides clinical support to foster healing for students managing mental health concerns while supporting their academic success. Facilitated by Mental Health providers, groups are designed to promote emotional well-being and increase connection and belonging. To join any group therapy session, please call SHaW at 860-486-4700. More info about SHaW’s Group Sessions."
Group Fitness Class – Spin & Strength,Sports and fitness,2026-10-12 15:00,2026-10-12 16:00,False,False,Student Recreation Center,Student Recreation Center,UConn Recreation (University of Connecticut),,False,False,https://events.uconn.edu/uconn-recreation/event/2460462-group-fitness-class-spin-strength,"For the full class schedule, descriptions, and to register, please visit the UConn Recreation website."
Huskies on Track: Navigating ADHD at UConn,Sports and fitness,2026-10-12 15:00,2026-10-12 16:30,False,False,Arjona Building,Arjona Building,Student Health and Wellness (University of Connecticut),,False,False,https://events.uconn.edu/student-health-and-wellness/event/2308697-huskies-on-track-navigating-adhd-at-uconn,"Group therapy provides clinical support to foster healing for students managing mental health concerns while supporting their academic success. Facilitated by Mental Health providers, groups are designed to promote emotional well-being and increase connection and belonging. To join any group therapy session, please call SHaW at 860-486-4700. More info about SHaW’s Group Sessions."
Group Fitness Class – Core Conditioning (30),Sports and fitness,2026-10-12 15:15,2026-10-12 15:45,False,False,Student Recreation Center,Student Recreation Center,UConn Recreation (University of Connecticut),,False,False,https://events.uconn.edu/uconn-recreation/event/2460461-group-fitness-class-core-conditioning-30,"For the full class schedule, descriptions, and to register, please visit the UConn Recreation website."
AAC Storrs Workshop: Academic Resilience,Academic and research,2026-10-12 16:00,,False,False,Rowe Center,Rowe Center,Academic Achievement Center (University of Connecticut),,False,False,https://events.uconn.edu/academic-achievement-center/event/2371944-aac-storrs-workshop-academic-resilience,"The focus of this presentation is academic resilience. Reflect on a prior failure or struggle, learn what to do when getting feedback, and apply new strategies when getting a critique."
Group Fitness Class – 50/50,Sports and fitness,2026-10-12 16:00,2026-10-12 17:00,False,False,Student Recreation Center,Student Recreation Center,UConn Recreation (University of Connecticut),,False,False,https://events.uconn.edu/uconn-recreation/event/2460457-group-fitness-class-5050,"For the full class schedule, descriptions, and to register, please visit the UConn Recreation website."
Group Fitness Class – Power Yoga,Sports and fitness,2026-10-12 16:00,2026-10-12 17:00,False,False,Student Recreation Center,Student Recreation Center,UConn Recreation (University of Connecticut),,False,False,https://events.uconn.edu/uconn-recreation/event/2460458-group-fitness-class-power-yoga,"For the full class schedule, descriptions, and to register, please visit the UConn Recreation website."
Group Fitness Class – Spin (45),Sports and fitness,2026-10-12 16:00,2026-10-12 16:45,False,False,Student Recreation Center,Student Recreation Center,UConn Recreation (University of Connecticut),,False,False,https://events.uconn.edu/uconn-recreation/event/2460460-group-fitness-class-spin-45,"For the full class schedule, descriptions, and to register, please visit the UConn Recreation website."
PRIDE Support Group,Health and wellness,2026-10-12 16:00,2026-10-12 17:00,False,False,Arjona Building,Arjona Building,Student Health and Wellness (University of Connecticut),,False,False,https://events.uconn.edu/live/events/2308825-pride-support-group,"Group therapy provides clinical support to foster healing for students managing mental health concerns while supporting their academic success. Facilitated by Mental Health providers, groups are designed to promote emotional well-being and increase connection and belonging. To join any group therapy session, please call SHaW at 860-486-4700. More info about SHaW’s Group Sessions."
Group Fitness Class – Row & Strength,Sports and fitness,2026-10-12 16:15,2026-10-12 17:15,False,False,Student Recreation Center,Student Recreation Center,UConn Recreation (University of Connecticut),,False,False,https://events.uconn.edu/uconn-recreation/event/2460456-group-fitness-class-row-strength,"For the full class schedule, descriptions, and to register, please visit the UConn Recreation website."
Growth Through Grief: Drop-in Support Group,Health and wellness,2026-10-12 16:30,2026-10-12 17:30,False,False,Arjona Building,Arjona Building,Student Health and Wellness (University of Connecticut),Free,False,False,https://events.uconn.edu/student-health-and-wellness/event/2308711-growth-through-grief-drop-in-support-group,"Group therapy provides clinical support to foster healing for students managing mental health concerns while supporting their academic success. Facilitated by Mental Health providers, groups are designed to promote emotional well-being and increase connection and belonging. To join any group therapy session, please call SHaW at 860-486-4700. More info about SHaW’s Group Sessions."
12 Step Recovery Meetings at Second Congregational Church,Health and wellness,2026-10-12 17:00,2026-10-12 18:00,False,False,Second Congregational Church,Second Congregational Church,Student Health and Wellness (University of Connecticut),Free,False,False,https://events.uconn.edu/student-health-and-wellness/event/2368852-12-step-recovery-meetings-at-second-congregational,"SHaW’s 12 Step Recovery Meetings are available for UConn students on certain Mondays from 5:00 PM - 6:00 PM at the Young Person’s Meeting of Alcoholics Anonymous at Second Congregational Church, 1746 Boston Tpke in Coventry, CT. Other Mondays dates will be held at Cordial Storrs House."
Group Fitness Class – Spin,Sports and fitness,2026-10-12 17:00,2026-10-12 18:00,False,False,Student Recreation Center,Student Recreation Center,UConn Recreation (University of Connecticut),,False,False,https://events.uconn.edu/uconn-recreation/event/2460455-group-fitness-class-spin,"For the full class schedule, descriptions, and to register, please visit the UConn Recreation website."
Group Fitness Class – ABC (45),Sports and fitness,2026-10-12 17:15,2026-10-12 18:00,False,False,Student Recreation Center,Student Recreation Center,UConn Recreation (University of Connecticut),,False,False,https://events.uconn.edu/uconn-recreation/event/2460451-group-fitness-class-abc-45,"For the full class schedule, descriptions, and to register, please visit the UConn Recreation website."
Group Fitness Class – Human Reformer Pilates,Sports and fitness,2026-10-12 17:15,2026-10-12 18:15,False,False,Student Recreation Center,Student Recreation Center,UConn Recreation (University of Connecticut),,False,False,https://events.uconn.edu/uconn-recreation/event/2460454-group-fitness-class-human-reformer-pilates,"For the full class schedule, descriptions, and to register, please visit the UConn Recreation website."
Health Law Career and Networking Panel,Career and jobs,2026-10-12 18:00,,False,False,Stuart F. Smith Reading Room,Stuart F. Smith Reading Room,Law School (University of Connecticut),,False,False,https://events.uconn.edu/law-school/event/2246204-health-law-career-and-networking-panel,Panel with practitioners to discuss careers within Health Law and create new connections.
Learning Community Council Meeting,Academic and research,2026-10-12 18:00,2026-10-12 19:00,False,False,Peter J. Werth Residence Tower,Peter J. Werth Residence Tower,Learning Communities (University of Connecticut),,False,False,https://events.uconn.edu/learning-communities/event/2326529-learning-community-council-meeting,All students with current or previous involvement in a Learning Community are invited to join the Learning Community Council!
Group Fitness Class – Dance Fit (45),Sports and fitness,2026-10-12 18:15,2026-10-12 19:00,False,False,Student Recreation Center,Student Recreation Center,UConn Recreation (University of Connecticut),,False,False,https://events.uconn.edu/uconn-recreation/event/2460448-group-fitness-class-dance-fit-45,"For the full class schedule, descriptions, and to register, please visit the UConn Recreation website."
Group Fitness Class – Spin,Sports and fitness,2026-10-12 18:15,2026-10-12 19:15,False,False,Student Recreation Center,Student Recreation Center,UConn Recreation (University of Connecticut),,False,False,https://events.uconn.edu/uconn-recreation/event/2460449-group-fitness-class-spin,"For the full class schedule, descriptions, and to register, please visit the UConn Recreation website."
Group Fitness Class – Upper Body Sculpt (30),Sports and fitness,2026-10-12 18:15,2026-10-12 18:45,False,False,Student Recreation Center,Student Recreation Center,UConn Recreation (University of Connecticut),,False,False,https://events.uconn.edu/uconn-recreation/event/2460450-group-fitness-class-upper-body-sculpt-30,"For the full class schedule, descriptions, and to register, please visit the UConn Recreation website."
Group Fitness Class – Barre,Sports and fitness,2026-10-12 18:30,2026-10-12 19:30,False,False,Student Recreation Center,Student Recreation Center,UConn Recreation (University of Connecticut),,False,False,https://events.uconn.edu/uconn-recreation/event/2460447-group-fitness-class-barre,"For the full class schedule, descriptions, and to register, please visit the UConn Recreation website."
UConn Women’s Basketball vs Syracuse- Preseason Exhibition,Sports and fitness,2026-10-12 18:30,2026-10-12 20:30,False,False,"Uncasville, Conn., Mohegan Sun Arena","Uncasville, Conn., Mohegan Sun Arena",Athletics (University of Connecticut),,False,False,https://events.uconn.edu/athletics/event/2255623-uconn-womens-basketball-vs-syracuse-exh,View Women’s Basketball’s full schedule.
Group Fitness Class – Total Body Strength,Sports and fitness,2026-10-12 19:15,2026-10-12 20:15,False,False,Student Recreation Center,Student Recreation Center,UConn Recreation (University of Connecticut),,False,False,https://events.uconn.edu/uconn-recreation/event/2460446-group-fitness-class-total-body-strength,"For the full class schedule, descriptions, and to register, please visit the UConn Recreation website."
Group Fitness Class – Power Pilates,Sports and fitness,2026-10-12 19:30,2026-10-12 20:30,False,False,Student Recreation Center,Student Recreation Center,UConn Recreation (University of Connecticut),,False,False,https://events.uconn.edu/uconn-recreation/event/2460444-group-fitness-class-power-pilates,"For the full class schedule, descriptions, and to register, please visit the UConn Recreation website."
Group Fitness Class – Spin (45),Sports and fitness,2026-10-12 19:30,2026-10-12 20:15,False,False,Student Recreation Center,Student Recreation Center,UConn Recreation (University of Connecticut),,False,False,https://events.uconn.edu/uconn-recreation/event/2460445-group-fitness-class-spin-45,"For the full class schedule, descriptions, and to register, please visit the UConn Recreation website."
VOCES8,Music and performance,2026-10-12 19:30,2026-10-12 22:00,False,False,Jorgensen Center,Jorgensen Center,Jorgensen Center for the Performing Arts (University of Connecticut),35,False,False,https://events.uconn.edu/jorgensen-center-for-the-performing-arts/event/2227258-voces8,LEAD ME HOME A Celebration of the American Choral Landscape Lenard Chamber Music Series
Jorgensen Gallery: “Flesh and Fable” Exhibition,Music and performance,2026-10-13 00:00,,True,False,Jorgensen Center,Jorgensen Center,Jorgensen Center for the Performing Arts (University of Connecticut),Free,False,False,https://events.uconn.edu/jorgensen-center-for-the-performing-arts/event/2406243-jorgensen-gallery-flesh-and-fable-exhibition,"Afarin Rahmanifar, M.F.A., is an Iranian American mixed-media artist, curator, educator, and Associate Professor of Painting and Drawing at Eastern Connecticut State University, where she has taught since 2013. Born in Iran and displaced after the 1979 Revolution, her work is shaped by themes of memory, exile, identity, and transformation. Using fragmented anatomical forms, Persian visual traditions, and the women of the Shahnameh, she examines how memory and cultural inheritance shape identity and belonging. Through painting, drawing, collage, textile, and mixed media, she layers and reconstructs the female body as an act of remembrance and reclamation— honoring women whose stories have been overlooked or silenced."
Group Fitness Class – Spin (45),Sports and fitness,2026-10-13 06:45,2026-10-13 07:30,False,False,Student Recreation Center,Student Recreation Center,UConn Recreation (University of Connecticut),,False,False,https://events.uconn.edu/uconn-recreation/event/2460443-group-fitness-class-spin-45,"For the full class schedule, descriptions, and to register, please visit the UConn Recreation website."
Group Fitness Class – Barre (45),Sports and fitness,2026-10-13 07:00,2026-10-13 07:45,False,False,Student Recreation Center,Student Recreation Center,UConn Recreation (University of Connecticut),,False,False,https://events.uconn.edu/uconn-recreation/event/2460442-group-fitness-class-barre-45,"For the full class schedule, descriptions, and to register, please visit the UConn Recreation website."
Group Fitness Class – Spin (45),Sports and fitness,2026-10-13 08:00,2026-10-13 08:45,False,False,Student Recreation Center,Student Recreation Center,UConn Recreation (University of Connecticut),,False,False,https://events.uconn.edu/uconn-recreation/event/2460441-group-fitness-class-spin-45,"For the full class schedule, descriptions, and to register, please visit the UConn Recreation website."
Bagels & Beyond,Other,2026-10-13 09:00,2026-10-13 10:30,False,False,UConn Stamford,UConn Stamford,UConn Stamford (University of Connecticut),,False,False,https://events.uconn.edu/uconn-stamford/event/2250897-bagels-beyond,"Join us from 9 -10:30 AM on the Concourse for breakfast! Each week a different department will host a bagel breakfast where you can stop by and learn about the services offered by that department while grabbing a bagel for breakfast! Condiments will be provided as well. Stop by the table, we look forward to seeing you!"
Sexpert Peer Health Educator Drop In Hours,Health and wellness,2026-10-13 09:00,2026-10-13 18:00,False,False,Wilson Hall South Building,Wilson Hall South Building,Student Health and Wellness (University of Connecticut),Free,False,False,https://events.uconn.edu/student-health-and-wellness/event/2388358-sexpert-peer-health-educator-drop-in-hours,"Have questions about sex? Need help connecting to sexual health resources? Just need someone to talk to about sex and relationships? Stop by Wilson Hall, South Campus, room 106 to connect with a Sexpert Peer Health Educator and a non-judgmental, welcoming space to discuss all things sex! For more information and to see our Fall 2026 hours, visit: studenthealth.uconn.edu/sexperts"
STEM Programs Virtual Office Hour,Academic and research,2026-10-13 09:30,2026-10-13 10:00,False,False,,,School of Business (University of Connecticut),,True,False,https://events.uconn.edu/school-of-business/event/2251153-stem-programs-virtual-office-hour,"Welcome to weekly STEM virtual office hours! An open discussion where you can ‘stop by’ with your questions. This is a great opportunity to ask your questions and also gather valuable information. We look forward to discussing with you! Hosted by Jiajia Chen, Director of International Enrollment and Strategic Engagement. Register Here"
Developing and Facilitating Asynchronous Discussions,Academic and research,2026-10-13 10:00,,False,False,,,Center for Excellence in Teaching and Learning (CETL) (University of Connecticut),,True,False,https://events.uconn.edu/center-for-excellence-in-teaching-and-learning/event/2326186-developing-and-facilitating-asynchronous,"Online discussions are used to build dynamic learning communities, to synthesize key concepts, and to promote critical thinking skills. Join us as we discuss tips for writing engaging prompts and successfully facilitating asynchronous discussion forums. We will be sharing examples from a number of different disciplines. Objectives: Upon completion of this online session, participants will be able to: *Discuss the benefits of using asynchronous discussions. *Discuss strategies for writing engaging prompts. *Identify examples of engaging discussion prompts across disciplines. *Discuss tips for facilitating discussion. *Discuss grading of online discussions. Register - https://fins.uconn.edu/secure_inst/workshops/workshop_view.php?ser=3971"
VaMP Meet and Greet @ Law,Community and service,2026-10-13 10:00,2026-10-13 14:00,False,False,Hosmer Hall,Hosmer Hall,UConn Veterans & Military Programs (University of Connecticut),,False,False,https://events.uconn.edu/veterans-and-military-programs/event/2230433-vamp-meet-and-greet-law,Stop by for a cup of coffee as you meet the Veterans and Military Programs team at the UConn Law Campus! We’ll be available to answer questions and address concerns you may have regarding education benefits and other military-related subjects. We look forward to meeting with you!
Cold vs Flu with Nurse Dax - Hartford,Health and wellness,2026-10-13 10:30,2026-10-13 11:30,False,False,Hartford Times Building (Hartford),Hartford Times Building (Hartford),Student Health and Wellness (University of Connecticut),Free,False,False,https://events.uconn.edu/live/events/2430200-converse-with-a-nurse-hartford,Play trivia to learn the difference between Cold vs Flu. Get tips on how to stay healthy this season and how to navigate school/work/family needs when sick.
OICR Faculty and Staff Coffee Hour,Food and dining,2026-10-13 11:30,2026-10-13 12:30,False,False,Student Union Room 103,Student Union Room 103,Office for Inclusion and Civil Rights (University of Connecticut),Free,False,False,https://events.uconn.edu/office-for-inclusion-and-civil-rights/event/2359570-oicr-faculty-and-staff-coffee-hour,"The OICR Coffee Hour provides an informal space for colleagues to connect and build community. There is no set agenda; topics and activities emerge organically based on who is in the room. Whether you want to share what’s on your mind, celebrate a win, or simply enjoy a cup of coffee in good company, you’re welcome to join. Drop in whenever you can and stay as long as you’d like."
Tap-In Tuesday Career Conversations,Career and jobs,2026-10-13 11:30,2026-10-13 13:30,False,False,UConn Hartford,UConn Hartford,UConn Hartford (University of Connecticut),,False,False,https://events.uconn.edu/uconn-hartford/event/2272748-tap-in-tuesday-career-conversations,"Career Conversations is a casual, student-centered career and employer engagement series that allows students to meet employers, alumni, campus partners, and career staff to discuss internships, volunteer opportunities, career pathways, organizational culture, and strategies for securing opportunities. This generalized name replaces day-specific branding such as Tap-In Tuesday or Workin’ Wednesday"
Group Fitness Class – Spin (45),Sports and fitness,2026-10-13 11:45,2026-10-13 12:30,False,False,Student Recreation Center,Student Recreation Center,UConn Recreation (University of Connecticut),,False,False,https://events.uconn.edu/uconn-recreation/event/2460440-group-fitness-class-spin-45,"For the full class schedule, descriptions, and to register, please visit the UConn Recreation website."
Career Tuesday In Person- Henkel,Career and jobs,2026-10-13 12:00,2026-10-13 14:30,False,False,School of Business,School of Business,School of Business Career Development (University of Connecticut),Free,False,False,https://events.uconn.edu/business-career-development/event/2331566-career-tuesday-in-person-henkel,Career Tuesdays IN PERSON at the School of Business . Come meet top employers who are hiring in a casual setting.
Career Tuesday In Person- Target,Career and jobs,2026-10-13 12:00,2026-10-13 14:30,False,False,School of Business,School of Business,School of Business Career Development (University of Connecticut),Free,False,False,https://events.uconn.edu/business-career-development/event/2253870-career-tuesday-in-person-target,Career Tuesdays IN PERSON at the School of Business . Come meet top employers who are hiring in a casual setting.
MBA Admissions Drop-In,Academic and research,2026-10-13 12:00,2026-10-13 12:30,False,False,,,School of Business (University of Connecticut),,True,False,https://events.uconn.edu/school-of-business/event/2247106-mba-admissions-drop-in,"Join us for an informal online drop-in session with the MBA Admissions Team. Designed as an open Q&A, this is your chance to have your questions answered and learn more about our MBA programs and application process. There is no formal presentation, so come prepared with your questions! Drop in whenever it works for you. Register Here"
Group Fitness Class – DEKA/HYROX Training (45),Sports and fitness,2026-10-13 12:05,2026-10-13 12:50,False,False,Student Recreation Center,Student Recreation Center,UConn Recreation (University of Connecticut),,False,False,https://events.uconn.edu/uconn-recreation/event/2460437-group-fitness-class-dekahyrox-training-45,"For the full class schedule, descriptions, and to register, please visit the UConn Recreation website."
Group Fitness Class – Fall 2026 - Small Group Hybrid Fitness Training - Session 3 (Tue/Thu 12:05pm) w/ Ian,Sports and fitness,2026-10-13 12:05,2026-10-13 12:55,False,False,Student Recreation Center,Student Recreation Center,UConn Recreation (University of Connecticut),,False,False,https://events.uconn.edu/uconn-recreation/event/2460438-group-fitness-class-fall-2026-small-group,"For the full class schedule, descriptions, and to register, please visit the UConn Recreation website."
Group Fitness Class – Power Pilates,Sports and fitness,2026-10-13 12:05,2026-10-13 12:50,False,False,Student Recreation Center,Student Recreation Center,UConn Recreation (University of Connecticut),,False,False,https://events.uconn.edu/uconn-recreation/event/2460439-group-fitness-class-power-pilates,"For the full class schedule, descriptions, and to register, please visit the UConn Recreation website."
AAC Waterbury Workshop: Evaluating Your Semester,Academic and research,2026-10-13 12:30,,False,False,Rectory Building (Waterbury),Rectory Building (Waterbury),Academic Achievement Center (University of Connecticut),,False,False,https://events.uconn.edu/academic-achievement-center/event/2373898-aac-waterbury-workshop-evaluating-your-semester,"Reflect on your progress across the semester so far, focusing on goals and progress towards the. Learn and apply different strategies for continued success."
Evaluating Your Semester Workshop,Academic and research,2026-10-13 12:30,,False,False,Rectory Building (Waterbury),Rectory Building (Waterbury),UConn Waterbury (University of Connecticut),,False,False,https://events.uconn.edu/uconn-waterbury/event/2340465-evaluating-your-semester-workshop,Evaluating Your Semester
Law Review Preemption Check,Academic and research,2026-10-13 12:30,,False,False,Law Library Lab,Law Library Lab,Law Library Lab (University of Connecticut),,False,False,https://events.uconn.edu/law-library-lab/event/2363961-law-review-preemption-check,This session is for journal students writing notes or comments to drop in for preemption checks. Hosted by Anne Rajotte.
Student Crafting Club,Academic and research,2026-10-13 12:30,,False,False,Law Library Lab,Law Library Lab,Law Library Lab (University of Connecticut),,False,False,https://events.uconn.edu/law-library-lab/event/2272988-student-crafting-club,"Come hang out with library crafters! Bring your own project (and lunch) or use our supplies, and all skill levels are welcome. Crafting is hosted by Tanya Johnson."
Holistic Huskies Mindfulness Drop-ins,Sports and fitness,2026-10-13 13:00,2026-10-13 15:00,False,False,Homer Babbidge Library,Homer Babbidge Library,Student Health and Wellness (University of Connecticut),Free,False,False,https://events.uconn.edu/student-health-and-wellness/event/2422235-holistic-huskies-mindfulness-drop-ins,Holistic Huskies Mindfulness sessions are held every Tuesdays from 1 pm – 3 pm in HBL room 1131. Drop-in! No appointment necessary.
"Tune In, Time Out: Library Mindfulness Lounge",Health and wellness,2026-10-13 13:00,2026-10-13 15:00,False,False,Homer Babbidge Library,Homer Babbidge Library,Libraries (University of Connecticut),Free,False,False,https://events.uconn.edu/libraries/event/2363987-tune-in-time-out-library-mindfulness-lounge,"Wherever you are in your life, whoever you are today, take a break from the noise in Homer Babbidge Library."
Let’s Talk with Jessica,Health and wellness,2026-10-13 13:15,2026-10-13 14:15,False,False,Wilbur Cross,Wilbur Cross,Student Health and Wellness (University of Connecticut),,False,False,https://events.uconn.edu/student-health-and-wellness/event/2304855-lets-talk-with-jessica,"The Let’s Talk: Mental Health Office Hours program provides informal, confidential consultation with therapists from SHaW. The service is free of charge and offered on a first come, first served basis. More info like other dates, time and location can be found here."
Propagating Native Plants to Benefit Endangered Animal Species,Academic and research,2026-10-13 13:15,2026-10-13 14:45,False,False,Vernon Cottage (Depot Campus),Vernon Cottage (Depot Campus),Center for Learning in Retirement (University of Connecticut),,False,False,https://events.uconn.edu/clir/event/2241735-propagating-native-plants-to-benefit-endangered,"Native plants are often key players in endangered animal life cycles. For this talk the speaker will explore different plant propagation techniques and projects he has studied for several years. Specifically the speaker will discuss growing wild indigo and sundial lupine as larval host plants for the state threatened frosted elfin butterfly. A second project covered in this talk involved the division of seaside goldenrod to benefit common tern nesting habitat on Great Gull Island in Long Island Sound. Additionally the speaker will cover propagation of several watch list or endangered milkweeds, which are important for monarch butterflies. Bryan Connolly, Associate Professor of Biology, ECSU CLIR is a fee-based program. Please visit clir.uconn.edu for more information."
Propagating Native Plants to Benefit Endangered Animal Species,Community and service,2026-10-13 13:15,2026-10-13 14:45,False,False,Vernon Cottage (Depot Campus),Vernon Cottage (Depot Campus),Extension (University of Connecticut),,False,False,https://events.uconn.edu/extension/event/2272512-propagating-native-plants-to-benefit-endangered,"Native plants are often key players in endangered animal life cycles. For this talk the speaker will explore different plant propagation techniques and projects he has studied for several years. Specifically the speaker will discuss growing wild indigo and sundial lupine as larval host plants for the state threatened frosted elfin butterfly. A second project covered in this talk involved the division of seaside goldenrod to benefit common tern nesting habitat on Great Gull Island in Long Island Sound. Additionally the speaker will cover propagation of several watch list or endangered milkweeds, which are important for monarch butterflies. Bryan Connolly, Associate Professor of Biology, ECSU CLIR is a fee-based program. Please visit clir.uconn.edu for more information."
Let’s Talk with Michelle,Health and wellness,2026-10-13 13:30,2026-10-13 14:30,False,False,Student Union,Student Union,Student Health and Wellness (University of Connecticut),,False,True,https://events.uconn.edu/live/events/2304869-lets-talk-with-michelle,"The Let’s Talk: Mental Health Office Hours program provides informal, confidential consultation with therapists from SHaW. The service is free of charge and offered on a first come, first served basis. More info like other dates, time and location can be found here."
Master’s Thesis Defense of Chenkai Niu,Academic and research,2026-10-13 13:30,,False,False,Manchester Hall,Manchester Hall,Sociology Department (University of Connecticut),,False,False,https://events.uconn.edu/live/events/2455846-masters-thesis-defense-of-chenkai-niu,"Gender, Media Lifestyles, and Subjective Well-being in the U.S.: A Latent Class Analysis of the Add Health and GSS Study"
Accessible Infographics Using Venngage,Community and service,2026-10-13 14:00,2026-10-13 14:45,False,False,,,Information Technology Services (University of Connecticut),,True,False,https://events.uconn.edu/information-technology-services/event/2397613-accessible-infographics-using-venngage,"Learn how to create accessible and effective visual content using Venngage, UConn’s supported alternative to Canva. Learn practical strategies for designing content that is easier for everyone to understand and explore their accessibility-focused features. Use the Accessible Venngage Infographics link to register and view other workshops at the IT Accessibility website."
"Graduate Student Seminar: Vicent Kamya, UConn",Academic and research,2026-10-13 14:00,,False,False,Chemistry Building,Chemistry Building,Chemistry Department (University of Connecticut),,False,False,https://events.uconn.edu/chemistry-department/event/2308251-graduate-student-seminar-vicent-kamya-uconn,"Graduate Student Seminar Vicent Kamya, UConn | Host: Michael Kienzler"
Group Fitness Class – Yoga Flow,Sports and fitness,2026-10-13 14:00,2026-10-13 15:00,False,False,Student Recreation Center,Student Recreation Center,UConn Recreation (University of Connecticut),,False,False,https://events.uconn.edu/uconn-recreation/event/2460436-group-fitness-class-yoga-flow,"For the full class schedule, descriptions, and to register, please visit the UConn Recreation website."
Mason Jar Sundae,Campus life,2026-10-13 14:00,,False,False,Student Union,Student Union,SUBOG - Student Union Board of Governors (University of Connecticut),Free,False,False,https://events.uconn.edu/subog-student-union-board-of-governors/event/2363408-mason-jar-sundae,
Research Skills 2: Finding Peer-Reviewed Sources in the Sciences Like a Pro (Virtual),Academic and research,2026-10-13 14:00,2026-10-13 14:30,False,False,,,Stamford Library (Jeremy Richard Library) (University of Connecticut),,True,False,https://events.uconn.edu/live/events/2456470-research-skills-2-finding-peer-reviewed-sources-in-t,"Join us for these upcoming virtual library workshops designed for students at all levels who want to improve their research and citation skills. Learn to search library databases, find peer-reviewed sources, and create accurate APA and MLA citations. Register today from the library’s workshop calendar! *Finding Peer-Reviewed Sources in the Sciences Like a Pro, Tuesday, Oct.13th, 2-2:30 PM"
Group Fitness Class – Spin (45),Sports and fitness,2026-10-13 15:00,2026-10-13 15:45,False,False,Student Recreation Center,Student Recreation Center,UConn Recreation (University of Connecticut),,False,False,https://events.uconn.edu/uconn-recreation/event/2460435-group-fitness-class-spin-45,"For the full class schedule, descriptions, and to register, please visit the UConn Recreation website."
Group Fitness Class – Upper Body Sculpt (30),Sports and fitness,2026-10-13 15:15,2026-10-13 15:45,False,False,Student Recreation Center,Student Recreation Center,UConn Recreation (University of Connecticut),,False,False,https://events.uconn.edu/uconn-recreation/event/2460434-group-fitness-class-upper-body-sculpt-30,"For the full class schedule, descriptions, and to register, please visit the UConn Recreation website."
2026 Khairallah Symposium,Academic and research,2026-10-13 15:30,,False,False,Biology/Physics Building,Biology/Physics Building,Molecular and Cell Biology (University of Connecticut),,False,False,https://events.uconn.edu/molecular-and-cell-biology/event/1726066-2026-khairallah-symposium,"Featuring Dr. Shana Sturla, Professor, ETH Zurich, Switzerland"
AAC Hartford Workshop: Bouncing Back: Academic Resilience,Academic and research,2026-10-13 15:30,,False,False,HTB 202,HTB 202,Academic Achievement Center (University of Connecticut),,False,False,https://events.uconn.edu/academic-achievement-center/event/2372987-aac-hartford-workshop-bouncing-back-academic,"The focus of this presentation is academic resilience. Reflect on a prior failure or struggle, learn what to do when getting feedback, and apply new strategies when getting a critique."
Interpersonal Group for Undergraduate Students,Health and wellness,2026-10-13 15:30,2026-10-13 16:30,False,False,Arjona Building,Arjona Building,Student Health and Wellness (University of Connecticut),Free,False,False,https://events.uconn.edu/student-health-and-wellness/event/2308746-interpersonal-group-for-undergraduate-students,"Group therapy provides clinical support to foster healing for students managing mental health concerns while supporting their academic success. Facilitated by Mental Health providers, groups are designed to promote emotional well-being and increase connection and belonging. To join any group therapy session, please call SHaW at 860-486-4700. More info about SHaW’s Group Sessions."
Group Fitness Class – Power Yoga,Sports and fitness,2026-10-13 16:00,2026-10-13 17:00,False,False,Student Recreation Center,Student Recreation Center,UConn Recreation (University of Connecticut),,False,False,https://events.uconn.edu/uconn-recreation/event/2460431-group-fitness-class-power-yoga,"For the full class schedule, descriptions, and to register, please visit the UConn Recreation website."
Group Fitness Class – Spin (45),Sports and fitness,2026-10-13 16:00,2026-10-13 16:45,False,False,Student Recreation Center,Student Recreation Center,UConn Recreation (University of Connecticut),,False,False,https://events.uconn.edu/uconn-recreation/event/2460432-group-fitness-class-spin-45,"For the full class schedule, descriptions, and to register, please visit the UConn Recreation website."
Group Fitness Class – Total Body Strength,Sports and fitness,2026-10-13 16:00,2026-10-13 17:00,False,False,Student Recreation Center,Student Recreation Center,UConn Recreation (University of Connecticut),,False,False,https://events.uconn.edu/uconn-recreation/event/2460433-group-fitness-class-total-body-strength,"For the full class schedule, descriptions, and to register, please visit the UConn Recreation website."
Open House: 4 + 2 Coordinated Dietetics Program,Academic and research,2026-10-13 16:00,2026-10-13 17:00,False,False,,,Allied Health Sciences Department (University of Connecticut),Free,True,False,https://events.uconn.edu/live/events/2460080-open-house-4-2-coordinated-dietetics-program,Join us for a virtual Open House on Tuesday 10/13 at 4pm to hear more about our Dietetics 4+2 MS Coordinated Program. Learn about the coursework and outstanding supervised practice experiences! RSVP here: Dietetics 4+2 MS Coordinated Program – Fill out form
Pet Therapy at Cordial Storrs House,Health and wellness,2026-10-13 16:00,2026-10-13 18:00,False,False,Cordial Storrs House,Cordial Storrs House,Student Health and Wellness (University of Connecticut),Free,False,False,https://events.uconn.edu/student-health-and-wellness/event/2337122-pet-therapy-at-cordial-storrs-house,"Take a break from your schoolwork and come spend a little time with one of the therapy dogs from Tails of Joy. Pet Therapy is known to reduce stress, anxiety and to build empathy."
Cardiothoracic Surgery Interest Group Introductory Meeting,Health and wellness,2026-10-13 17:00,,False,False,,,UConn Health Medical Dental Student Government (University of Connecticut),,False,False,https://events.uconn.edu/uconn-health-medical-dental-student-government/event/2361160-cardiothoracic-surgery-interest-group-introductory,"The Cardiothoracic Surgery Interest Group is excited to invite you to our introductory meeting on Tuesday, October 13th at 5:00 PM, featuring Dr. Walters, Chief of Thoracic Surgery, here at UConn!"
Group Fitness Class – Dance Sculpt,Sports and fitness,2026-10-13 17:00,2026-10-13 18:00,False,False,Student Recreation Center,Student Recreation Center,UConn Recreation (University of Connecticut),,False,False,https://events.uconn.edu/uconn-recreation/event/2460429-group-fitness-class-dance-sculpt,"For the full class schedule, descriptions, and to register, please visit the UConn Recreation website."
Group Fitness Class – Spin,Sports and fitness,2026-10-13 17:00,2026-10-13 18:00,False,False,Student Recreation Center,Student Recreation Center,UConn Recreation (University of Connecticut),,False,False,https://events.uconn.edu/uconn-recreation/event/2460430-group-fitness-class-spin,"For the full class schedule, descriptions, and to register, please visit the UConn Recreation website."
MS Supply Chain Management Virtual Information Session,Academic and research,2026-10-13 17:00,2026-10-13 18:00,False,False,,,School of Business (University of Connecticut),,True,False,https://events.uconn.edu/school-of-business/event/2283606-ms-supply-chain-management-virtual-information,Virtual Infosessions are an ideal opportunity to learn first-hand about our highly regarded program and hear from admissions representatives. Register Here
The Wolff New Venture Competition,Other,2026-10-13 17:00,2026-10-13 21:00,False,False,,,,Free,False,False,https://luma.com/i2690pqa,
Group Fitness Class – Core Conditioning (30),Sports and fitness,2026-10-13 17:15,2026-10-13 17:45,False,False,Student Recreation Center,Student Recreation Center,UConn Recreation (University of Connecticut),,False,False,https://events.uconn.edu/uconn-recreation/event/2460427-group-fitness-class-core-conditioning-30,"For the full class schedule, descriptions, and to register, please visit the UConn Recreation website."
Group Fitness Class – Yoga Flow,Sports and fitness,2026-10-13 17:15,2026-10-13 18:15,False,False,Student Recreation Center,Student Recreation Center,UConn Recreation (University of Connecticut),,False,False,https://events.uconn.edu/uconn-recreation/event/2460428-group-fitness-class-yoga-flow,"For the full class schedule, descriptions, and to register, please visit the UConn Recreation website."
Group Fitness Class – Stretch & Foam Roll (30),Sports and fitness,2026-10-13 17:30,2026-10-13 18:00,False,False,Student Recreation Center,Student Recreation Center,UConn Recreation (University of Connecticut),,False,False,https://events.uconn.edu/uconn-recreation/event/2460426-group-fitness-class-stretch-foam-roll-30,"For the full class schedule, descriptions, and to register, please visit the UConn Recreation website."
Continuing Education - Dear Black Male,Academic and research,2026-10-13 18:00,2026-10-13 20:00,False,False,,,School of Social Work (University of Connecticut),,True,False,https://events.uconn.edu/school-of-social-work/event/2296207-continuing-education-dear-black-male,Continuing Education seminar for Social Work professionals. Participants earn Continuing Education Credits (CECs) for re-licensure.
Group Fitness Class – 50/50,Sports and fitness,2026-10-13 18:00,2026-10-13 19:00,False,False,Student Recreation Center,Student Recreation Center,UConn Recreation (University of Connecticut),,False,False,https://events.uconn.edu/uconn-recreation/event/2460425-group-fitness-class-5050,"For the full class schedule, descriptions, and to register, please visit the UConn Recreation website."
UConn MSW Program Options - Virtual Information Session,Academic and research,2026-10-13 18:00,,False,False,,,School of Social Work (University of Connecticut),,True,False,https://events.uconn.edu/school-of-social-work/event/2359010-uconn-msw-program-options-virtual-information,Thinking about a Master of Social Work degree?
Group Fitness Class – Power Barre,Sports and fitness,2026-10-13 18:15,2026-10-13 19:15,False,False,Student Recreation Center,Student Recreation Center,UConn Recreation (University of Connecticut),,False,False,https://events.uconn.edu/uconn-recreation/event/2460423-group-fitness-class-power-barre,"For the full class schedule, descriptions, and to register, please visit the UConn Recreation website."
Group Fitness Class – Spin,Sports and fitness,2026-10-13 18:15,2026-10-13 19:15,False,False,Student Recreation Center,Student Recreation Center,UConn Recreation (University of Connecticut),,False,False,https://events.uconn.edu/uconn-recreation/event/2460424-group-fitness-class-spin,"For the full class schedule, descriptions, and to register, please visit the UConn Recreation website."
Group Fitness Class – Gentle Yoga,Sports and fitness,2026-10-13 18:30,2026-10-13 19:30,False,False,Student Recreation Center,Student Recreation Center,UConn Recreation (University of Connecticut),,False,False,https://events.uconn.edu/uconn-recreation/event/2460422-group-fitness-class-gentle-yoga,"For the full class schedule, descriptions, and to register, please visit the UConn Recreation website."
October Educational Event,Campus life,2026-10-13 18:30,,False,False,ITE Building,ITE Building,Fraternity and Sorority Development (University of Connecticut),,False,False,https://events.uconn.edu/fraternity-and-sorority-development/event/2219697-october-educational-event,
UConn Men’s Basketball vs Syracuse- Hall of Fame Exhibition,Sports and fitness,2026-10-13 19:00,2026-10-13 21:00,False,False,", Mohegan Sun Arena",", Mohegan Sun Arena",Athletics (University of Connecticut),,False,False,https://events.uconn.edu/athletics/event/2236686-uconn-mens-basketball-vs-syracuse-hall-of-fame,View Men’s Basketball full schedule.
Group Fitness Class – ABC (45),Sports and fitness,2026-10-13 19:15,2026-10-13 20:00,False,False,Student Recreation Center,Student Recreation Center,UConn Recreation (University of Connecticut),,False,False,https://events.uconn.edu/uconn-recreation/event/2460421-group-fitness-class-abc-45,"For the full class schedule, descriptions, and to register, please visit the UConn Recreation website."
Group Fitness Class – Dance Fit (45),Sports and fitness,2026-10-13 19:30,2026-10-13 20:15,False,False,Student Recreation Center,Student Recreation Center,UConn Recreation (University of Connecticut),,False,False,https://events.uconn.edu/uconn-recreation/event/2460419-group-fitness-class-dance-fit-45,"For the full class schedule, descriptions, and to register, please visit the UConn Recreation website."
Group Fitness Class – Spin (45),Sports and fitness,2026-10-13 19:30,2026-10-13 20:15,False,False,Student Recreation Center,Student Recreation Center,UConn Recreation (University of Connecticut),,False,False,https://events.uconn.edu/uconn-recreation/event/2460420-group-fitness-class-spin-45,"For the full class schedule, descriptions, and to register, please visit the UConn Recreation website."
UConn Symphony: Scheherazade,Music and performance,2026-10-13 19:30,,False,False,,,,15,True,False,https://events.uconn.edu/von-der-mehden-recital-hall/event/2460079-uconn-symphony-scheherazade,
Jorgensen Gallery: “Flesh and Fable” Exhibition,Music and performance,2026-10-14 00:00,,True,False,Jorgensen Center,Jorgensen Center,Jorgensen Center for the Performing Arts (University of Connecticut),Free,False,False,https://events.uconn.edu/jorgensen-center-for-the-performing-arts/event/2406244-jorgensen-gallery-flesh-and-fable-exhibition,"Afarin Rahmanifar, M.F.A., is an Iranian American mixed-media artist, curator, educator, and Associate Professor of Painting and Drawing at Eastern Connecticut State University, where she has taught since 2013. Born in Iran and displaced after the 1979 Revolution, her work is shaped by themes of memory, exile, identity, and transformation. Using fragmented anatomical forms, Persian visual traditions, and the women of the Shahnameh, she examines how memory and cultural inheritance shape identity and belonging. Through painting, drawing, collage, textile, and mixed media, she layers and reconstructs the female body as an act of remembrance and reclamation— honoring women whose stories have been overlooked or silenced."
Group Fitness Class – Spin (45),Sports and fitness,2026-10-14 06:45,2026-10-14 07:30,False,False,Student Recreation Center,Student Recreation Center,UConn Recreation (University of Connecticut),,False,False,https://events.uconn.edu/uconn-recreation/event/2460418-group-fitness-class-spin-45,"For the full class schedule, descriptions, and to register, please visit the UConn Recreation website."
Group Fitness Class – 50/50,Sports and fitness,2026-10-14 07:00,2026-10-14 08:00,False,False,Student Recreation Center,Student Recreation Center,UConn Recreation (University of Connecticut),,False,False,https://events.uconn.edu/uconn-recreation/event/2460417-group-fitness-class-5050,"For the full class schedule, descriptions, and to register, please visit the UConn Recreation website."
Group Fitness Class – Spin,Sports and fitness,2026-10-14 08:00,2026-10-14 09:00,False,False,Student Recreation Center,Student Recreation Center,UConn Recreation (University of Connecticut),,False,False,https://events.uconn.edu/uconn-recreation/event/2460416-group-fitness-class-spin,"For the full class schedule, descriptions, and to register, please visit the UConn Recreation website."
Sexpert Peer Health Educator Drop In Hours,Health and wellness,2026-10-14 09:00,2026-10-14 18:00,False,False,Wilson Hall South Building,Wilson Hall South Building,Student Health and Wellness (University of Connecticut),Free,False,False,https://events.uconn.edu/student-health-and-wellness/event/2388359-sexpert-peer-health-educator-drop-in-hours,"Have questions about sex? Need help connecting to sexual health resources? Just need someone to talk to about sex and relationships? Stop by Wilson Hall, South Campus, room 106 to connect with a Sexpert Peer Health Educator and a non-judgmental, welcoming space to discuss all things sex! For more information and to see our Fall 2026 hours, visit: studenthealth.uconn.edu/sexperts"
PNB Seminar Series: Dr. Aaron Milstein,Academic and research,2026-10-14 10:30,2026-10-14 11:30,False,False,Torrey Life Sciences Building,Torrey Life Sciences Building,Physiology & Neurobiology (University of Connecticut),Free,False,False,https://events.uconn.edu/physiology-neurobiology/event/2223901-pnb-seminar-series-dr-aaron-milstein,"On Wednesday, October 14, 2026, Dr. Aaron Milstein will be here at UConn Physiology and Neurobiology from Rutgers Health, hosted by Dr. Scott Rich. Their seminar talk title will be announced shortly."
CETL Office Hours - Waterbury,Academic and research,2026-10-14 11:00,,False,False,UConn Waterbury,UConn Waterbury,Center for Excellence in Teaching and Learning (CETL) (University of Connecticut),,False,False,https://events.uconn.edu/center-for-excellence-in-teaching-and-learning/event/2335740-cetl-office-hours-waterbury,"CETL Open Office Hours provide drop-in times to discuss: developing courses, assessments and activities; collecting and using student feedback; troubleshooting challenging classroom dynamics; encouraging student engagement; integrating technology, games and other tools into instruction; and so much more! If it has to do with a classroom, lab, workshop or training (or your career development in these roles), CETL can help! Register - https://fins.ucon.edu/secure_inst/workshops/workshop_view.php?ser=3972"
Group Fitness Class – Spin (45),Sports and fitness,2026-10-14 11:45,2026-10-14 12:30,False,False,Student Recreation Center,Student Recreation Center,UConn Recreation (University of Connecticut),,False,False,https://events.uconn.edu/uconn-recreation/event/2460415-group-fitness-class-spin-45,"For the full class schedule, descriptions, and to register, please visit the UConn Recreation website."
Connect in the Café: Connecticut Division of Public Defender Services,Academic and research,2026-10-14 12:00,2026-10-14 14:00,False,False,Thomas J. Meskill Law Library,Thomas J. Meskill Law Library,Law School (University of Connecticut),,False,False,https://events.uconn.edu/law-school/event/2401660-connect-in-the-cafe-connecticut-division-of-public,"Join us for Connect in the Café, a program hosted by the Center for Career Development. Throughout the semester, government agencies and public sector organizations visit the café to meet informally with law students. Interested in a career in criminal defense and public service? Stop by to learn about the Connecticut Division of Public Defender Services, its mission to provide high-quality legal representation to individuals who cannot afford counsel, and the meaningful work performed by public defenders across the state. Connect directly with public defenders, in an informal setting where you can ask questions, learn about internships and career pathways."
Info Session - Licensed Professional Counselor (LPC) Certificate Program,Academic and research,2026-10-14 12:00,2026-10-14 12:45,False,False,,,Neag School of Education (University of Connecticut),,True,False,https://events.uconn.edu/neag-school-of-education/event/2374101-info-session-licensed-professional-counselor-lpc-cer,UConn’s Licensed Professional Counselor (LPC) Online Graduate Certificate is an 18-credit program providing supplemental academic qualifications required to apply to become a Licensed Professional Counselor (LPC) within the State of Connecticut. The LPC virtual info sessions are held via WebEx. Please register on the Graduate School’s website.
Law Fair at UConn,Other,2026-10-14 12:00,2026-10-14 15:00,False,False,Student Union Ballroom,Student Union Ballroom,Pre-Law (University of Connecticut),Free,False,False,https://events.uconn.edu/live/events/2296588-law-fair-at-uconn,https://prelaw.uconn.edu/lawfair/
Law Fair at UConn,Other,2026-10-14 12:00,2026-10-14 15:00,False,False,Student Union,Student Union,UConn Waterbury (University of Connecticut),,False,False,https://events.uconn.edu/uconn-waterbury/event/2305073-law-fair-at-uconn,"Join the Pre-Law Advising Office in person for our annual Law Fair! We are excited to welcome representatives from colleges and universities across the country who are coming to connect with students, dialogue about opportunities in law, and provide resources regarding their specific schools."
Marine Sciences Brown Bag,Academic and research,2026-10-14 12:00,2026-10-14 12:30,False,False,,,Marine Sciences Department (University of Connecticut),Free,True,False,https://events.uconn.edu/marine-sciences-department/event/2359039,https://marinesciences.uconn.edu/seminar/brownbag1268/ Please email Erin for the link to join online.
Neuroscience Journal Club - Savla,Academic and research,2026-10-14 12:00,2026-10-14 13:00,False,False,E4036,E4036,Neuroscience Department (University of Connecticut),,False,False,https://events.uconn.edu/neuroscience/event/2255606-neuroscience-journal-club-savla,"MEDS 6497 Neuroscience Journal Club “Multilaboratory, Blinded, Randomized Trial of Five Cerebroprotectants in Ischemic Stroke.” Presenter: Shreya Savla, Verma Lab Course Co-Directors: Paola Bargagna-Mohan: bargagna-mohan@uchc.edu Alice Burghard: burghard@uchc.edu"
Teaching with Teams,Academic and research,2026-10-14 12:00,,False,False,,,Center for Excellence in Teaching and Learning (CETL) (University of Connecticut),,True,False,https://events.uconn.edu/center-for-excellence-in-teaching-and-learning/event/2421778-teaching-with-teams,"“After this webinar, participants will be able to: Design an online synchronous (OS) session aligned with learning objectives.​ Select engagement strategies appropriate for various cognitive levels of learning.​ Use MS Teams tools to support interaction, collaboration, accessibility, and learning.” Register - https://fins.uconn.edu/secure_inst/workshops/workshop_view.php?ser=4029"
Group Fitness Class – Fall 2026 - Small Group Hybrid Fitness Training - Session 2 (Mon/Wed 12:05pm) w/ Delaney,Sports and fitness,2026-10-14 12:05,2026-10-14 12:55,False,False,Student Recreation Center,Student Recreation Center,UConn Recreation (University of Connecticut),,False,False,https://events.uconn.edu/uconn-recreation/event/2460412-group-fitness-class-fall-2026-small-group,"For the full class schedule, descriptions, and to register, please visit the UConn Recreation website."
Group Fitness Class – Total Body Strength (45),Sports and fitness,2026-10-14 12:05,2026-10-14 12:50,False,False,Student Recreation Center,Student Recreation Center,UConn Recreation (University of Connecticut),,False,False,https://events.uconn.edu/uconn-recreation/event/2460413-group-fitness-class-total-body-strength-45,"For the full class schedule, descriptions, and to register, please visit the UConn Recreation website."
Group Fitness Class – Yoga Flow (45),Sports and fitness,2026-10-14 12:05,2026-10-14 12:50,False,False,Student Recreation Center,Student Recreation Center,UConn Recreation (University of Connecticut),,False,False,https://events.uconn.edu/uconn-recreation/event/2460414-group-fitness-class-yoga-flow-45,"For the full class schedule, descriptions, and to register, please visit the UConn Recreation website."
Free Flu Shots,Health and wellness,2026-10-14 13:00,2026-10-14 16:00,False,False,Hilda May Williams Building,Hilda May Williams Building,Student Health and Wellness (University of Connecticut),,False,False,https://events.uconn.edu/live/events/2341450-free-flu-shots,Schedule your appointment by going to myhealth.uconn.edu Please note: online scheduling will open one week before each date. HAVE YOU GOTTEN YOUR FLU SHOT? Vaccination is one of the best ways to protect against influenza. CDC’s Advisory Committee on Immunization Practices recommends that every American older than 6 months of age get vaccinated against the flu.
Free STI Testing,Health and wellness,2026-10-14 13:00,2026-10-14 16:00,False,False,Hilda May Williams Building,Hilda May Williams Building,Student Health and Wellness (University of Connecticut),,False,False,https://events.uconn.edu/live/events/2341470-free-sti-testing,"SHaW is hosting free STI testing and treatment for gonorrhea and chlamydia. It’s quick, easy, and judgment-free! Schedule your appointment: myhealth.uconn.edu (Online scheduling will open one week prior to the events.)"
Let’s Talk Online with Graciela,Health and wellness,2026-10-14 13:30,2026-10-14 14:30,False,False,,,Student Health and Wellness (University of Connecticut),,True,False,https://events.uconn.edu/student-health-and-wellness/event/2304883-lets-talk-online-with-graciela,"The Let’s Talk: Mental Health Office Hours program provides informal, confidential consultation with therapists from SHaW. The service is free of charge and offered on a first come, first served basis. More info like other dates, time and location can be found here."
Doctoral Dissertation Oral Defense of Joel Javier Lorenzatti,Academic and research,2026-10-14 14:00,2026-10-14 16:00,False,False,,,Graduate School - Theses and Dissertation Defense (University of Connecticut),,False,False,https://events.uconn.edu/graduate-school-theses-and-dissertation-defense/event/2438368-doctoral-dissertation-oral-defense-of-joel-javier,Title: Mental imagery and the lack thereof—A philosophical investigation of aphantasia. Field of study: Philosophy.
Promoting Mental Health,Health and wellness,2026-10-14 14:00,2026-10-14 15:00,False,False,Koons Hall,Koons Hall,Allied Health Sciences Department (University of Connecticut),,False,False,https://events.uconn.edu/allied-health-sciences-department/event/2255609-promoting-mental-health,"This 60-minute informative and interactive workshop is designed to increase students’ awareness of mental health, the range of mental health resources available, and helpful self-care and stress management strategies useful now and in their future careers as healthcare professionals."
Research Skills 3: Finding Peer-Reviewed Sources in the Humanities Like a Pro (Virtual),Academic and research,2026-10-14 14:00,2026-10-14 14:30,False,False,,,Stamford Library (Jeremy Richard Library) (University of Connecticut),,True,False,https://events.uconn.edu/live/events/2456471-research-skills-3-finding-peer-reviewed-sources-in-t,"Join us for these upcoming virtual library workshops designed for students at all levels who want to improve their research and citation skills. Learn to search library databases, find peer-reviewed sources, and create accurate APA and MLA citations. Register today from the library’s workshop calendar! *Finding Peer-Reviewed Sources in the Humanities Like a Pro, Wednesday Oct. 14th, 2:00-2:30 PM"
Assessments and Assignments in HuskyCT,Academic and research,2026-10-14 14:30,,False,False,,,Center for Excellence in Teaching and Learning (CETL) (University of Connecticut),,True,False,https://events.uconn.edu/center-for-excellence-in-teaching-and-learning/event/2335765-assessments-and-assignments-in-huskyct,This 60-minute workshop is an introduction to the assignment and assessment tools in HuskyCT. We will look at the different assignment types and review test options built into HuskyCT. Register - https://fins.uconn.edu/secure_inst/workshops/workshop_view.php?ser=3983
Interpersonal Group for Graduate Students,Health and wellness,2026-10-14 14:30,2026-10-14 16:00,False,False,Arjona Building,Arjona Building,Student Health and Wellness (University of Connecticut),Free,False,False,https://events.uconn.edu/live/events/2308725-interpersonal-group-for-graduate-students,"Group therapy provides clinical support to foster healing for students managing mental health concerns while supporting their academic success. Facilitated by Mental Health providers, groups are designed to promote emotional well-being and increase connection and belonging. To join any group therapy session, please call SHaW at 860-486-4700. More info about SHaW’s Group Sessions."
The 32nd Distinguished Statistician Colloquium - sponsored by Pfizer/ASA/UConn,Academic and research,2026-10-14 14:30,,False,False,The Dodd Center for Human Rights,The Dodd Center for Human Rights,Statistics (University of Connecticut),,False,False,https://events.uconn.edu/statistics/event/2422831-the-32nd-distinguished-statistician-colloquium-,"The Department of Statistics at the University of Connecticut is honored to announce the 32nd Distinguished Statistician Colloquium. The Pfizer colloquium series was held from 1978 to 2012 and resumed in 2018. The series has featured distinguished statisticians including C. R. Rao, Bradley Efron, D.R. Cox, Nan Laird, and Grace Wahba. Link for registration: https://uconnuecs.cventevents.com/Pfizer26"
Group Fitness Class – Spin & Core,Sports and fitness,2026-10-14 15:00,2026-10-14 16:00,False,False,Student Recreation Center,Student Recreation Center,UConn Recreation (University of Connecticut),,False,False,https://events.uconn.edu/uconn-recreation/event/2460411-group-fitness-class-spin-core,"For the full class schedule, descriptions, and to register, please visit the UConn Recreation website."
Interleaf: A Scholarly Writing Group,Academic and research,2026-10-14 15:00,2026-10-14 17:00,False,False,Homer Babbidge Library,Homer Babbidge Library,Libraries (University of Connecticut),Free,False,False,https://events.uconn.edu/libraries/event/2364572-interleaf-a-scholarly-writing-group,"A space for graduate students, postdocs, and all scholars engaged in writing and publishing to build community. Come add your page to the story of scholarship at UConn!"
Wednesday Weekly Watch Party: Yuri on Ice + She-Ra,Community and service,2026-10-14 15:00,2026-10-14 16:00,False,False,Student Union,Student Union,Rainbow Center (University of Connecticut),,False,False,https://events.uconn.edu/rainbow-center/event/2439829-wednesday-weekly-watch-party-yuri-on-ice-she-ra,Rainbow Center Presents: Yuri On Ice + She-Ra Watch Party!!
Group Fitness Class – Core Conditioning (30),Sports and fitness,2026-10-14 15:15,2026-10-14 15:45,False,False,Student Recreation Center,Student Recreation Center,UConn Recreation (University of Connecticut),,False,False,https://events.uconn.edu/uconn-recreation/event/2460410-group-fitness-class-core-conditioning-30,"For the full class schedule, descriptions, and to register, please visit the UConn Recreation website."
Fellow’s Talk: Chloe Kwak on Memories of ‘Comfort Women’ in Korean American Communities,Academic and research,2026-10-14 15:30,2026-10-14 16:45,False,False,,,Humanities Institute (University of Connecticut),,True,False,https://events.uconn.edu/live/events/2251672-fellows-talk-chloe-kwak-on-memories-of-comfort-women,A talk by UCHI Draper Dissertation Fellow Chloe Kwak on “Diasporic Group Subjectivity: Distinct Group Identities and Memories of ‘Comfort Women’ in Korean American Communities” with a response by Emma Amador.
Interpersonal Group for Undergraduate Students,Health and wellness,2026-10-14 15:30,2026-10-14 16:30,False,False,Arjona Building,Arjona Building,Student Health and Wellness (University of Connecticut),Free,False,False,https://events.uconn.edu/student-health-and-wellness/event/2308747-interpersonal-group-for-undergraduate-students,"Group therapy provides clinical support to foster healing for students managing mental health concerns while supporting their academic success. Facilitated by Mental Health providers, groups are designed to promote emotional well-being and increase connection and belonging. To join any group therapy session, please call SHaW at 860-486-4700. More info about SHaW’s Group Sessions."
AAC Hartford Workshop: Prioritization Techniques,Academic and research,2026-10-14 16:00,,False,False,HTB 202,HTB 202,Academic Achievement Center (University of Connecticut),,False,False,https://events.uconn.edu/academic-achievement-center/event/2373560-aac-hartford-workshop-prioritization-techniques,Review different approaches to the same task list and the one you employ in ideal settings and when overwhelmed. Explore strategies to organize your priorities.
English Workshops,Academic and research,2026-10-14 16:00,2026-10-14 18:00,False,False,Center for International Students & Scholar Services (CISS),Center for International Students & Scholar Services (CISS),International Student & Scholar Services (University of Connecticut),,False,False,https://events.uconn.edu/international-student-scholar-services/event/2223358-english-workshops,Website and registration link: https://ita.uconn.edu/english-support/ These workshops will help participants develop the speaking skills needed to convey their ideas clearly when presenting in front of an audience. Students will practice presenting information relevant to their field of study and be actively involved in self-assessment and peer assessment. Content will be adapted to suit the group’s needs.
Group Fitness Class – 50/50,Sports and fitness,2026-10-14 16:00,2026-10-14 17:00,False,False,Student Recreation Center,Student Recreation Center,UConn Recreation (University of Connecticut),,False,False,https://events.uconn.edu/uconn-recreation/event/2460407-group-fitness-class-5050,"For the full class schedule, descriptions, and to register, please visit the UConn Recreation website."
Group Fitness Class – Human Reformer Pilates,Sports and fitness,2026-10-14 16:00,2026-10-14 17:00,False,False,Student Recreation Center,Student Recreation Center,UConn Recreation (University of Connecticut),,False,False,https://events.uconn.edu/uconn-recreation/event/2460408-group-fitness-class-human-reformer-pilates,"For the full class schedule, descriptions, and to register, please visit the UConn Recreation website."
Group Fitness Class – Spin (45),Sports and fitness,2026-10-14 16:00,2026-10-14 16:45,False,False,Student Recreation Center,Student Recreation Center,UConn Recreation (University of Connecticut),,False,False,https://events.uconn.edu/uconn-recreation/event/2460409-group-fitness-class-spin-45,"For the full class schedule, descriptions, and to register, please visit the UConn Recreation website."
Group Fitness Class – Run & Strength,Sports and fitness,2026-10-14 16:15,2026-10-14 17:15,False,False,Student Recreation Center,Student Recreation Center,UConn Recreation (University of Connecticut),,False,False,https://events.uconn.edu/uconn-recreation/event/2460406-group-fitness-class-run-strength,"For the full class schedule, descriptions, and to register, please visit the UConn Recreation website."
Group Fitness Class – Fall 2026 - Small Group Human Reformer Pilates - Session 1 (Wed 4:30pm w/ Dana),Sports and fitness,2026-10-14 16:30,2026-10-14 17:30,False,False,Student Recreation Center,Student Recreation Center,UConn Recreation (University of Connecticut),,False,False,https://events.uconn.edu/uconn-recreation/event/2460405-group-fitness-class-fall-2026-small-group-human,"For the full class schedule, descriptions, and to register, please visit the UConn Recreation website."
Group Fitness Class – Spin,Sports and fitness,2026-10-14 17:00,2026-10-14 18:00,False,False,Student Recreation Center,Student Recreation Center,UConn Recreation (University of Connecticut),,False,False,https://events.uconn.edu/uconn-recreation/event/2460404-group-fitness-class-spin,"For the full class schedule, descriptions, and to register, please visit the UConn Recreation website."
SMART Recovery Meetings,Arts and exhibits,2026-10-14 17:00,2026-10-14 18:00,False,False,Cordial Storrs House,Cordial Storrs House,Student Health and Wellness (University of Connecticut),Free,False,False,https://events.uconn.edu/student-health-and-wellness/event/2368862-smart-recovery-meetings,SHaW’s SMART (Self Management and Recovery Training) Recovery Meetings are open to UConn students every Wednesday 5:00 PM - 6:00 PM. (no pre-registration needed - just show up!)
ULWR Research Session,Academic and research,2026-10-14 17:00,,False,False,Law Library Lab,Law Library Lab,Law Library Lab (University of Connecticut),,False,False,https://events.uconn.edu/law-library-lab/event/2272989-ulwr-research-session,Come in or join on Webex for research help and satisfy the research requirement for your ULWR paper. This session is hosted by Anne Rajotte.
Group Fitness Class – ABC (45),Sports and fitness,2026-10-14 17:15,2026-10-14 18:00,False,False,Student Recreation Center,Student Recreation Center,UConn Recreation (University of Connecticut),,False,False,https://events.uconn.edu/uconn-recreation/event/2460402-group-fitness-class-abc-45,"For the full class schedule, descriptions, and to register, please visit the UConn Recreation website."
Group Fitness Class – Power Yoga,Sports and fitness,2026-10-14 17:15,2026-10-14 18:15,False,False,Student Recreation Center,Student Recreation Center,UConn Recreation (University of Connecticut),,False,False,https://events.uconn.edu/uconn-recreation/event/2460403-group-fitness-class-power-yoga,"For the full class schedule, descriptions, and to register, please visit the UConn Recreation website."
"Math Club: What is Galois Theory, by Keith Conrad (UConn)",Academic and research,2026-10-14 17:30,2026-10-14 18:30,False,False,Monteith 214,Monteith 214,Mathematics Department (University of Connecticut),,False,False,https://events.uconn.edu/mathematics-department/event/2388634-math-club-what-is-galois-theory-by-keith-conrad-ucon,TBA
AAC Storrs Workshop: Prioritization Techniques,Academic and research,2026-10-14 18:00,,False,False,Rowe Center,Rowe Center,Academic Achievement Center (University of Connecticut),,False,False,https://events.uconn.edu/academic-achievement-center/event/2371945-aac-storrs-workshop-prioritization-techniques,Review different approaches to the same task list and the one you employ in ideal settings and when overwhelmed. Explore strategies to organize your priorities.
Alumni Successes: Undergrad Fellows after UCHI,Academic and research,2026-10-14 18:00,2026-10-14 19:00,False,False,Homer Babbidge Library,Homer Babbidge Library,Humanities Institute (University of Connecticut),,False,False,https://events.uconn.edu/humanities-institute/event/2389200-alumni-successes-undergrad-fellows-after-uchi,"Join us as we recognize the successes of former Undergraduate Humanities Research Fellows. Part of our UCHI at 25 celebration, in recognition of the undergraduate fellowship entering its fifth year."
Love Does Not Hurt. Domestic Violence Awareness,Campus life,2026-10-14 18:00,2026-10-14 20:00,False,False,McHugh Hall,McHugh Hall,First Year Programs (University of Connecticut),Free,False,False,https://events.uconn.edu/fyp/event/2241113-love-does-not-hurt-domestic-violence-awareness,"Join us for an important interactive event on recognizing, preventing, and responding to domestic violence."
Group Fitness Class – Dance Sculpt,Sports and fitness,2026-10-14 18:15,2026-10-14 19:15,False,False,Student Recreation Center,Student Recreation Center,UConn Recreation (University of Connecticut),,False,False,https://events.uconn.edu/uconn-recreation/event/2460399-group-fitness-class-dance-sculpt,"For the full class schedule, descriptions, and to register, please visit the UConn Recreation website."
Group Fitness Class – Spin,Sports and fitness,2026-10-14 18:15,2026-10-14 19:15,False,False,Student Recreation Center,Student Recreation Center,UConn Recreation (University of Connecticut),,False,False,https://events.uconn.edu/uconn-recreation/event/2460400-group-fitness-class-spin,"For the full class schedule, descriptions, and to register, please visit the UConn Recreation website."
Group Fitness Class – Upper Body Sculpt (30),Sports and fitness,2026-10-14 18:15,2026-10-14 18:45,False,False,Student Recreation Center,Student Recreation Center,UConn Recreation (University of Connecticut),,False,False,https://events.uconn.edu/uconn-recreation/event/2460401-group-fitness-class-upper-body-sculpt-30,"For the full class schedule, descriptions, and to register, please visit the UConn Recreation website."
Group Fitness Class – Barre,Sports and fitness,2026-10-14 18:30,2026-10-14 19:30,False,False,Student Recreation Center,Student Recreation Center,UConn Recreation (University of Connecticut),,False,False,https://events.uconn.edu/uconn-recreation/event/2460395-group-fitness-class-barre,"For the full class schedule, descriptions, and to register, please visit the UConn Recreation website."
Tolland County 4-H Fairboard Meeting,Community and service,2026-10-14 18:30,,False,False,"24 Hyde Ave, Vernon Rockville, CT 06066-4578, United States","24 Hyde Ave, Vernon Rockville, CT 06066-4578, United States",UConn 4-H (University of Connecticut),,False,False,https://events.uconn.edu/uconn-4-h/event/2278331-tolland-county-4-h-fairboard-meeting,The annual Tolland County Fairboard Meeting open to 4-H members in Tolland County 4-H
Tolland County 4-H Fairboard Meeting,Community and service,2026-10-14 18:30,2026-10-14 19:30,False,False,"24 Hyde Ave, Vernon Rockville, CT 06066-4578, United States","24 Hyde Ave, Vernon Rockville, CT 06066-4578, United States",Extension (University of Connecticut),,False,False,https://events.uconn.edu/extension/event/2278352-tolland-county-4-h-fairboard-meeting,
An Evening with Yidlife Crisis,Other,2026-10-14 19:00,,False,False,"Mandell JCC, 335 Bloomfield Avenue, West Hartford, CT","Mandell JCC, 335 Bloomfield Avenue, West Hartford, CT",Judaic Studies (University of Connecticut),21.5,False,False,https://events.uconn.edu/live/events/2275664-an-evening-with-yidlife-crisis,"Join Jamie & Eli, the creators and stars of the award-winning Yiddish-ish web series YidLife Crisis - in the fleisch! The boychiks from Montreal present an evening of comedy, film and music reflecting their unique take on the modern Jewish experience. Event will be in English."
Group Fitness Class – Total Body Strength,Sports and fitness,2026-10-14 19:15,2026-10-14 20:15,False,False,Student Recreation Center,Student Recreation Center,UConn Recreation (University of Connecticut),,False,False,https://events.uconn.edu/uconn-recreation/event/2460393-group-fitness-class-total-body-strength,"For the full class schedule, descriptions, and to register, please visit the UConn Recreation website."
VII Leaders Lounge,Academic and research,2026-10-14 19:15,2026-10-14 21:15,False,False,Engineering & Sciences Building,Engineering & Sciences Building,College of Engineering (University of Connecticut),,False,False,https://events.uconn.edu/engineering/event/2256638-vii-leaders-lounge,"This is designed for student leaders in organizations affiliated with the Vergnano Institute for Impact. Anyone is welcome to attend. Agenda Welcome in, Informal Networking Discussion in Breakout Tables Share Out Deliverables and Final Questions Food will be provided."
Group Fitness Class – Power Pilates,Sports and fitness,2026-10-14 19:30,2026-10-14 20:30,False,False,Student Recreation Center,Student Recreation Center,UConn Recreation (University of Connecticut),,False,False,https://events.uconn.edu/uconn-recreation/event/2460389-group-fitness-class-power-pilates,"For the full class schedule, descriptions, and to register, please visit the UConn Recreation website."
Group Fitness Class – Spin (45),Sports and fitness,2026-10-14 19:30,2026-10-14 20:15,False,False,Student Recreation Center,Student Recreation Center,UConn Recreation (University of Connecticut),,False,False,https://events.uconn.edu/uconn-recreation/event/2460392-group-fitness-class-spin-45,"For the full class schedule, descriptions, and to register, please visit the UConn Recreation website."
End of Year Club Summary Due,Community and service,2026-10-15 00:00,,True,False,,,UConn 4-H (University of Connecticut),,False,False,https://events.uconn.edu/uconn-4-h/event/2223186-end-of-year-club-summary-due,The annual club summary is the required document to be completed by every 4-H club that operates in Connecticut. See our forms page to complete this document See form: https://4-h.extension.uconn.edu/forms/
End of Year Club Summary Due,Community and service,2026-10-15 00:00,,True,False,,,Extension (University of Connecticut),,False,False,https://events.uconn.edu/extension/event/2272541-end-of-year-club-summary-due,
Jorgensen Gallery: “Flesh and Fable” Exhibition,Music and performance,2026-10-15 00:00,,True,False,Jorgensen Center,Jorgensen Center,Jorgensen Center for the Performing Arts (University of Connecticut),Free,False,False,https://events.uconn.edu/jorgensen-center-for-the-performing-arts/event/2406245-jorgensen-gallery-flesh-and-fable-exhibition,"Afarin Rahmanifar, M.F.A., is an Iranian American mixed-media artist, curator, educator, and Associate Professor of Painting and Drawing at Eastern Connecticut State University, where she has taught since 2013. Born in Iran and displaced after the 1979 Revolution, her work is shaped by themes of memory, exile, identity, and transformation. Using fragmented anatomical forms, Persian visual traditions, and the women of the Shahnameh, she examines how memory and cultural inheritance shape identity and belonging. Through painting, drawing, collage, textile, and mixed media, she layers and reconstructs the female body as an act of remembrance and reclamation— honoring women whose stories have been overlooked or silenced."
ΑΧΩ Founders’ Day,Campus life,2026-10-15 00:00,,True,False,UConn Storrs,UConn Storrs,Fraternity and Sorority Development (University of Connecticut),,False,False,https://events.uconn.edu/fraternity-and-sorority-development/event/79433--founders-day,"Alpha Chi Omega (ΑΧΩ) was founded on October 15, 1885 at DePauw University in Greencastle, Indiana."
Neurosurgery Thursday Residency Curriculum Series: AY 2026- 2027,Academic and research,2026-10-15 06:00,2026-10-15 08:00,False,False,,,School of Medicine (University of Connecticut),Free,True,False,https://events.uconn.edu/school-of-medicine/event/2217840-neurosurgery-thursday-residency-curriculum-series,Two CME credits are granted for these weekly educational series presented by varying faculty. Alternating weekly the Tumor Board invites will be sent directly from the Cancer Center for one CME credit. Virtual Event: https://uchc.WebEx.com/meet/Neurosurgery
Group Fitness Class – Spin (45),Sports and fitness,2026-10-15 06:45,2026-10-15 07:30,False,False,Student Recreation Center,Student Recreation Center,UConn Recreation (University of Connecticut),,False,False,https://events.uconn.edu/uconn-recreation/event/2460387-group-fitness-class-spin-45,"For the full class schedule, descriptions, and to register, please visit the UConn Recreation website."
Group Fitness Class – Spin (45),Sports and fitness,2026-10-15 08:00,2026-10-15 08:45,False,False,Student Recreation Center,Student Recreation Center,UConn Recreation (University of Connecticut),,False,False,https://events.uconn.edu/uconn-recreation/event/2460386-group-fitness-class-spin-45,"For the full class schedule, descriptions, and to register, please visit the UConn Recreation website."
Continuing Education - From Surviving to a Thriving Private Practice,Academic and research,2026-10-15 09:00,2026-10-15 12:00,False,False,,,School of Social Work (University of Connecticut),,True,False,https://events.uconn.edu/school-of-social-work/event/2296208-continuing-education-from-surviving-to-a,Continuing Education seminar for Social Work professionals. Participants earn Continuing Education Credits (CECs) for re-licensure.
Cover Letters,Career and jobs,2026-10-15 09:00,2026-10-15 10:15,False,False,"1 University Place, Stamford, CT, UConn Stamford campus, The Gallery 1.17E","1 University Place, Stamford, CT, UConn Stamford campus, The Gallery 1.17E",Center for Career Development (University of Connecticut),,False,False,https://events.uconn.edu/center-for-career-development/event/2253336-cover-letters,"A strong cover letter can help you stand out in a competitive job market. In this workshop, you’ll learn how to effectively communicate your skills, experiences, and enthusiasm for a position while tailoring your letter to specific employers. Leave with the tools to write a polished, professional cover letter with confidence. Register here"
Let’s Talk with Fumi,Health and wellness,2026-10-15 09:00,2026-10-15 10:30,False,False,Student Union,Student Union,Student Health and Wellness (University of Connecticut),,False,False,https://events.uconn.edu/student-health-and-wellness/event/2305005-lets-talk-with-fumi,"The Let’s Talk: Mental Health Office Hours program provides informal, confidential consultation with therapists from SHaW. The service is free of charge and offered on a first come, first served basis. More info like other dates, time and location can be found here."
Sexpert Peer Health Educator Drop In Hours,Health and wellness,2026-10-15 09:00,2026-10-15 13:30,False,False,Wilson Hall South Building,Wilson Hall South Building,Student Health and Wellness (University of Connecticut),Free,False,False,https://events.uconn.edu/student-health-and-wellness/event/2388390-sexpert-peer-health-educator-drop-in-hours,"Have questions about sex? Need help connecting to sexual health resources? Just need someone to talk to about sex and relationships? Stop by Wilson Hall, South Campus, room 106 to connect with a Sexpert Peer Health Educator and a non-judgmental, welcoming space to discuss all things sex! For more information and to see our Fall 2026 hours, visit: studenthealth.uconn.edu/sexperts"
Cover Letters,Career and jobs,2026-10-15 11:00,2026-10-15 12:15,False,False,"1 University Place, Stamford, CT UConn Stamford campus, The Gallery 1.17E","1 University Place, Stamford, CT UConn Stamford campus, The Gallery 1.17E",Center for Career Development (University of Connecticut),,False,False,https://events.uconn.edu/center-for-career-development/event/2253338-cover-letters,"A strong cover letter can help you stand out in a competitive job market. In this workshop, you’ll learn how to effectively communicate your skills, experiences, and enthusiasm for a position while tailoring your letter to specific employers. Leave with the tools to write a polished, professional cover letter with confidence. Register here"
Design Smarter 1.0: Enhance Your HuskyCT Course Design with Blackboard AI,Academic and research,2026-10-15 11:00,,False,False,,,Center for Excellence in Teaching and Learning (CETL) (University of Connecticut),,True,False,https://events.uconn.edu/center-for-excellence-in-teaching-and-learning/event/2335789-design-smarter-10-enhance-your-huskyct-course,"Objectives: *Recognize ethical and pedagogical considerations when integrating Blackboard AI tools in course design. *Recognize how to use specific AI tools within Blackboard to streamline tasks such as content creation, assessment generation, and course structure planning. *Identify at least three features of the Blackboard AI Tools that support course development and instructional design. *Apply Blackboard AI features to course design by creating or revising one course component (e.g., a syllabus item, assignment, or learning module) using recommended tools and strategies. Discover how AI can support and elevate your course design and development? This webinar is designed for educators looking to seamlessly integrate Blackboard AI tools into their course design and development practice. Join us as we explore how AI can streamline course planning, enhance content creation, and support personalized learning experiences. Whether you’re a seasoned educator or just getting started with AI in education, this session will provide actionable tips, real-life examples, and hands-on demonstrations to help you make the most of Blackboard’s AI-powered features. Don’t miss the change to transform your approach to course design! If you’d like to dive deeper into AI Conversations, be sure to join us for Design Smarter 2.0. Register - https://fins.uconn.edu/secure_inst/workshops/workshop_view.php?ser=3973"
McMahon Caribbean Lunch,Food and dining,2026-10-15 11:00,2026-10-15 14:00,False,False,McMahon Dining Hall,McMahon Dining Hall,Dining Services (University of Connecticut),"<p>Access to the UConn Dining Halls requires a meal plan (residential, community, flex, points), credit/debit, or Husky Bucks.</p>",False,False,https://events.uconn.edu/dining-services/event/2363963-mcmahon-caribbean-lunch,Check back as we get closer to the event for menu details.
Neuroscience Seminar Series - Verma,Academic and research,2026-10-15 11:00,,False,False,Low Learning Center (UConn Health),Low Learning Center (UConn Health),Neuroscience Department (University of Connecticut),,False,False,https://events.uconn.edu/neuroscience/event/2223229-neuroscience-seminar-series-verma,"Sponsored by the Kim Family “Restoring Flow, Restoring Function: Can Encephalomyosynangiosis, a non-pharmacological strategy, be the answer to Stroke?” Presenter: Rajkumar Verma, PhD Associate Professor, Department of Neuroscience UConn Health, Farmington, CT"
Neuroscience Seminar Series - Verma,Academic and research,2026-10-15 11:00,,False,False,Low Learning Center (UConn Health),Low Learning Center (UConn Health),UConn Health Graduate School (University of Connecticut),,False,False,https://events.uconn.edu/uconn-health-graduate-school/event/2321197-neuroscience-seminar-series-verma,"Sponsored by the Kim Family Rajkumar Verma, PhD Associate Professor, Department of Neuroscience UConn Health, Farmington, CT"
Spring Valley Farm Fresh Market,Food and dining,2026-10-15 11:00,2026-10-15 14:00,False,False,Fairfield Way,Fairfield Way,Dining Services (University of Connecticut),,False,False,https://events.uconn.edu/dining-services/event/2297746-spring-valley-farm-fresh-market,"The Farm Fresh Market on Fairfield Way offers fresh seasonal produce and flowers from our own Spring Valley Student Farm, as well as baked goods from UConn’s Not Just Desserts Bakery. Bakery items may include freshly baked pies, breads, bars, cake slices, and gluten-free/vegan offerings. The UConn Food for the Pack food truck is nearby as well! Offerings at the market may change each week, so stop by to see what we have. Feel free to chat with the student farmers and learn more about some interesting varieties they grow, their farming practices, and what they love about Spring Valley Student Farm. Bags are limited; please bring your own reusable bag if you have one."
"Strategies for Providing Timely, Effective Feedback to Graduate Advisees",Academic and research,2026-10-15 11:00,2026-10-15 12:00,False,False,,,Graduate School (University of Connecticut),,True,False,https://events.uconn.edu/graduate-school/event/2241698-strategies-for-providing-timely-effective-feedback,Faculty & Administrative Track
Memoir Group,Academic and research,2026-10-15 11:15,2026-10-15 12:45,False,False,Vernon Cottage (Depot Campus),Vernon Cottage (Depot Campus),Center for Learning in Retirement (University of Connecticut),,False,False,https://events.uconn.edu/clir/event/2241707-memoir-group,Memoir Group Write your memoirs to share in class. Memoirs can be short or longer works. New members are always welcome. Facilitator: Cathy Belanger CLIR is a fee-based program. Please visit clir.uconn.edu for more information.
Group Fitness Class – Spin (45),Sports and fitness,2026-10-15 11:45,2026-10-15 12:30,False,False,Student Recreation Center,Student Recreation Center,UConn Recreation (University of Connecticut),,False,False,https://events.uconn.edu/uconn-recreation/event/2460385-group-fitness-class-spin-45,"For the full class schedule, descriptions, and to register, please visit the UConn Recreation website."
Community Engagement Awards Webinar Series: Amit Savkar,Community and service,2026-10-15 12:00,2026-10-15 13:00,False,False,,,Office of Outreach & Engagement (University of Connecticut),,True,False,https://events.uconn.edu/live/events/2459523-community-engagement-awards-webinar-series-amit-savk,"Webinar Series where awardees will share insights into their community partnerships, innovative approaches to engaged scholarship, and the real-world impact of their work."
Elizabeth Mahan Fund Scholar Showcase,Other,2026-10-15 12:00,,False,False,Ryan Building,Ryan Building,el Instituto (University of Connecticut),Free,False,False,https://events.uconn.edu/el-instituto/event/2454735-elizabeth-mahan-fund-scholar-showcase,"Every academic year, El Instituto awards fellowships to support graduate student research or creative projects focused on Latina/o and Latin American Studies. Join the Fellowship Awardees from El Instituto for their research presentations during the Fall semester. Please note that registration is required to attend in person due to limited seating. —————————————————————————————————————- Presenter: Julien Torrento Description: coming soon..."
Let’s Talk with Kiara for NCAA Student Athletes,Health and wellness,2026-10-15 12:00,2026-10-15 13:00,False,False,Arjona Building,Arjona Building,Student Health and Wellness (University of Connecticut),,False,False,https://events.uconn.edu/student-health-and-wellness/event/2305079-lets-talk-with-kiara-for-ncaa-student-athletes,"The Let’s Talk: Mental Health Office Hours program provides informal, confidential consultation with therapists from SHaW. The service is free of charge and offered on a first come, first served basis for all NCAA Student Athletes only and are about 15-20 minutes. More info like other dates, time and location can be found here."
Perusall: The Basics,Academic and research,2026-10-15 12:00,,False,False,,,Center for Excellence in Teaching and Learning (CETL) (University of Connecticut),,True,False,https://events.uconn.edu/center-for-excellence-in-teaching-and-learning/event/2335804-perusall-the-basics,"This workshop will cover the basics of Perusall, a social annotation tool. Participants will learn how to integrate Perusall into HuskyCT, request ebooks, create assignments, and grade in Perusall. Register - https://fins.uconn.edu/secure_inst/workshops/workshop_view.php?ser=3980"
Group Fitness Class – Fall 2026 - Small Group Human Reformer Pilates - Session 2 (Thurs 12:05pm w/ Jen),Sports and fitness,2026-10-15 12:05,2026-10-15 12:55,False,False,Student Recreation Center,Student Recreation Center,UConn Recreation (University of Connecticut),,False,False,https://events.uconn.edu/uconn-recreation/event/2460383-group-fitness-class-fall-2026-small-group-human,"For the full class schedule, descriptions, and to register, please visit the UConn Recreation website."
Group Fitness Class – Fall 2026 - Small Group Hybrid Fitness Training - Session 3 (Tue/Thu 12:05pm) w/ Ian,Sports and fitness,2026-10-15 12:05,2026-10-15 12:55,False,False,Student Recreation Center,Student Recreation Center,UConn Recreation (University of Connecticut),,False,False,https://events.uconn.edu/uconn-recreation/event/2460384-group-fitness-class-fall-2026-small-group,"For the full class schedule, descriptions, and to register, please visit the UConn Recreation website."
2026 Enrichment Connections - Stamford - Desserts & Details,Academic and research,2026-10-15 12:30,2026-10-15 14:30,False,False,UConn Stamford Building (Stamford),UConn Stamford Building (Stamford),Honors Program (University of Connecticut),,False,False,https://events.uconn.edu/honors-program/event/2308837-2026-enrichment-connections-stamford-desserts,"UConn Stamford Enrichment Connections event provides the opportunity for students to learn about the 6 Enrichment Programs UConn offers and understand ways they can enrich their college experience, get involved in opportunities outside of the classroom, and build valuable skills to prepare them for their future career. Following the tabling of Enrichment Programs earlier in the day in the Concourse, Desserts & Details will take place in DWTN 219 “The Space” 12:30-2:30pm, where students will get the opportunity to connect one-on-one with Enrichment Program representatives, ask questions, and receive individualized resources. This is an Honors Event: #UHLEvent 11513"
AAC Waterbury Workshop: Bouncing Back: Academic Resilience,Academic and research,2026-10-15 12:30,,False,False,Rectory Building (Waterbury),Rectory Building (Waterbury),Academic Achievement Center (University of Connecticut),,False,False,https://events.uconn.edu/academic-achievement-center/event/2373909-aac-waterbury-workshop-bouncing-back-academic,"The focus of this presentation is academic resilience. Reflect on a prior failure or struggle, learn what to do when getting feedback, and apply new strategies when getting a critique."
Bouncing Back: Academic Resilience - Workshop,Academic and research,2026-10-15 12:30,,False,False,Rectory Building (Waterbury),Rectory Building (Waterbury),UConn Waterbury (University of Connecticut),,False,False,https://events.uconn.edu/uconn-waterbury/event/2340477-bouncing-back-academic-resilience-workshop,Join us in the Academic Achievement Center for a workshop on BOUNCING BACK and how Academic Resilience leads to success.
Branching Out: The Public History of Trees,Academic and research,2026-10-15 12:30,2026-10-15 13:45,False,False,,,Humanities Institute (University of Connecticut),,True,False,https://events.uconn.edu/live/events/2336088-branching-out-the-public-history-of-trees,"As part of the Humanities Institute’s Environmental Humanities Initiative, Leah Glaser (History, Central Connecticut State) will discuss the role trees can play in public history."
Field Placement Overview Session,Academic and research,2026-10-15 12:30,2026-10-15 13:15,False,False,Thomas J. Meskill Law Library,Thomas J. Meskill Law Library,Law School (University of Connecticut),,False,False,https://events.uconn.edu/law-school/event/2440817-field-placement-overview-session,"This session will provide an overview of the field placement programs, including course requirements, finding, and securing a placement, registration, and more."
Law Review Preemption Check,Academic and research,2026-10-15 12:30,,False,False,Law Library Lab,Law Library Lab,Law Library Lab (University of Connecticut),,False,False,https://events.uconn.edu/law-library-lab/event/2363962-law-review-preemption-check,This session is for journal students writing notes or comments to drop in for preemption checks. Hosted by Anne Rajotte.
Let’s Talk with Daveon,Health and wellness,2026-10-15 13:15,2026-10-15 14:15,False,False,Student Union,Student Union,Student Health and Wellness (University of Connecticut),,False,False,https://events.uconn.edu/live/events/2304929-lets-talk-with-daveon,"The Let’s Talk: Mental Health Office Hours program provides informal, confidential consultation with therapists from SHaW. The service is free of charge and offered on a first come, first served basis. More info like other dates, time and location can be found here."
Converse with a nurse - Vaping/tobacco cessation,Health and wellness,2026-10-15 13:30,2026-10-15 14:30,False,False,UConn Stamford,UConn Stamford,Student Health and Wellness (University of Connecticut),Free,False,False,https://events.uconn.edu/student-health-and-wellness/event/2199994-converse-with-a-nurse-vapingtobacco-cessation,"Student focused event on vaping and tobacco cessation, featuring health eductaion and quit-support resources."
The Ft. Laramie Treaty of 1868 and the Theft of Native American Land,Academic and research,2026-10-15 13:45,2026-10-15 14:45,False,False,Vernon Cottage (Depot Campus),Vernon Cottage (Depot Campus),Center for Learning in Retirement (University of Connecticut),,False,False,https://events.uconn.edu/clir/event/2241736-the-ft-laramie-treaty-of-1868-and-the-theft-of,"As western expansion encroached on their traditional homelands, and conflict turned to war, the Sioux Nation signed a treaty with the United States in1868 to establish their Reservation in what eventually became South Dakota. By 1875, President Grant and Congress were intent on getting parts of the Reservation back, one way or another. They did so with “duplicity” and a “dishonorable” manner, leading to Curter’s Last Stand and a Supreme Court case 100 years later. Fred Greenburg, Docent and volunteer, Peabody Museum, Yale University CLIR is a fee-based program. Please visit clir.uconn.edu for more information."
The Ft. Laramie Treaty of 1868 and the Theft of Native American Land,Community and service,2026-10-15 13:45,2026-10-15 14:45,False,False,Vernon Cottage (Depot Campus),Vernon Cottage (Depot Campus),Extension (University of Connecticut),,False,False,https://events.uconn.edu/extension/event/2272511-the-ft-laramie-treaty-of-1868-and-the-theft-of,"As western expansion encroached on their traditional homelands, and conflict turned to war, the Sioux Nation signed a treaty with the United States in1868 to establish their Reservation in what eventually became South Dakota. By 1875, President Grant and Congress were intent on getting parts of the Reservation back, one way or another. They did so with “duplicity” and a “dishonorable” manner, leading to Curter’s Last Stand and a Supreme Court case 100 years later. Fred Greenburg, Docent and volunteer, Peabody Museum, Yale University CLIR is a fee-based program. Please visit clir.uconn.edu for more information."
"Chemistry Colloquium: Timothy Newhouse, Yale University",Academic and research,2026-10-15 14:00,,False,False,Chemistry Building,Chemistry Building,Chemistry Department (University of Connecticut),,False,False,https://events.uconn.edu/chemistry-department/event/2308252-chemistry-colloquium-timothy-newhouse-yale,"Chemistry Colloquium Timothy Newhouse, Yale University | Host: Michael Kienzler"
Considering Public Service Loan Forgiveness,Health and wellness,2026-10-15 14:00,,False,False,,,Financial Wellness Central Hub (University of Connecticut),,True,False,https://events.uconn.edu/financial-wellness-central-hub/event/2253450-considering-public-service-loan-forgiveness,"During this webinar, Emma Crawford, CFP®, discusses the requirements and qualifications for PSLF and how to begin making qualifying payments as quickly as possible after graduating from medical school. She will also touch on some important items and ideas on how to be financially successful as a student and resident. Don’t miss this informative webinar!"
Group Fitness Class – Yoga Flow,Sports and fitness,2026-10-15 14:00,2026-10-15 15:00,False,False,Student Recreation Center,Student Recreation Center,UConn Recreation (University of Connecticut),,False,False,https://events.uconn.edu/uconn-recreation/event/2460382-group-fitness-class-yoga-flow,"For the full class schedule, descriptions, and to register, please visit the UConn Recreation website."
“The Round Table” Mandarin Speaking Group for Graduate Students,Health and wellness,2026-10-15 14:00,2026-10-15 15:30,False,False,Arjona Building,Arjona Building,Student Health and Wellness (University of Connecticut),,False,False,https://events.uconn.edu/student-health-and-wellness/event/2308769-the-round-table-mandarin-speaking-group-for,"Group therapy provides clinical support to foster healing for students managing mental health concerns while supporting their academic success. Facilitated by Mental Health providers, groups are designed to promote emotional well-being and increase connection and belonging. To join any group therapy session, please call SHaW at 860-486-4700. More info about SHaW’s Group Sessions."
Group Fitness Class – Spin (45),Sports and fitness,2026-10-15 15:00,2026-10-15 15:45,False,False,Student Recreation Center,Student Recreation Center,UConn Recreation (University of Connecticut),,False,False,https://events.uconn.edu/uconn-recreation/event/2460381-group-fitness-class-spin-45,"For the full class schedule, descriptions, and to register, please visit the UConn Recreation website."
Group Fitness Class – Upper Body Sculpt (30),Sports and fitness,2026-10-15 15:15,2026-10-15 15:45,False,False,Student Recreation Center,Student Recreation Center,UConn Recreation (University of Connecticut),,False,False,https://events.uconn.edu/uconn-recreation/event/2460380-group-fitness-class-upper-body-sculpt-30,"For the full class schedule, descriptions, and to register, please visit the UConn Recreation website."
EEB Seminar: Kathy Cottingham (Dartmouth),Academic and research,2026-10-15 15:30,,False,False,Biology/Physics Building,Biology/Physics Building,Ecology and Evolutionary Biology (University of Connecticut),,False,False,https://events.uconn.edu/ecology-and-evolutionary-biology/event/2308583-eeb-seminar-kathy-cottingham-dartmouth,Title: “Organisms and their environments: case studies from cyanobacteria and ticks”
Fall 2026 Hebrew and Judaic Studies Coffee Hour,Food and dining,2026-10-15 15:30,2026-10-15 17:00,False,False,The Dodd Center for Human Rights,The Dodd Center for Human Rights,Judaic Studies (University of Connecticut),Free,False,False,https://events.uconn.edu/judaic-studies/event/2431265-fall-2026-hebrew-and-judaic-studies-coffee-hour,"Learn more about our courses and programs, enjoy refreshments while mingling with students and faculty, or just say hi! Sponsored by: UConn Center for Judaic Studies and Contemporary Jewish Life"
Mathematics colloquium by Frank Quan (UIUC),Academic and research,2026-10-15 15:30,2026-10-15 16:30,False,False,Monteith Building,Monteith Building,Mathematics Department (University of Connecticut),,False,False,https://events.uconn.edu/mathematics-department/event/2397700-mathematics-colloquium-by-frank-quan-uiuc,"Title: Automating the Insurance Analytics Pipeline: Rigorous Data Preparation, AutoML, and Domain-Adapted Language Models. Speaker: Frank Quan (UIUC) Abstract: Data science is increasingly adopted in actuarial research and insurance practice, yet its reliability depends on every stage of the workflow, from data preparation to model building to operational decisions, in a regulated, data-sensitive industry. This talk follows that pipeline through three connected contributions. We begin with data preparation, showing that conventional practices like random train-test partitioning produce unstable results on highly imbalanced insurance loss data. We propose a statistically principled alternative: support points for representative splitting, Chatterjee’s correlation coefficient for non-parametric feature screening, and integrated missing-data handling. Evaluations on simulated and benchmark datasets demonstrate improved robustness and interpretability at lower computational cost. We then embed these methods in InsurAutoML, an insurance-tailored automated machine learning framework whose data balancing, ensemble pipelines, and customized loss functions let non-expert users deploy robust models with a few lines of code. Finally, moving from prediction to decision support, we use millions of historical warranty claims to fine-tune locally deployed large language models via Low-Rank Adaptation, generating structured corrective-action recommendations from unstructured claim narratives. Domain-adaptive fine-tuning substantially outperforms general-purpose LLMs, with about 98% of cases closely matching ground truth. Together, these results point toward trustworthy, governable automation across the insurance analytics pipeline."
AAC Storrs Workshop: Academic Resilience,Academic and research,2026-10-15 16:00,,False,False,Rowe Center,Rowe Center,Academic Achievement Center (University of Connecticut),,False,False,https://events.uconn.edu/academic-achievement-center/event/2371946-aac-storrs-workshop-academic-resilience,"The focus of this presentation is academic resilience. Reflect on a prior failure or struggle, learn what to do when getting feedback, and apply new strategies when getting a critique."
"BLOOM: Black, Indigenous, and People of Color (BIPOC)",Health and wellness,2026-10-15 16:00,2026-10-15 17:30,False,False,Arjona Building,Arjona Building,Student Health and Wellness (University of Connecticut),,False,False,https://events.uconn.edu/live/events/2308783-bloom-black-indigenous-and-people-of-color-bipoc,"Group therapy provides clinical support to foster healing for students managing mental health concerns while supporting their academic success. Facilitated by Mental Health providers, groups are designed to promote emotional well-being and increase connection and belonging. To join any group therapy session, please call SHaW at 860-486-4700. More info about SHaW’s Group Sessions."
Group Fitness Class – Barre,Sports and fitness,2026-10-15 16:00,2026-10-15 17:00,False,False,Student Recreation Center,Student Recreation Center,UConn Recreation (University of Connecticut),,False,False,https://events.uconn.edu/uconn-recreation/event/2460377-group-fitness-class-barre,"For the full class schedule, descriptions, and to register, please visit the UConn Recreation website."
Group Fitness Class – Spin (45),Sports and fitness,2026-10-15 16:00,2026-10-15 16:45,False,False,Student Recreation Center,Student Recreation Center,UConn Recreation (University of Connecticut),,False,False,https://events.uconn.edu/uconn-recreation/event/2460378-group-fitness-class-spin-45,"For the full class schedule, descriptions, and to register, please visit the UConn Recreation website."
Group Fitness Class – Total Body Strength,Sports and fitness,2026-10-15 16:00,2026-10-15 17:00,False,False,Student Recreation Center,Student Recreation Center,UConn Recreation (University of Connecticut),,False,False,https://events.uconn.edu/uconn-recreation/event/2460379-group-fitness-class-total-body-strength,"For the full class schedule, descriptions, and to register, please visit the UConn Recreation website."
MBA Summer Bridge Program Virtual Information Session,Academic and research,2026-10-15 16:00,2026-10-15 17:00,False,False,,,School of Business (University of Connecticut),,True,False,https://events.uconn.edu/school-of-business/event/2283524-mba-summer-bridge-program-virtual-information-sessio,(For Undergraduates Only - All Majors Welcome) Join the MBA Admissions team to learn more about this exciting opportunity to fast track your career goals and develop your professional skillsets. Register Here.
Group Fitness Class – TRX Circuit,Sports and fitness,2026-10-15 16:15,2026-10-15 17:15,False,False,Student Recreation Center,Student Recreation Center,UConn Recreation (University of Connecticut),,False,False,https://events.uconn.edu/uconn-recreation/event/2460376-group-fitness-class-trx-circuit,"For the full class schedule, descriptions, and to register, please visit the UConn Recreation website."
Group Fitness Class – FREE Small Group Aquatic Fitness,Sports and fitness,2026-10-15 16:30,2026-10-15 17:15,False,False,Student Recreation Center,Student Recreation Center,UConn Recreation (University of Connecticut),,False,False,https://events.uconn.edu/uconn-recreation/event/2460375-group-fitness-class-free-small-group-aquatic,"For the full class schedule, descriptions, and to register, please visit the UConn Recreation website."
FYE Movie Night,Campus life,2026-10-15 17:00,2026-10-15 19:30,False,False,ITE Building,ITE Building,First Year Programs (University of Connecticut),Free,False,False,https://events.uconn.edu/fyp/event/2335743-fye-movie-night,Enjoy a film screening with your First Year Experience community!
Group Fitness Class – Dance Sculpt,Sports and fitness,2026-10-15 17:00,2026-10-15 18:00,False,False,Student Recreation Center,Student Recreation Center,UConn Recreation (University of Connecticut),,False,False,https://events.uconn.edu/uconn-recreation/event/2460373-group-fitness-class-dance-sculpt,"For the full class schedule, descriptions, and to register, please visit the UConn Recreation website."
Group Fitness Class – Spin,Sports and fitness,2026-10-15 17:00,2026-10-15 18:00,False,False,Student Recreation Center,Student Recreation Center,UConn Recreation (University of Connecticut),,False,False,https://events.uconn.edu/uconn-recreation/event/2460374-group-fitness-class-spin,"For the full class schedule, descriptions, and to register, please visit the UConn Recreation website."
"Power, Profits, and the Planet: A Dialogue on Climate Justice",Arts and exhibits,2026-10-15 17:00,2026-10-15 19:00,False,False,The Dodd Center for Human Rights,The Dodd Center for Human Rights,The Dodd Center (University of Connecticut),Free,False,False,https://events.uconn.edu/doddcenter/event/2261999-power-profits-and-the-planet-a-dialogue-on-climate-j,This dialogue invites participants to critically engage with the concept of climate justice and the uneven realities of environmental harm in today’s world.
Group Fitness Class – Core Conditioning (30),Sports and fitness,2026-10-15 17:15,2026-10-15 17:45,False,False,Student Recreation Center,Student Recreation Center,UConn Recreation (University of Connecticut),,False,False,https://events.uconn.edu/uconn-recreation/event/2460371-group-fitness-class-core-conditioning-30,"For the full class schedule, descriptions, and to register, please visit the UConn Recreation website."
Group Fitness Class – Yoga Flow,Sports and fitness,2026-10-15 17:15,2026-10-15 18:15,False,False,Student Recreation Center,Student Recreation Center,UConn Recreation (University of Connecticut),,False,False,https://events.uconn.edu/uconn-recreation/event/2460372-group-fitness-class-yoga-flow,"For the full class schedule, descriptions, and to register, please visit the UConn Recreation website."
Group Fitness Class – Stretch & Foam Roll (30),Sports and fitness,2026-10-15 17:30,2026-10-15 18:00,False,False,Student Recreation Center,Student Recreation Center,UConn Recreation (University of Connecticut),,False,False,https://events.uconn.edu/uconn-recreation/event/2460370-group-fitness-class-stretch-foam-roll-30,"For the full class schedule, descriptions, and to register, please visit the UConn Recreation website."
Group Fitness Class – 50/50,Sports and fitness,2026-10-15 18:00,2026-10-15 19:00,False,False,Student Recreation Center,Student Recreation Center,UConn Recreation (University of Connecticut),,False,False,https://events.uconn.edu/uconn-recreation/event/2460369-group-fitness-class-5050,"For the full class schedule, descriptions, and to register, please visit the UConn Recreation website."
Group Fitness Class – Power Barre,Sports and fitness,2026-10-15 18:15,2026-10-15 19:15,False,False,Student Recreation Center,Student Recreation Center,UConn Recreation (University of Connecticut),,False,False,https://events.uconn.edu/uconn-recreation/event/2460367-group-fitness-class-power-barre,"For the full class schedule, descriptions, and to register, please visit the UConn Recreation website."
Group Fitness Class – Spin,Sports and fitness,2026-10-15 18:15,2026-10-15 19:15,False,False,Student Recreation Center,Student Recreation Center,UConn Recreation (University of Connecticut),,False,False,https://events.uconn.edu/uconn-recreation/event/2460368-group-fitness-class-spin,"For the full class schedule, descriptions, and to register, please visit the UConn Recreation website."
Democracy on the Edge: Election 2026 Key Issues Forum,Academic and research,2026-10-15 18:30,2026-10-15 19:45,False,False,,,Osher Lifelong Learning Institute (OLLI) (University of Connecticut),,True,False,https://events.uconn.edu/osher-lifelong-learning-institute/event/2460499-democracy-on-the-edge-election-2026-key-issues,"OLLI at UConn will host a live online panel discussion with national and local experts examining critical issues facing the nation in the November mid-term election, including the impact of gerrymandering, unbridled fundraising, recent SCOTUS decisions, and the Connecticut races to watch."
Group Fitness Class – Gentle Yoga,Sports and fitness,2026-10-15 18:30,2026-10-15 19:30,False,False,Student Recreation Center,Student Recreation Center,UConn Recreation (University of Connecticut),,False,False,https://events.uconn.edu/uconn-recreation/event/2460366-group-fitness-class-gentle-yoga,"For the full class schedule, descriptions, and to register, please visit the UConn Recreation website."
Sexual Health Tabling,Health and wellness,2026-10-15 18:30,2026-10-15 20:30,False,False,Northwest Dining Hall,Northwest Dining Hall,Student Health and Wellness (University of Connecticut),Free,False,False,https://events.uconn.edu/student-health-and-wellness/event/2388468-sexual-health-tabling,"Have questions about sex? Need help connecting to sexual health resources? Just need someone to talk to about sex and relationships? Stop by Northwest Dining Hall to connect with a Sexpert Peer Health Educator and a non-judgmental, welcoming space to discuss all things sex!"
Group Fitness Class – ABC (45),Sports and fitness,2026-10-15 19:15,2026-10-15 20:00,False,False,Student Recreation Center,Student Recreation Center,UConn Recreation (University of Connecticut),,False,False,https://events.uconn.edu/uconn-recreation/event/2460365-group-fitness-class-abc-45,"For the full class schedule, descriptions, and to register, please visit the UConn Recreation website."
Group Fitness Class – Dance Fit (45),Sports and fitness,2026-10-15 19:30,2026-10-15 20:15,False,False,Student Recreation Center,Student Recreation Center,UConn Recreation (University of Connecticut),,False,False,https://events.uconn.edu/uconn-recreation/event/2460363-group-fitness-class-dance-fit-45,"For the full class schedule, descriptions, and to register, please visit the UConn Recreation website."
Group Fitness Class – Spin (45),Sports and fitness,2026-10-15 19:30,2026-10-15 20:15,False,False,Student Recreation Center,Student Recreation Center,UConn Recreation (University of Connecticut),,False,False,https://events.uconn.edu/uconn-recreation/event/2460364-group-fitness-class-spin-45,"For the full class schedule, descriptions, and to register, please visit the UConn Recreation website."
Self-Reflection,Music and performance,2026-10-15 19:30,,False,False,,,von der Mehden Recital Hall (University of Connecticut),15,True,False,https://events.uconn.edu/von-der-mehden-recital-hall/event/2359051-self-reflection,"Presented by the UConn Symphonic Wind Ensemble & UConn Symphonic Band: Self-Reflection begins our four-concert series by looking inward. Through works by Steven Bryant, Katahj Copley, Florence Price, and James David, the program explores identity, joy, culture, perspective, and reflection—asking how our experiences shape the ways we see ourselves, others, and the world around us."
Twelfth Night (preview),Music and performance,2026-10-15 19:30,,False,False,Nafe Katter Theatre,Nafe Katter Theatre,Connecticut Repertory Theatre (University of Connecticut),$15-43,False,False,https://events.uconn.edu/connecticut-repertory-theatre/event/2292827-twelfth-night-preview,"TWELFTH NIGHT By William Shakespeare Directed by Daniela Varon October 15 – 25, 2026 Nafe Katter Theatre “Lyrical, lovely, riotous fun” – The Standard"
CBC Workshop: Introduction to R,Academic and research,2026-10-16 00:00,,True,False,,,,,False,False,https://bioinformatics.uconn.edu/cbc-workshops/,
Dining Pink Out Day,Food and dining,2026-10-16 00:00,,True,False,,,Dining Services (University of Connecticut),,False,False,https://events.uconn.edu/dining-services/event/2303363-dining-pink-out-day,"Join us in showing support for breast cancer awareness & research. Dining staff will be wearing pink, and students are welcome to join us. More details to come as the event gets closer."
Jorgensen Gallery: “Flesh and Fable” Exhibition,Music and performance,2026-10-16 00:00,,True,False,Jorgensen Center,Jorgensen Center,Jorgensen Center for the Performing Arts (University of Connecticut),Free,False,False,https://events.uconn.edu/jorgensen-center-for-the-performing-arts/event/2406246-jorgensen-gallery-flesh-and-fable-exhibition,"Afarin Rahmanifar, M.F.A., is an Iranian American mixed-media artist, curator, educator, and Associate Professor of Painting and Drawing at Eastern Connecticut State University, where she has taught since 2013. Born in Iran and displaced after the 1979 Revolution, her work is shaped by themes of memory, exile, identity, and transformation. Using fragmented anatomical forms, Persian visual traditions, and the women of the Shahnameh, she examines how memory and cultural inheritance shape identity and belonging. Through painting, drawing, collage, textile, and mixed media, she layers and reconstructs the female body as an act of remembrance and reclamation— honoring women whose stories have been overlooked or silenced."
UConn Women’s Cross Country at Pre-Nationals,Sports and fitness,2026-10-16 00:00,,True,False,"Terre Haute, Indiana","Terre Haute, Indiana",Athletics (University of Connecticut),,False,False,https://events.uconn.edu/athletics/event/2246973-uconn-womens-cross-country-at-pre-nationals,View Women’s Cross Country’s full schedule.
Group Fitness Class – Spin,Sports and fitness,2026-10-16 08:00,2026-10-16 09:00,False,False,Student Recreation Center,Student Recreation Center,UConn Recreation (University of Connecticut),,False,False,https://events.uconn.edu/uconn-recreation/event/2460362-group-fitness-class-spin,"For the full class schedule, descriptions, and to register, please visit the UConn Recreation website."
CT LEND,Academic and research,2026-10-16 08:30,,False,False,UConn UCEDD 270 Farmington Ave Farmington Suite 181,UConn UCEDD 270 Farmington Ave Farmington Suite 181,University Center for Excellence in Developmental Disabilities (University of Connecticut),,False,False,https://events.uconn.edu/university-center-for-excellence-in-developmental-disabilities/event/2397295-ct-lend,"The University of Connecticut Leadership Education in Neurodevelopmental and related Disabilities (CT LEND) program is a one-year interdisciplinary leadership training program for persons with disabilities, family members, practicing professionals and graduate students at UConn and other Connecticut universities."
Integrity and the New Corruption,Academic and research,2026-10-16 08:30,2026-10-16 15:00,False,False,Stuart F. Smith Reading Room,Stuart F. Smith Reading Room,Law School (University of Connecticut),"<p> This event is free for students, faculty, staff and the general public.<br /> <br /> There is an $85 registration fee for attorneys seeking CT CLE credit. <strong>This symposium is eligible for 4.5 CT CLE credits.<br /> <br /> Pay for CLE credit <a href=""https://secure.touchnet.com/C21646_ustores/web/product_detail.jsp?PRODUCTID=7581"" target=""_blank"" rel=""noopener"">here</a>.<br /></strong> </p>",False,False,https://events.uconn.edu/live/events/1833399-integrity-and-the-new-corruption,Annual symposium for the Connecticut Law Review.
Voya Financial Colloquium,Academic and research,2026-10-16 08:30,2026-10-16 17:00,False,False,School of Business,School of Business,Marketing Department (University of Connecticut),,False,False,https://events.uconn.edu/marketing-department/event/2299693-voya-financial-colloquium,Name: Voya Financial Colloquium Topic: Digital Technologies and Information Design in Marketing Keynote Speakers: Anthony Dukes: University of Southern California Kelly Hewett: Colorado State University John Holden: Indiana University Francesca Valsesia: University of Washington Event by invitation only.
W Center Secondary School Conference,Academic and research,2026-10-16 08:30,2026-10-16 12:30,False,False,,,Writing Center (University of Connecticut),,False,False,https://events.uconn.edu/writing-center/event/2210733-w-center-secondary-school-conference,The Writing Center is hosting the 18th annual Secondary School Conference on Writing Centers. Panels by secondary schools and UConn Writing Center tutors and staff will be offered.
Continuing Education - https://socialwork.uconn.edu/2026/08/11/supporting-lgbtq-families-in-turbulent-times/,Academic and research,2026-10-16 09:00,2026-10-16 12:00,False,False,,,School of Social Work (University of Connecticut),,True,False,https://events.uconn.edu/school-of-social-work/event/2296209-continuing-education-,Continuing Education seminar for Social Work professionals. Participants earn Continuing Education Credits (CECs) for re-licensure.
Doctoral Dissertation Oral Defense of Samantha Glass,Academic and research,2026-10-16 09:00,2026-10-16 10:00,False,False,,,Marine Sciences Department (University of Connecticut),,True,False,https://events.uconn.edu/marine-sciences-department/event/2359031,Nonconservative nature of total alkalinity in polar sea ice formation and melt Oceanography
Doctoral Dissertation Oral Defense of Samantha Rush Glass,Academic and research,2026-10-16 09:00,2026-10-16 10:00,False,False,,,Graduate School - Theses and Dissertation Defense (University of Connecticut),,True,False,https://events.uconn.edu/graduate-school-theses-and-dissertation-defense/event/2455273-doctoral-dissertation-oral-defense-of-samantha,Nonconservative nature of total alkalinity in polar sea ice formation and melt Oceanography
PSELC: Essential Skills for Grant-Writing and Grant Management,Academic and research,2026-10-16 09:00,2026-10-16 16:00,False,False,Hartford Times Building (Hartford),Hartford Times Building (Hartford),School of Public Policy (University of Connecticut),,False,False,https://events.uconn.edu/school-of-public-policy/event/2250841-pselc-essential-skills-for-grant-writing-and-grant-m,"The success of any nonprofit or government organization is contingent on its mission, vision, governance, ability to run quality programs, & ability to raise funds. Instructor: Alyssa Goduti, President & CEO, Ädelbrook Grant Mgmt :Successful implementing and evaluation using a data-informed, outcome-focused approach Instructor: Anne McIntyre-Lahner, CEO, Action 2 Outcomes"
Group Fitness Class – DEKA/HYROX Training (45),Sports and fitness,2026-10-16 10:15,2026-10-16 11:00,False,False,Student Recreation Center,Student Recreation Center,UConn Recreation (University of Connecticut),,False,False,https://events.uconn.edu/uconn-recreation/event/2460361-group-fitness-class-dekahyrox-training-45,"For the full class schedule, descriptions, and to register, please visit the UConn Recreation website."
Let’s Talk with SHaW,Health and wellness,2026-10-16 11:00,2026-10-16 12:00,False,False,Arjona Building,Arjona Building,Student Health and Wellness (University of Connecticut),,False,False,https://events.uconn.edu/student-health-and-wellness/event/2305019-lets-talk-with-shaw,"The Let’s Talk: Mental Health Office Hours program provides informal, confidential consultation with therapists from SHaW. The service is free of charge and offered on a first come, first served basis. More info like other dates, time and location can be found here."
Making Time for Mindfulness,Health and wellness,2026-10-16 11:00,2026-10-16 12:00,False,False,Arjona Building,Arjona Building,Student Health and Wellness (University of Connecticut),Free,False,False,https://events.uconn.edu/live/events/2394016-making-time-for-mindfulness,Making Time for Mindfulness is a skill-based workshop meant to support stress reduction and overall wellbeing. Drop-in Arjona room 403 every Friday from 11am - 12pm.
Marine Sciences Seminar: Bror Jonsson,Academic and research,2026-10-16 11:00,2026-10-16 12:00,False,False,,,Marine Sciences Department (University of Connecticut),Free,True,False,https://events.uconn.edu/marine-sciences-department/event/2359007,Satellite Derived Ocean Color
Group Fitness Class – Spin & Strength,Sports and fitness,2026-10-16 11:45,2026-10-16 13:00,False,False,Student Recreation Center,Student Recreation Center,UConn Recreation (University of Connecticut),,False,False,https://events.uconn.edu/uconn-recreation/event/2460360-group-fitness-class-spin-strength,"For the full class schedule, descriptions, and to register, please visit the UConn Recreation website."
Age-Friendly University Affinity Group for Current and Retired Faculty and Staff,Academic and research,2026-10-16 12:00,2026-10-16 13:00,False,False,,,Office of Outreach & Engagement (University of Connecticut),,True,False,https://events.uconn.edu/live/events/2367741-age-friendly-university-affinity-group-for-current,"Join the Age-Friendly Affinity Group to build connections across generations and career stages, engage in lifelong learning, access mentorship, and access healthy retirement resources. Let’s have meaningful dialogue, advocacy, and supportive peer networks."
CAM Presentation: Dr. Eran Agmon,Academic and research,2026-10-16 12:00,,False,False,"CGSB, 400 Farmington Avenue","CGSB, 400 Farmington Avenue",Center for Cell Analysis and Modeling (University of Connecticut),,False,False,https://events.uconn.edu/center-for-cell-analysis-and-modeling/event/2401803-cam-presentation-dr-eran-agmon,Speaker: Dr. Eran Agmon Title: Via Webex: https://uconnhealth.webex.com/uconnhealth/j.php?MTID=mdacf393cf6a2ee5314a3b76525ea5e57
Group Fitness Class – Barre (45),Sports and fitness,2026-10-16 12:05,2026-10-16 12:50,False,False,Student Recreation Center,Student Recreation Center,UConn Recreation (University of Connecticut),,False,False,https://events.uconn.edu/uconn-recreation/event/2460358-group-fitness-class-barre-45,"For the full class schedule, descriptions, and to register, please visit the UConn Recreation website."
Group Fitness Class – TRX Circuit (45),Sports and fitness,2026-10-16 12:05,2026-10-16 12:50,False,False,Student Recreation Center,Student Recreation Center,UConn Recreation (University of Connecticut),,False,False,https://events.uconn.edu/uconn-recreation/event/2460359-group-fitness-class-trx-circuit-45,"For the full class schedule, descriptions, and to register, please visit the UConn Recreation website."
How to Write Successful Fellowship Applications,Career and jobs,2026-10-16 12:15,2026-10-16 13:30,False,False,,,Humanities Institute (University of Connecticut),,True,False,https://events.uconn.edu/humanities-institute/event/2428633-how-to-write-successful-fellowship-applications,"Daniel Hershenzon (LCL), Debapriya Sarkar (English), and Peter Zarrow (History) offer advice on writing fellowship applications."
Out to Lunch Lecture: Sherenté Mishitashin Harris,Food and dining,2026-10-16 12:15,2026-10-16 14:15,False,False,Student Union,Student Union,Rainbow Center (University of Connecticut),,False,False,https://events.uconn.edu/rainbow-center/event/2460685-out-to-lunch-lecture-sherente-mishitashin-harris,"Please join us for the Rainbow Center Out to Lunch (OTL) LGBTQ+ History Month Lecture series during the month of October 2026. Join us on October 16th as Sherenté Mishitashin Harris presents Complete the Circle: Why We Need Our Twospirits. RSVP is not required but encouraged, as we will provide food: Out to Lunch (OTL) Lecture - RSVP October 2026 – Fill out form"
PSLA Seminar Series: James Liu,Academic and research,2026-10-16 12:15,2026-10-16 13:15,False,False,,,Plant Science and Landscape Architecture (University of Connecticut),,True,False,https://events.uconn.edu/live/events/2388645-psla-seminar-series-james-liu,Host: Haiying Tao Location: YNG 132 Join Remotely: s.uconn.edu/psla_seminars
MCB Research in Progress: Heyer-Gray,Academic and research,2026-10-16 12:20,,False,False,Biology/Physics Building,Biology/Physics Building,Molecular and Cell Biology (University of Connecticut),,False,False,https://events.uconn.edu/molecular-and-cell-biology/event/2325472-mcb-research-in-progress-heyer-gray,Helena Heyer-Gray
Research in Progress (RIP) Talk: Michael Jolly Jr.,Academic and research,2026-10-16 12:20,2026-10-16 13:10,False,False,Torrey Life Sciences Building,Torrey Life Sciences Building,Physiology & Neurobiology (University of Connecticut),,False,False,https://events.uconn.edu/physiology-neurobiology/event/2430196-research-in-progress-rip-talk-michael-jolly-jr,"On Friday, October 16, 2026, Michael Jolly will be presenting his Research in Progress (RIP) Talk. Michael is a Ph.D. student in the Mulkey Lab."
Families with Addiction,Health and wellness,2026-10-16 13:00,2026-10-16 14:15,False,False,Arjona Building,Arjona Building,Student Health and Wellness (University of Connecticut),,False,False,https://events.uconn.edu/student-health-and-wellness/event/2308797-families-with-addiction,"Group therapy provides clinical support to foster healing for students managing mental health concerns while supporting their academic success. Facilitated by Mental Health providers, groups are designed to promote emotional well-being and increase connection and belonging. To join any group therapy session, please call SHaW at 860-486-4700. More info about SHaW’s Group Sessions."
UConn Field Hockey at Georgetown,Sports and fitness,2026-10-16 13:00,2026-10-16 16:00,False,False,"Washington, DC","Washington, DC",Athletics (University of Connecticut),,False,False,https://events.uconn.edu/athletics/event/2217714-uconn-field-hockey-at-georgetown-university,View UConn Field Hockey’s full schedule.
Let’s Talk with Michelle,Health and wellness,2026-10-16 13:15,2026-10-16 14:15,False,False,Center for International Students & Scholar Services (CISS),Center for International Students & Scholar Services (CISS),Student Health and Wellness (University of Connecticut),,False,False,https://events.uconn.edu/live/events/2305048-lets-talk-with-michelle,"The Let’s Talk: Mental Health Office Hours program provides informal, confidential consultation with therapists from SHaW. The service is free of charge and offered on a first come, first served basis. More info like other dates, time and location can be found here."
Music Virtual Career Panel (Arts Impact in the State of CT),Career and jobs,2026-10-16 13:25,2026-10-16 14:15,False,False,,,Center for Career Development (University of Connecticut),,True,False,https://events.uconn.edu/center-for-career-development/event/2280243-music-virtual-career-panel-arts-impact-in-the,"Learn about various careers from a panel of music alumni in Connecticut. Panelists will share their career stories, what they wish they knew as UConn students, and more. The program will also include a Q&A session. Panelists: Walker Beard - President and CEO, Orchestra Lumos Emma Bocciarelli - Associate Director, Eastern Connecticut Symphony Orchestra Samuel DeCaprio - Artistic Director and Founder, Arazzo Music Festival"
Virtual Panel: Arts Impact in the State of CT,Academic and research,2026-10-16 13:25,2026-10-16 14:15,False,False,,,School of Fine Arts (University of Connecticut),Free,True,False,https://events.uconn.edu/live/events/2459526-virtual-panel-arts-impact-in-the-state-of-ct,"Hear from UConn music alumni about real world careers, career paths, and making an impact in Connecticut’s arts community"
Fall 2026 Finite Element Circus,Academic and research,2026-10-16 13:30,2026-10-17 18:00,False,True,Lowell P. Weicker Jr. Building (Avery Point),Lowell P. Weicker Jr. Building (Avery Point),Mathematics Department (University of Connecticut),,False,False,https://events.uconn.edu/mathematics-department/event/2337094-fall-2026-finite-element-circus,"The Finite Element Circus is a regular conference devoted to the theory and applications of the finite element method, and related areas of numerical analysis and partial differential equations."
Group Fitness Class – Dance Fit,Sports and fitness,2026-10-16 14:00,2026-10-16 15:00,False,False,Student Recreation Center,Student Recreation Center,UConn Recreation (University of Connecticut),,False,False,https://events.uconn.edu/uconn-recreation/event/2460356-group-fitness-class-dance-fit,"For the full class schedule, descriptions, and to register, please visit the UConn Recreation website."
Group Fitness Class – Yoga Flow,Sports and fitness,2026-10-16 14:00,2026-10-16 15:00,False,False,Student Recreation Center,Student Recreation Center,UConn Recreation (University of Connecticut),,False,False,https://events.uconn.edu/uconn-recreation/event/2460357-group-fitness-class-yoga-flow,"For the full class schedule, descriptions, and to register, please visit the UConn Recreation website."
Logic Group WiPS: Stefan Muller,Academic and research,2026-10-16 14:00,2026-10-16 15:30,False,False,Susan V. Herbst Hall (Formerly Oak Hall),Susan V. Herbst Hall (Formerly Oak Hall),UConn Logic Group Colloquium (University of Connecticut),,False,False,https://events.uconn.edu/live/events/2418367-logic-group-wips-stefan-muller,Join us for a Logic Group Work in Progress Session by Stefan Muller!
Unbreakable: Rising from within,Health and wellness,2026-10-16 14:00,2026-10-16 15:30,False,False,Arjona Building,Arjona Building,Student Health and Wellness (University of Connecticut),,False,False,https://events.uconn.edu/student-health-and-wellness/event/2308810-unbreakable-rising-from-within,"Group therapy provides clinical support to foster healing for students managing mental health concerns while supporting their academic success. Facilitated by Mental Health providers, groups are designed to promote emotional well-being and increase connection and belonging. To join any group therapy session, please call SHaW at 860-486-4700. More info about SHaW’s Group Sessions."
East Asian Workshop Series- “Singapore: The Trapped Tiger”,Academic and research,2026-10-16 15:00,2026-10-16 16:30,False,False,,,History Department (University of Connecticut),Free,True,False,https://events.uconn.edu/history-department/event/2455841-east-asian-workshop-series-singapore-the-trapped,"East Asian Workshop Series “Singapore: The Trapped Tiger” By Professor Alexis Dudden, History, UCONN Time: Friday, October 16, 2026. 3:00 pm to 4:30 pm (Eastern Time) Online, Zoom link: https://us02web.zoom.us/j/85377317830?pwd=4XnNymLprcqrBVXycxNCeAvV1oFcTW.1 Meeting ID: 853 7731 7830 Passcode: 844947"
Group Fitness Class – Pedal & Pulse (75),Sports and fitness,2026-10-16 15:00,2026-10-16 16:15,False,False,Student Recreation Center,Student Recreation Center,UConn Recreation (University of Connecticut),,False,False,https://events.uconn.edu/uconn-recreation/event/2460355-group-fitness-class-pedal-pulse-75,"For the full class schedule, descriptions, and to register, please visit the UConn Recreation website."
Rooted in Purpose: Developing an Authentic Leadership Brand,Other,2026-10-16 15:00,2026-10-16 17:00,False,False,UConn Law,UConn Law,Women's Center (University of Connecticut),,False,False,https://events.uconn.edu/womens-center/event/2421249-rooted-in-purpose-developing-an-authentic,"You are cordially invited to a panel discussion, Rooted in Purpose: Developing an Authentic Leadership Brand hosted by the UConn Women’s Leadership Forum on Friday, October 16, 2026, from 3 – 5 p.m. at the UConn Law School in Hartford, CT."
Group Fitness Class – Total Body Strength (45),Sports and fitness,2026-10-16 15:15,2026-10-16 16:00,False,False,Student Recreation Center,Student Recreation Center,UConn Recreation (University of Connecticut),,False,False,https://events.uconn.edu/uconn-recreation/event/2460354-group-fitness-class-total-body-strength-45,"For the full class schedule, descriptions, and to register, please visit the UConn Recreation website."
28th Annual Katzenstein Distinguished Lecture,Academic and research,2026-10-16 16:00,2026-10-16 17:00,False,False,Student Union,Student Union,Physics Department (University of Connecticut),Free,False,False,https://events.uconn.edu/physics-department/event/2219755-28th-annual-katzenstein-distinguished-lecture,"10743610769 Professor Federico Capasso , Harvard University Multifunctional flat optics: translating scientific innovation into smartphone technology Speaker’s Bio Flat optical systems based on metasurfaces (arrays of subwavelength spaced nanoscale optical elements) are transforming the way light is manipulated by integrating imaging and sensing within a single ultrathin platform. This work follows the journey from fundamental advances in nanophotonics to real-world integration in smartphones"
Farm Friday at Spring Valley,Food and dining,2026-10-16 16:00,2026-10-16 18:00,False,False,"104 Spring Manor Road, Storrs, CT","104 Spring Manor Road, Storrs, CT",Dining Services (University of Connecticut),,False,False,https://events.uconn.edu/dining-services/event/2297755-farm-friday-at-spring-valley,"Have fun meeting students from all across campus while engaging in a variety of farming activities, including planting seeds, weeding, and harvesting fresh, healthy food for our UConn community. This is a great way to earn community service hours! No previous experience is necessary. Remember to dress for outdoor conditions, including warm, water-repellent footwear. Rain/weather: Farm Friday operates in all weather except thunderstorms. We host semi-indoor activities during rain. In the case of thunder, we will cancel in advance or send folks home. Transportation: The farm is located at 104 Spring Manor Road, about 4.5 from the Storrs campus. Details on RSVP’ing for a seat in the student van can be found at https://dining.uconn.edu/spring-valley-farm/volunteer-tour/"
Group Fitness Class – Spin (45),Sports and fitness,2026-10-16 16:00,2026-10-16 16:45,False,False,Student Recreation Center,Student Recreation Center,UConn Recreation (University of Connecticut),,False,False,https://events.uconn.edu/uconn-recreation/event/2460353-group-fitness-class-spin-45,"For the full class schedule, descriptions, and to register, please visit the UConn Recreation website."
All Recovery Meetings,Health and wellness,2026-10-16 17:00,2026-10-16 18:00,False,False,Cordial Storrs House,Cordial Storrs House,Student Health and Wellness (University of Connecticut),Free,False,False,https://events.uconn.edu/student-health-and-wellness/event/2368876-all-recovery-meetings,SHaW’s All Recovery Meetings are available for UConn students. The meetings are a gathering for all who struggle with substance use and/or other mental and behavioral health disorders. (no pre-registration needed - just show up)
UConn Med/Dental Golf Club - Mini Golf w/ Pizza and Ice Cream,Health and wellness,2026-10-16 18:00,2026-10-16 20:00,False,False,"1048 Farmington Ave, Farmington, CT 06032","1048 Farmington Ave, Farmington, CT 06032",UConn Health Medical Dental Student Government (University of Connecticut),,False,False,https://events.uconn.edu/uconn-health-medical-dental-student-government/event/2435789-uconn-meddental-golf-club-mini-golf-w-pizza-and,"Come practice your putting skills and try to make a hole-in-one at Farmington Mini Golf and Ice Cream Parlor on Friday, October 16th from 6-8pm. Naples Pizza will be provided. Ice cream is available for purchase at the parlor separately."
UConn Women’s Ice Hockey at Princeton,Sports and fitness,2026-10-16 18:00,2026-10-16 21:00,False,False,"Princeton, NJ","Princeton, NJ",Athletics (University of Connecticut),,False,False,https://events.uconn.edu/athletics/event/2280827-uconn-womens-ice-hockey-at-princeton,View Women’s Ice Hockey’s full schedule.
Hartford County Fair Association Meeting,Community and service,2026-10-16 19:00,2026-10-16 21:00,False,False,,,UConn 4-H (University of Connecticut),,False,False,https://events.uconn.edu/uconn-4-h/event/1632145-hartford-county-fair-association-meeting,Join us for the fair association meetings held the third Friday of each month unless otherwise specified
UConn Men’s Ice Hockey vs Colorado College,Sports and fitness,2026-10-16 19:00,2026-10-16 22:00,False,False,"Storrs, CT, Toscano Family Ice Forum","Storrs, CT, Toscano Family Ice Forum",Athletics (University of Connecticut),,False,False,https://events.uconn.edu/athletics/event/2280877-uconn-mens-ice-hockey-vs-colorado-college,View Men’s Ice Hockey’s full schedule.
UConn Men’s Soccer at Marquette,Sports and fitness,2026-10-16 19:00,2026-10-16 21:00,False,False,"Milwaukee, WI","Milwaukee, WI",Athletics (University of Connecticut),,False,False,https://events.uconn.edu/athletics/event/2217546-uconn-mens-soccer-at-marquette,View UConn Men’s Soccer’s full schedule.
UConn Women’s Volleyball at Butler,Sports and fitness,2026-10-16 19:00,2026-10-16 21:00,False,False,"Indianapolis, IN","Indianapolis, IN",Athletics (University of Connecticut),,False,False,https://events.uconn.edu/athletics/event/2217740-uconn-womens-volleyball-at-butler-university,View Women’s Volleyball’s full schedule.
A Beary Nice Late Night,Campus life,2026-10-16 20:00,2026-10-16 23:00,False,False,Student Union,Student Union,Student Activities (University of Connecticut),,False,False,https://events.uconn.edu/student-activities/event/2421790-a-beary-nice-late-night,"Come enjoy some cozy and bear themed food, crafts, and fun on 10/16 at 8pm in the Student Union with Late Night!"
Twelfth Night (opening),Music and performance,2026-10-16 20:00,,False,False,Nafe Katter Theatre,Nafe Katter Theatre,Connecticut Repertory Theatre (University of Connecticut),$15-43,False,False,https://events.uconn.edu/connecticut-repertory-theatre/event/2292829-twelfth-night-opening,"TWELFTH NIGHT By William Shakespeare Directed by Daniela Varon October 15 – 25, 2026 Nafe Katter Theatre “Lyrical, lovely, riotous fun” – The Standard"
UConn Women’s Rowing vs Head of the Charles,Sports and fitness,2026-10-17 00:00,,True,False,"Boston, MA","Boston, MA",Athletics (University of Connecticut),,False,False,https://events.uconn.edu/athletics/event/2402285-uconn-womens-rowing-vs-head-of-the-charles,View Women’s Rowing’s full schedule.
UConn Women’s Tennis at Brown Invite,Sports and fitness,2026-10-17 00:00,,True,False,"Providence, RI","Providence, RI",Athletics (University of Connecticut),,False,False,https://events.uconn.edu/athletics/event/2401633-uconn-womens-tennis-at-brown-invite,View Women’s Tennis’ full schedule.
Fall Campus Visit Day at UConn Hartford,Other,2026-10-17 09:00,2026-10-17 13:00,False,False,,,Undergraduate Admissions (University of Connecticut),,False,False,https://events.uconn.edu/live/events/2256442-fall-campus-visit-day-at-uconn-hartford,"We invite prospective students and their family members to visit campus and explore all that UConn Hartford has to offer. Throughout this open house opportunity, you will meet some of our extraordinary faculty, staff, and students who are committed to helping you reach your educational goals."
Fall Campus Visit Day at UConn Stamford,Other,2026-10-17 09:00,2026-10-17 13:00,False,False,,,Undergraduate Admissions (University of Connecticut),,False,False,https://events.uconn.edu/live/events/2256443-fall-campus-visit-day-at-uconn-stamford,"We invite prospective students and their family members to visit campus and explore all that UConn Stamford has to offer. Throughout this open house opportunity, you will meet some of our extraordinary faculty, staff, and students who are committed to helping you reach your educational goals."
The Connecticut Cup,Other,2026-10-17 09:00,2026-10-18 18:00,False,True,UConn Law,UConn Law,Pre-Law (University of Connecticut),,False,False,https://events.uconn.edu/pre-law/event/2251540-the-connecticut-cup,"This is a four-round undergraduate mock trial tournament where students participate in simulated courtroom proceedings, learning critical thinking, public speaking, and legal reasoning. This competition seeks to foster relationships between colleges and prepare teams for the spring season. Mock Trial as a whole seeks to educate on trial law, as well as how to research and develop legal strategies."
Walk with a Doc Community Walk,Health and wellness,2026-10-17 09:00,,False,False,,,UConn Health Medical Dental Student Government (University of Connecticut),,False,False,https://events.uconn.edu/uconn-health-medical-dental-student-government/event/1924875-walk-with-a-doc-community-walk,"Every third Saturday of the month, a group of UConn medical students, at least one community physician, members of the public, and usually a few dogs gather at Elizabeth Park in West Hartford for a walk that is healthy in more ways than one."
Queer Science,Academic and research,2026-10-17 10:00,2026-10-17 15:00,False,False,Engineering & Sciences Building,Engineering & Sciences Building,College of Engineering (University of Connecticut),,False,False,https://events.uconn.edu/live/events/2332108-queer-science,The UConn Vergnano Institute for Impact (VII) is excited to offer a day of STEM-related presentations and demonstrations curated by LGBTQIA+ researchers at UConn. Our mission is to help LGBTQIA+ youth and their allies see themselves as successful scientists and engineers.
Walktober: Mushrooms at Goodwin State Forest,Arts and exhibits,2026-10-17 10:00,2026-10-17 12:00,False,False,"Goodwin State Forest, 23 Potter Road Hampton, CT 06247, US","Goodwin State Forest, 23 Potter Road Hampton, CT 06247, US",Connecticut State Museum of Natural History (University of Connecticut),"<p> The event is free and open to the public, but registration is required and donations are appreciated!<br /> <br /> Limited to 25 participants and those under 18 must be accompanied by a chaperone. </p>",False,False,https://events.uconn.edu/connecticut-state-museum-of-natural-history/event/2275665-walktober-mushrooms-at-goodwin-state-forest,Join the Connecticut State Museum of Natural History and professional forager Karen Monger for an instructional foray through Goodwin State Forest covering the basics of mushroom identification.
Group Fitness Class – Barre,Sports and fitness,2026-10-17 10:15,2026-10-17 11:15,False,False,Student Recreation Center,Student Recreation Center,UConn Recreation (University of Connecticut),,False,False,https://events.uconn.edu/uconn-recreation/event/2460350-group-fitness-class-barre,"For the full class schedule, descriptions, and to register, please visit the UConn Recreation website."
Group Fitness Class – Row & Strength,Sports and fitness,2026-10-17 10:15,2026-10-17 11:15,False,False,Student Recreation Center,Student Recreation Center,UConn Recreation (University of Connecticut),,False,False,https://events.uconn.edu/uconn-recreation/event/2460351-group-fitness-class-row-strength,"For the full class schedule, descriptions, and to register, please visit the UConn Recreation website."
Group Fitness Class – Theme Ride Saturday,Sports and fitness,2026-10-17 10:15,2026-10-17 11:15,False,False,Student Recreation Center,Student Recreation Center,UConn Recreation (University of Connecticut),,False,False,https://events.uconn.edu/uconn-recreation/event/2460352-group-fitness-class-theme-ride-saturday,"For the full class schedule, descriptions, and to register, please visit the UConn Recreation website."
George Leigh Minor Plant and Soil Health Center Open House,Academic and research,2026-10-17 11:00,2026-10-17 15:00,False,False,George Leigh Minor Plant and Soil Health Center,George Leigh Minor Plant and Soil Health Center,Plant Science and Landscape Architecture (University of Connecticut),Free,False,False,https://events.uconn.edu/live/events/2278058-george-leigh-minor-plant-and-soil-health-center,"Join us for a free, family-friendly open house at UConn’s newest center! Learn more about our services and expertise in home gardening, plant diagnostics, soil and nutrient health, and turfgrass."
Group Fitness Class – 50/50,Sports and fitness,2026-10-17 11:00,2026-10-17 12:00,False,False,Student Recreation Center,Student Recreation Center,UConn Recreation (University of Connecticut),,False,False,https://events.uconn.edu/uconn-recreation/event/2460349-group-fitness-class-5050,"For the full class schedule, descriptions, and to register, please visit the UConn Recreation website."
UConn Women’s Swimming and Diving at Villanova University,Sports and fitness,2026-10-17 12:00,2026-10-17 15:00,False,False,"Villanova, PA","Villanova, PA",Athletics (University of Connecticut),,False,False,https://events.uconn.edu/athletics/event/2402258-uconn-womens-swimming-and-diving-at-villanova,View UConn Women’s Swimming & Diving’s full schedule.
Drop In Research Session,Academic and research,2026-10-17 13:00,,False,False,Law Library Lab,Law Library Lab,Law Library Lab (University of Connecticut),,False,False,https://events.uconn.edu/law-library-lab/event/2272990-drop-in-research-session,"Drop in at the Law Library Lab or join on Webex anytime during this hour to ask any and all research, Bluebook, or sourcing questions."
Sing on UConn! Low Voice Festival,Music and performance,2026-10-17 14:00,,False,False,,,von der Mehden Recital Hall (University of Connecticut),15,True,False,https://events.uconn.edu/von-der-mehden-recital-hall/event/2460083-sing-on-uconn-low-voice-festival,The Finale of our Sing On! Low Voice Festival
UConn Women’s Ice Hockey at Princeton,Sports and fitness,2026-10-17 15:00,2026-10-17 18:00,False,False,"Princeton, NJ","Princeton, NJ",Athletics (University of Connecticut),,False,False,https://events.uconn.edu/athletics/event/2280826-uconn-womens-ice-hockey-at-princeton-university,View Women’s Ice Hockey’s full schedule.
President’s Forum,Campus life,2026-10-17 17:00,,False,False,Student Union,Student Union,Fraternity and Sorority Development (University of Connecticut),,False,False,https://events.uconn.edu/fraternity-and-sorority-development/event/2219689-presidents-forum,https://greeklife.uconn.edu/expectation-deadlines/
UConn Men’s Ice Hockey vs Colorado College,Sports and fitness,2026-10-17 17:00,2026-10-17 20:00,False,False,"Storrs, CT, Toscano Family Ice Forum","Storrs, CT, Toscano Family Ice Forum",Athletics (University of Connecticut),,False,False,https://events.uconn.edu/athletics/event/2280876-uconn-mens-ice-hockey-vs-colorado-college,View Men’s Ice Hockey’s full schedule.
Tolland County 4-H Awards Night,Community and service,2026-10-17 18:00,,False,False,"24 Hyde Ave, Vernon Rockville, CT 06066-4578, United States","24 Hyde Ave, Vernon Rockville, CT 06066-4578, United States",UConn 4-H (University of Connecticut),,False,False,https://events.uconn.edu/uconn-4-h/event/2218451-tolland-county-4-h-awards-night,"Tolland County 4-H Awards Night – Join us as we celebrate the achievements, accomplishments, and successes of our 4-H members throughout the year!"
Tolland County 4-H Awards Night,Community and service,2026-10-17 18:00,2026-10-17 19:00,False,False,"24 Hyde Ave, Vernon Rockville, CT 06066-4578, United States","24 Hyde Ave, Vernon Rockville, CT 06066-4578, United States",Extension (University of Connecticut),,False,False,https://events.uconn.edu/extension/event/2272539-tolland-county-4-h-awards-night,"Tolland County 4-H Awards Night – Join us as we celebrate the achievements, accomplishments, and successes of our 4-H members throughout the year!"
UConn Women’s Volleyball at Xavier,Sports and fitness,2026-10-17 18:00,2026-10-17 20:00,False,False,"Cincinnati, OH","Cincinnati, OH",Athletics (University of Connecticut),,False,False,https://events.uconn.edu/athletics/event/2217739-uconn-womens-volleyball-at-xavier-university,View Women’s Volleyball’s full schedule.
UConn Women’s Soccer vs DePaul- SENIOR DAY,Sports and fitness,2026-10-17 18:30,2026-10-17 20:30,False,False,"Storrs, CT, Joseph J. Morrone Stadium at Rizza Performance Center","Storrs, CT, Joseph J. Morrone Stadium at Rizza Performance Center",Athletics (University of Connecticut),,False,False,https://events.uconn.edu/athletics/event/2217530-uconn-womens-soccer-vs-depaul-university,View UConn Women’s Soccer’s full schedule.
Twelfth Night,Music and performance,2026-10-17 20:00,,False,False,Nafe Katter Theatre,Nafe Katter Theatre,Connecticut Repertory Theatre (University of Connecticut),$15-43,False,False,https://events.uconn.edu/connecticut-repertory-theatre/event/2292830-twelfth-night,"TWELFTH NIGHT By William Shakespeare Directed by Daniela Varon October 15 – 25, 2026 Nafe Katter Theatre “Lyrical, lovely, riotous fun” – The Standard"
ΔΤΔ Founders’ Day,Campus life,2026-10-18 00:00,,True,False,UConn Storrs,UConn Storrs,Fraternity and Sorority Development (University of Connecticut),,False,False,https://events.uconn.edu/fraternity-and-sorority-development/event/79534--founders-day,"Delta Tau Delta (ΔΤΔ) was founded on October 18, 1858 at Bethany College in Bethany, Virginia."
Wilderness Medicine Symposium,Health and wellness,2026-10-18 08:00,2026-10-18 15:00,False,False,Winding Trails,Winding Trails,UConn Health Medical Dental Student Government (University of Connecticut),,False,False,https://events.uconn.edu/uconn-health-medical-dental-student-government/event/2399024-wilderness-medicine-symposium,"Join UConn EMIG for the Wilderness Medicine Symposium, a full day of hands on skills stations, case based scenarios, expert speakers, and a gear and resource expo at Winding Trails in Farmington. Open to all UConn medical students, all years welcome."
Mamacoke Island Hike,Academic and research,2026-10-18 09:30,2026-10-18 11:30,False,False,"Meet at 56 Benham Ave., Quaker Hill","Meet at 56 Benham Ave., Quaker Hill",SeaGrant (University of Connecticut),25,False,False,https://events.uconn.edu/seagrant/event/2459673-mamacoke-island-hike,"Hosted by CT Sea Grant, led by Connecticut College Arboretum Director Maggie Redfern, this is a two-mile hike to a salt marsh and rocky woodland on the Thames River. Part of the Thames River Heritage Park’s “Walk in the Park” series."
Group Fitness Class – Spin,Sports and fitness,2026-10-18 11:00,2026-10-18 12:00,False,False,Student Recreation Center,Student Recreation Center,UConn Recreation (University of Connecticut),,False,False,https://events.uconn.edu/uconn-recreation/event/2460347-group-fitness-class-spin,"For the full class schedule, descriptions, and to register, please visit the UConn Recreation website."
Group Fitness Class – Yoga Flow,Sports and fitness,2026-10-18 11:00,2026-10-18 12:00,False,False,Student Recreation Center,Student Recreation Center,UConn Recreation (University of Connecticut),,False,False,https://events.uconn.edu/uconn-recreation/event/2460348-group-fitness-class-yoga-flow,"For the full class schedule, descriptions, and to register, please visit the UConn Recreation website."
Panhellenic New Member Brunch,Campus life,2026-10-18 12:30,2026-10-18 14:30,False,False,Student Union,Student Union,Fraternity and Sorority Development (University of Connecticut),,False,False,https://events.uconn.edu/fraternity-and-sorority-development/event/2421776-panhellenic-new-member-brunch,"A chance for new members from all Panhellenic sorority chapters to meet each other and learn more about getting involved in the Panhellenic community. Stop by, grab some bagels, do some crafts, and make new friends!"
Hocus Pocus Live!!! An All-New Parody Musical,Music and performance,2026-10-18 13:00,2026-10-18 15:00,False,False,Jorgensen Center,Jorgensen Center,Jorgensen Center for the Performing Arts (University of Connecticut),,False,False,https://events.uconn.edu/jorgensen-center-for-the-performing-arts/event/2193443-hocus-pocus-live-an-all-new-parody-musical,"Tickets on Sale Tue, May 19 at 1 pm"
UConn Beef Cattle Sale,Academic and research,2026-10-18 13:00,,False,False,Cattle Resource Unit,Cattle Resource Unit,Animal Science Department (University of Connecticut),,False,False,https://events.uconn.edu/animal-science-department/event/2389202-uconn-beef-cattle-sale,In-Person Bidding Only
Encounters: A Lesson from Aloes Dialogue,Arts and exhibits,2026-10-18 14:00,2026-10-18 16:00,False,False,Goodwin Theater (Austin Arts Center),Goodwin Theater (Austin Arts Center),The Dodd Center (University of Connecticut),Free,False,False,https://events.uconn.edu/doddcenter/event/2398284-encounters-a-lesson-from-aloes-dialogue,"What happens to friendship, trust, and solidarity when living under repression changes what it means to feel safe?"
TLGV Walktober Event: Highlights from a Decade of Gifts,Arts and exhibits,2026-10-18 14:00,2026-10-18 15:00,False,False,The Benton Museum of Art,The Benton Museum of Art,The Benton (University of Connecticut),,False,False,https://events.uconn.edu/benton/event/2250961-tlgv-walktober-event-highlights-from-a-decade-of-gif,Celebrate The Last Green Valley’s Walktober with a focus tour of the exhibition With Gratitude: Highlights from a Decade of Gifts.
UConn Field Hockey at Cornell,Sports and fitness,2026-10-18 14:00,2026-10-18 17:00,False,False,"Ithaca, NY","Ithaca, NY",Athletics (University of Connecticut),,False,False,https://events.uconn.edu/athletics/event/2217713-uconn-field-hockey-at-cornell-university,View UConn Field Hockey’s full schedule.
Group Fitness Class – Human Reformer Pilates,Sports and fitness,2026-10-18 15:00,2026-10-18 16:00,False,False,Student Recreation Center,Student Recreation Center,UConn Recreation (University of Connecticut),,False,False,https://events.uconn.edu/uconn-recreation/event/2460345-group-fitness-class-human-reformer-pilates,"For the full class schedule, descriptions, and to register, please visit the UConn Recreation website."
Group Fitness Class – Spin (45),Sports and fitness,2026-10-18 15:00,2026-10-18 15:45,False,False,Student Recreation Center,Student Recreation Center,UConn Recreation (University of Connecticut),,False,False,https://events.uconn.edu/uconn-recreation/event/2460346-group-fitness-class-spin-45,"For the full class schedule, descriptions, and to register, please visit the UConn Recreation website."
Group Fitness Class – ABC (45),Sports and fitness,2026-10-18 16:00,2026-10-18 16:45,False,False,Student Recreation Center,Student Recreation Center,UConn Recreation (University of Connecticut),,False,False,https://events.uconn.edu/uconn-recreation/event/2460342-group-fitness-class-abc-45,"For the full class schedule, descriptions, and to register, please visit the UConn Recreation website."
Group Fitness Class – Dance Fit (45),Sports and fitness,2026-10-18 16:00,2026-10-18 16:45,False,False,Student Recreation Center,Student Recreation Center,UConn Recreation (University of Connecticut),,False,False,https://events.uconn.edu/uconn-recreation/event/2460343-group-fitness-class-dance-fit-45,"For the full class schedule, descriptions, and to register, please visit the UConn Recreation website."
Group Fitness Class – Spin (45),Sports and fitness,2026-10-18 16:00,2026-10-18 16:45,False,False,Student Recreation Center,Student Recreation Center,UConn Recreation (University of Connecticut),,False,False,https://events.uconn.edu/uconn-recreation/event/2460344-group-fitness-class-spin-45,"For the full class schedule, descriptions, and to register, please visit the UConn Recreation website."
Hocus Pocus Live!!! An All-New Parody Musical,Music and performance,2026-10-18 16:00,2026-10-18 18:00,False,False,Jorgensen Center,Jorgensen Center,Jorgensen Center for the Performing Arts (University of Connecticut),25-$35,False,False,https://events.uconn.edu/jorgensen-center-for-the-performing-arts/event/2193445-hocus-pocus-live-an-all-new-parody-musical,"Tickets on Sale Tue, May 19 at 1 pm"
Group Fitness Class – 50/50,Sports and fitness,2026-10-19 07:00,2026-10-19 08:00,False,False,Student Recreation Center,Student Recreation Center,UConn Recreation (University of Connecticut),,False,False,https://events.uconn.edu/uconn-recreation/event/2460341-group-fitness-class-5050,"For the full class schedule, descriptions, and to register, please visit the UConn Recreation website."
Group Fitness Class – Spin,Sports and fitness,2026-10-19 08:00,2026-10-19 09:00,False,False,Student Recreation Center,Student Recreation Center,UConn Recreation (University of Connecticut),,False,False,https://events.uconn.edu/uconn-recreation/event/2460340-group-fitness-class-spin,"For the full class schedule, descriptions, and to register, please visit the UConn Recreation website."
Group Fitness Class – Barre,Sports and fitness,2026-10-19 09:00,2026-10-19 10:00,False,False,Student Recreation Center,Student Recreation Center,UConn Recreation (University of Connecticut),,False,False,https://events.uconn.edu/uconn-recreation/event/2460339-group-fitness-class-barre,"For the full class schedule, descriptions, and to register, please visit the UConn Recreation website."
Sexpert Peer Health Educator Drop In Hours,Health and wellness,2026-10-19 09:00,2026-10-19 14:30,False,False,Wilson Hall South Building,Wilson Hall South Building,Student Health and Wellness (University of Connecticut),Free,False,False,https://events.uconn.edu/student-health-and-wellness/event/2388328-sexpert-peer-health-educator-drop-in-hours,"Have questions about sex? Need help connecting to sexual health resources? Just need someone to talk to about sex and relationships? Stop by Wilson Hall, South Campus, room 106 to connect with a Sexpert Peer Health Educator and a non-judgmental, welcoming space to discuss all things sex! For more information and to see our Fall 2026 hours, visit: studenthealth.uconn.edu/sexperts"
Gathering & Using Teaching Feedback,Academic and research,2026-10-19 10:00,,False,False,,,Center for Excellence in Teaching and Learning (CETL) (University of Connecticut),,True,False,https://events.uconn.edu/center-for-excellence-in-teaching-and-learning/event/2421779-gathering-using-teaching-feedback,"Effective teaching is an ongoing process of reflection and adaptation. This workshop explores why gathering and thoughtfully using feedback is essential to improve one’s courses, labs, workshops, and consultations. Participants will consider how feedback from students, peers, and their own self-reflection can show what is working, identify opportunities for improvement, and inform meaningful instructional changes. Register - https://fins.uconn.edu/secure_inst/workshops/workshop_view.php?ser=4023"
Let’s Talk with Amy at Student Activities,Health and wellness,2026-10-19 10:30,2026-10-19 11:45,False,False,Student Union,Student Union,Student Health and Wellness (University of Connecticut),,False,False,https://events.uconn.edu/student-health-and-wellness/event/2304826-lets-talk-with-amy-at-student-activities,"The Let’s Talk: Mental Health Office Hours program provides informal, confidential consultation with therapists from SHaW. The service is free of charge and offered on a first come, first served basis. More info like other dates, time and location can be found here."
Group Fitness Class – Spin (45),Sports and fitness,2026-10-19 11:45,2026-10-19 12:30,False,False,Student Recreation Center,Student Recreation Center,UConn Recreation (University of Connecticut),,False,False,https://events.uconn.edu/uconn-recreation/event/2460338-group-fitness-class-spin-45,"For the full class schedule, descriptions, and to register, please visit the UConn Recreation website."
Molecular Biology and Biochemistry Work in Progress Talk: Betty Abebe (Dr. Steven Chou’s Lab),Academic and research,2026-10-19 12:00,2026-10-19 13:00,False,False,Room E2036 and Webex,Room E2036 and Webex,UConn Health Molecular Biology and Biophysics (University of Connecticut),,False,False,https://events.uconn.edu/live/events/2280836-molecular-biology-and-biochemistry-work-in,Title: TBA
